school_name,division,conference,city,state,player_name,position,year,graduation_year
California State University - Long Beach,NCAA Division I,Big West Conference,Long Beach,California,Jackson Cryst,MB,Freshman,2029
California State University - Long Beach,NCAA Division I,Big West Conference,Long Beach,California,Myles Jordan,OH,Freshman,2029
California State University - Long Beach,NCAA Division I,Big West Conference,Long Beach,California,Skyler Varga,OH,Senior,2026
California State University - Long Beach,NCAA Division I,Big West Conference,Long Beach,California,Isaiah Preuitt,MB,Sophomore,2028
California State University - Long Beach,NCAA Division I,Big West Conference,Long Beach,California,Ben Braun,MB,Senior,2026
California State University - Long Beach,NCAA Division I,Big West Conference,Long Beach,California,Jette Estes,OH,Redshirt Freshman,2029
California State University - Long Beach,NCAA Division I,Big West Conference,Long Beach,California,Connor Bloom,OH/OPP,Senior,2026
California State University - Long Beach,NCAA Division I,Big West Conference,Long Beach,California,Kellen Larson,L,Sophomore,2028
California State University - Long Beach,NCAA Division I,Big West Conference,Long Beach,California,Alex Kandev,OH,Sophomore,2028
California State University - Long Beach,NCAA Division I,Big West Conference,Long Beach,California,Island Doty,S,Senior,2026
California State University - Long Beach,NCAA Division I,Big West Conference,Long Beach,California,Dane Hillis,OH,Senior,2026
California State University - Long Beach,NCAA Division I,Big West Conference,Long Beach,California,Braedon Marquardt,MB,Sophomore,2028
California State University - Long Beach,NCAA Division I,Big West Conference,Long Beach,California,Ryan Peluso,OPP/S,Junior,2027
California State University - Long Beach,NCAA Division I,Big West Conference,Long Beach,California,Jake Pazanti,S,Redshirt Freshman,2029
California State University - Long Beach,NCAA Division I,Big West Conference,Long Beach,California,Daniil Hershtynovich,OPP,Junior,2027
California State University - Long Beach,NCAA Division I,Big West Conference,Long Beach,California,Nate Baddeley,OH,Sophomore,2028
California State University - Long Beach,NCAA Division I,Big West Conference,Long Beach,California,Wojciech Gajek,OPP,Freshman,2029
California State University - Northridge,NCAA Division I,Big West Conference,Northridge,California,Stilian Delibosov,MB,Sophomore,2028
California State University - Northridge,NCAA Division I,Big West Conference,Northridge,California,Jordan Lucas,OH,Redshirt Junior,2027
California State University - Northridge,NCAA Division I,Big West Conference,Northridge,California,Benjamin Cohen,L,Redshirt Sophomore,2028
California State University - Northridge,NCAA Division I,Big West Conference,Northridge,California,Malcolm King,MB,Redshirt Junior,2027
California State University - Northridge,NCAA Division I,Big West Conference,Northridge,California,Joao Avila,OH,Sophomore,2028
California State University - Northridge,NCAA Division I,Big West Conference,Northridge,California,Hank Kaufman,OH,Redshirt Sophomore,2028
California State University - Northridge,NCAA Division I,Big West Conference,Northridge,California,Logan Spencer,S,Redshirt Freshman,2029
California State University - Northridge,NCAA Division I,Big West Conference,Northridge,California,Chris Karnezis,L,Redshirt Junior,2027
California State University - Northridge,NCAA Division I,Big West Conference,Northridge,California,Shane Nhem,MB,Senior,2026
California State University - Northridge,NCAA Division I,Big West Conference,Northridge,California,Owen Douphner,S,Redshirt Sophomore,2028
California State University - Northridge,NCAA Division I,Big West Conference,Northridge,California,Kingston Jerome,S,Freshman,2029
California State University - Northridge,NCAA Division I,Big West Conference,Northridge,California,Boaz Serson,OH,Sophomore,2028
California State University - Northridge,NCAA Division I,Big West Conference,Northridge,California,Santiago Mendoza,OH,Redshirt Junior,2027
California State University - Northridge,NCAA Division I,Big West Conference,Northridge,California,Niall Finnegan,MB,Redshirt Junior,2027
California State University - Northridge,NCAA Division I,Big West Conference,Northridge,California,Nir Eitan,MB,Junior,2027
California State University - Northridge,NCAA Division I,Big West Conference,Northridge,California,Joel Eanes,OPP,Freshman,2029
California State University - Northridge,NCAA Division I,Big West Conference,Northridge,California,Jalen Phillips,OPP,Redshirt Junior,2027
California State University - Northridge,NCAA Division I,Big West Conference,Northridge,California,Joao Favarim,MB,Sophomore,2028
California State University - Northridge,NCAA Division I,Big West Conference,Northridge,California,Noah Douphner,OH,Freshman,2029
California State University - Northridge,NCAA Division I,Big West Conference,Northridge,California,Braden Pool-Harris,L,Sophomore,2028
California State University - Northridge,NCAA Division I,Big West Conference,Northridge,California,Grayson Albers,OH,Redshirt Freshman,2029
Pepperdine University,NCAA Division I,Mountain Pacific Sports Federation,Malibu,California,Jayden Bargiel,MB,Redshirt Freshman,2029
Pepperdine University,NCAA Division I,Mountain Pacific Sports Federation,Malibu,California,Zach Chapin,L,Redshirt Freshman,2029
Pepperdine University,NCAA Division I,Mountain Pacific Sports Federation,Malibu,California,Ephraim Abhulime,MB,Sophomore,2028
Pepperdine University,NCAA Division I,Mountain Pacific Sports Federation,Malibu,California,Noe Matthey,MB,Freshman,2029
Pepperdine University,NCAA Division I,Mountain Pacific Sports Federation,Malibu,California,Andrej Polomac,S,Junior,2027
Pepperdine University,NCAA Division I,Mountain Pacific Sports Federation,Malibu,California,Jacob Reilly,L,Senior,2026
Pepperdine University,NCAA Division I,Mountain Pacific Sports Federation,Malibu,California,Daniel DeVine,OPP,Freshman,2029
Pepperdine University,NCAA Division I,Mountain Pacific Sports Federation,Malibu,California,Jensen Pascua,S,Redshirt Freshman,2029
Pepperdine University,NCAA Division I,Mountain Pacific Sports Federation,Malibu,California,Grant Lamoureux,OH,Redshirt Freshman,2029
Pepperdine University,NCAA Division I,Mountain Pacific Sports Federation,Malibu,California,Cole Hartke,OH/OPP,Sophomore,2028
Pepperdine University,NCAA Division I,Mountain Pacific Sports Federation,Malibu,California,Ryan Graves,S,Junior,2027
Pepperdine University,NCAA Division I,Mountain Pacific Sports Federation,Malibu,California,Ethan Watson,MB,Redshirt Junior,2027
Pepperdine University,NCAA Division I,Mountain Pacific Sports Federation,Malibu,California,Dylan Gallagher,MB,Freshman,2029
Pepperdine University,NCAA Division I,Mountain Pacific Sports Federation,Malibu,California,Ryan Barnett,OH,Redshirt Senior,2026
Pepperdine University,NCAA Division I,Mountain Pacific Sports Federation,Malibu,California,Aidan Tune,OH,Redshirt Junior,2027
Pepperdine University,NCAA Division I,Mountain Pacific Sports Federation,Malibu,California,Vincent Coello,OH/OPP,Redshirt Freshman,2029
Pepperdine University,NCAA Division I,Mountain Pacific Sports Federation,Malibu,California,Jose Gomez,OH,Redshirt Freshman,2029
Pepperdine University,NCAA Division I,Mountain Pacific Sports Federation,Malibu,California,William Whidden,MB,Sophomore,2028
Pepperdine University,NCAA Division I,Mountain Pacific Sports Federation,Malibu,California,Matt Mazur,OPP,Redshirt Sophomore,2028
Pepperdine University,NCAA Division I,Mountain Pacific Sports Federation,Malibu,California,Tyler Alden,OH,Redshirt Freshman,2029
Pepperdine University,NCAA Division I,Mountain Pacific Sports Federation,Malibu,California,James Eadie,MB,Redshirt Junior,2027
Pepperdine University,NCAA Division I,Mountain Pacific Sports Federation,Malibu,California,Ford Harman,OH/L,Redshirt Freshman,2029
Stanford University,NCAA Division I,Mountain Pacific Sports Federation,Stanford,California,Evan Porter,L,Sophomore,2028
Stanford University,NCAA Division I,Mountain Pacific Sports Federation,Stanford,California,Carson Kneisl,OH,Junior,2027
Stanford University,NCAA Division I,Mountain Pacific Sports Federation,Stanford,California,Jack Loper,OH,Freshman,2029
Stanford University,NCAA Division I,Mountain Pacific Sports Federation,Stanford,California,Jacob Little-Phillips,S,Freshman,2029
Stanford University,NCAA Division I,Mountain Pacific Sports Federation,Stanford,California,Alex Rottman,OH,Redshirt Junior,2027
Stanford University,NCAA Division I,Mountain Pacific Sports Federation,Stanford,California,Theo Snoey,OH,Senior,2026
Stanford University,NCAA Division I,Mountain Pacific Sports Federation,Stanford,California,Erik Ask,OH,Freshman,2029
Stanford University,NCAA Division I,Mountain Pacific Sports Federation,Stanford,California,Ryan DuRoss,OH,Senior,2026
Stanford University,NCAA Division I,Mountain Pacific Sports Federation,Stanford,California,Moses Wagner,OPP,Senior,2026
Stanford University,NCAA Division I,Mountain Pacific Sports Federation,Stanford,California,Reed Wainwright,MB,Sophomore,2028
Stanford University,NCAA Division I,Mountain Pacific Sports Federation,Stanford,California,Gray Mandelbaum,MB,Junior,2027
Stanford University,NCAA Division I,Mountain Pacific Sports Federation,Stanford,California,Ryan Gant,S,Sophomore,2028
Stanford University,NCAA Division I,Mountain Pacific Sports Federation,Stanford,California,David Wolff,OH,Sophomore,2028
Stanford University,NCAA Division I,Mountain Pacific Sports Federation,Stanford,California,Luke Morrison,OPP,Freshman,2029
Stanford University,NCAA Division I,Mountain Pacific Sports Federation,Stanford,California,Kaumana Carreira,MB,Sophomore,2028
Stanford University,NCAA Division I,Mountain Pacific Sports Federation,Stanford,California,Luke McFall,MB,Redshirt Junior,2027
Stanford University,NCAA Division I,Mountain Pacific Sports Federation,Stanford,California,Theoren Brouillette,S,Senior,2026
Stanford University,NCAA Division I,Mountain Pacific Sports Federation,Stanford,California,Kai Schmitt,L,Sophomore,2028
Stanford University,NCAA Division I,Mountain Pacific Sports Federation,Stanford,California,Nate Clinton,OH,Junior,2027
University of California - Irvine,NCAA Division I,Big West Conference,Irvine,California,Shane Aitken,L,Redshirt Sophomore,2028
University of California - Irvine,NCAA Division I,Big West Conference,Irvine,California,Micah Tumas,S,Redshirt Freshman,2029
University of California - Irvine,NCAA Division I,Big West Conference,Irvine,California,Aidan Rigg,S,Redshirt Sophomore,2028
University of California - Irvine,NCAA Division I,Big West Conference,Irvine,California,Andon Kiriakou,OPP,Junior,2027
University of California - Irvine,NCAA Division I,Big West Conference,Irvine,California,William D'Arcy,RS,Senior,2026
University of California - Irvine,NCAA Division I,Big West Conference,Irvine,California,Tim Ennis,OH,Sophomore,2028
University of California - Irvine,NCAA Division I,Big West Conference,Irvine,California,Micah Goss,MB,Sophomore,2028
University of California - Irvine,NCAA Division I,Big West Conference,Irvine,California,Lukas Winn,MB,Sophomore,2028
University of California - Irvine,NCAA Division I,Big West Conference,Irvine,California,Andrej Jokanovic,OH,Freshman,2029
University of California - Irvine,NCAA Division I,Big West Conference,Irvine,California,Nicolas Restrepo,MB,Redshirt Sophomore,2028
University of California - Irvine,NCAA Division I,Big West Conference,Irvine,California,Kobe Brown,MB,Redshirt Sophomore,2028
University of California - Irvine,NCAA Division I,Big West Conference,Irvine,California,Trevor Clark,OH/OPP,Junior,2027
University of California - Irvine,NCAA Division I,Big West Conference,Irvine,California,Beck Weber,MB,Redshirt Junior,2027
University of California - Irvine,NCAA Division I,Big West Conference,Irvine,California,Cameron Kosty,S/OPP,Redshirt Freshman,2029
University of California - Irvine,NCAA Division I,Big West Conference,Irvine,California,Aidan Cuppett,OH,Sophomore,2028
University of California - Irvine,NCAA Division I,Big West Conference,Irvine,California,Alec Apelian,MB,Sophomore,2028
University of California - Irvine,NCAA Division I,Big West Conference,Irvine,California,Andreas Brinck,N/A,Freshman,2029
University of California - Irvine,NCAA Division I,Big West Conference,Irvine,California,Aidan Schulten,S,Redshirt Junior,2027
University of California - Los Angeles - UCLA,NCAA Division I,Mountain Pacific Sports Federation,Los Angeles,California,Cameron Thorne,MB,Senior,2026
University of California - Los Angeles - UCLA,NCAA Division I,Mountain Pacific Sports Federation,Los Angeles,California,Jaidin Russell,Opp,Junior,2027
University of California - Los Angeles - UCLA,NCAA Division I,Mountain Pacific Sports Federation,Los Angeles,California,Luca Curci,OH,Junior,2027
University of California - Los Angeles - UCLA,NCAA Division I,Mountain Pacific Sports Federation,Los Angeles,California,Brogan Glenn,L,Freshman,2029
University of California - Los Angeles - UCLA,NCAA Division I,Mountain Pacific Sports Federation,Los Angeles,California,Caleb Sapp,Opp,Sophomore,2028
University of California - Los Angeles - UCLA,NCAA Division I,Mountain Pacific Sports Federation,Los Angeles,California,Spencer Graves,MB,Junior,2027
University of California - Los Angeles - UCLA,NCAA Division I,Mountain Pacific Sports Federation,Los Angeles,California,Andrew Rowan,S,Senior,2026
University of California - Los Angeles - UCLA,NCAA Division I,Mountain Pacific Sports Federation,Los Angeles,California,Micah Wong Diallo,MB,Junior,2027
University of California - Los Angeles - UCLA,NCAA Division I,Mountain Pacific Sports Federation,Los Angeles,California,Trent Taliaferro,S,Sophomore,2028
University of California - Los Angeles - UCLA,NCAA Division I,Mountain Pacific Sports Federation,Los Angeles,California,Filippos Chrysostomou,OH,Freshman,2029
University of California - Los Angeles - UCLA,NCAA Division I,Mountain Pacific Sports Federation,Los Angeles,California,Sean Kelly,OH,Sophomore,2028
University of California - Los Angeles - UCLA,NCAA Division I,Mountain Pacific Sports Federation,Los Angeles,California,Matthew Thornton,L,Junior,2027
University of California - Los Angeles - UCLA,NCAA Division I,Mountain Pacific Sports Federation,Los Angeles,California,Christopher Hersh,MB,Redshirt Junior,2027
University of California - Los Angeles - UCLA,NCAA Division I,Mountain Pacific Sports Federation,Los Angeles,California,David Decker,Opp,Redshirt Junior,2027
University of California - Los Angeles - UCLA,NCAA Division I,Mountain Pacific Sports Federation,Los Angeles,California,Grayson Bradford,Opp,Freshman,2029
University of California - Los Angeles - UCLA,NCAA Division I,Mountain Pacific Sports Federation,Los Angeles,California,Zach Rama,OH,Senior,2026
University of California - Los Angeles - UCLA,NCAA Division I,Mountain Pacific Sports Federation,Los Angeles,California,Rafael Urbina,S,Freshman,2029
University of California - Los Angeles - UCLA,NCAA Division I,Mountain Pacific Sports Federation,Los Angeles,California,Marek Turner,OH,Freshman,2029
University of California - Los Angeles - UCLA,NCAA Division I,Mountain Pacific Sports Federation,Los Angeles,California,Christopher Connelly,L,Redshirt Junior,2027
University of California - San Diego,NCAA Division I,Big West Conference,La Jolla,California,Luke Chandler,OPP,Redshirt Senior,2026
University of California - San Diego,NCAA Division I,Big West Conference,La Jolla,California,Cameron Wurl,S,Redshirt Junior,2027
University of California - San Diego,NCAA Division I,Big West Conference,La Jolla,California,Tyler Stewart,S,Sophomore,2028
University of California - San Diego,NCAA Division I,Big West Conference,La Jolla,California,Evan Boyle,L,Redshirt Junior,2027
University of California - San Diego,NCAA Division I,Big West Conference,La Jolla,California,Leo Pravednikov,OH,Redshirt Junior,2027
University of California - San Diego,NCAA Division I,Big West Conference,La Jolla,California,Ethan Hornyak,MB,Junior,2027
University of California - San Diego,NCAA Division I,Big West Conference,La Jolla,California,Aidan Powell,OH,Redshirt Sophomore,2028
University of California - San Diego,NCAA Division I,Big West Conference,La Jolla,California,Leo Wiemelt,MB,Junior,2027
University of California - San Diego,NCAA Division I,Big West Conference,La Jolla,California,John Luers,S,Redshirt Senior,2026
University of California - San Diego,NCAA Division I,Big West Conference,La Jolla,California,Josh Ewert,OH,Redshirt Junior,2027
University of California - San Diego,NCAA Division I,Big West Conference,La Jolla,California,Kieran Dumain,OH,Freshman,2029
University of California - San Diego,NCAA Division I,Big West Conference,La Jolla,California,Jim Garrison,MB,Redshirt Senior,2026
University of California - San Diego,NCAA Division I,Big West Conference,La Jolla,California,Will Bartelt,OH,Freshman,2029
University of California - San Diego,NCAA Division I,Big West Conference,La Jolla,California,Michael Robertson,OPP,Redshirt Junior,2027
University of California - San Diego,NCAA Division I,Big West Conference,La Jolla,California,Keegan Cook,L,Redshirt Sophomore,2028
University of California - San Diego,NCAA Division I,Big West Conference,La Jolla,California,Sebastiano Sani,OH,Junior,2027
University of California - San Diego,NCAA Division I,Big West Conference,La Jolla,California,Ben Warren,MB,Redshirt Freshman,2029
University of California - San Diego,NCAA Division I,Big West Conference,La Jolla,California,Peter Selcho,MB,Redshirt Senior,2026
University of California - Santa Barbara,NCAA Division I,Big West Conference,Santa Barbara,California,Joe Wallace,L/DS,Junior,2027
University of California - Santa Barbara,NCAA Division I,Big West Conference,Santa Barbara,California,Josh Aruya,MB,Junior,2027
University of California - Santa Barbara,NCAA Division I,Big West Conference,Santa Barbara,California,Emmett Martin,OH,Redshirt Freshman,2029
University of California - Santa Barbara,NCAA Division I,Big West Conference,Santa Barbara,California,George Bruening,OH,Redshirt Sophomore,2028
University of California - Santa Barbara,NCAA Division I,Big West Conference,Santa Barbara,California,Jason Walmer,S/L,Redshirt Sophomore,2028
University of California - Santa Barbara,NCAA Division I,Big West Conference,Santa Barbara,California,William Lawler,S,Junior,2027
University of California - Santa Barbara,NCAA Division I,Big West Conference,Santa Barbara,California,Julien Pally,OH,Freshman,2029
University of California - Santa Barbara,NCAA Division I,Big West Conference,Santa Barbara,California,Ryan Pilkvist,MB,Freshman,2029
University of California - Santa Barbara,NCAA Division I,Big West Conference,Santa Barbara,California,Ethan Saint,OH,Sophomore,2028
University of California - Santa Barbara,NCAA Division I,Big West Conference,Santa Barbara,California,Dylan Pilkvist,MB,Freshman,2029
University of California - Santa Barbara,NCAA Division I,Big West Conference,Santa Barbara,California,Mikey Denver,MB,Redshirt Freshman,2029
University of California - Santa Barbara,NCAA Division I,Big West Conference,Santa Barbara,California,Marcelo Molina-Aced,OH,Freshman,2029
University of California - Santa Barbara,NCAA Division I,Big West Conference,Santa Barbara,California,Cole Schobel,S,Junior,2027
University of California - Santa Barbara,NCAA Division I,Big West Conference,Santa Barbara,California,William Dryden,OPP,Freshman,2029
University of California - Santa Barbara,NCAA Division I,Big West Conference,Santa Barbara,California,Raglan Kear,OH,Redshirt Freshman,2029
University of California - Santa Barbara,NCAA Division I,Big West Conference,Santa Barbara,California,Andreas Schuetz,OH/OPP,Senior,2026
University of California - Santa Barbara,NCAA Division I,Big West Conference,Santa Barbara,California,Ashton Saint,OH/L,Redshirt Sophomore,2028
University of California - Santa Barbara,NCAA Division I,Big West Conference,Santa Barbara,California,Ben Pearson,OH,Redshirt Junior,2027
University of California - Santa Barbara,NCAA Division I,Big West Conference,Santa Barbara,California,Owen Loncar,OH,Senior,2026
University of Southern California,NCAA Division I,Mountain Pacific Sports Federation,Los Angeles,California,Dillon Klein,OH,Senior,2026
University of Southern California,NCAA Division I,Mountain Pacific Sports Federation,Los Angeles,California,Noah Roberts,OPP,Redshirt Junior,2027
University of Southern California,NCAA Division I,Mountain Pacific Sports Federation,Los Angeles,California,Brad Pan,L,Junior,2027
University of Southern California,NCAA Division I,Mountain Pacific Sports Federation,Los Angeles,California,Ryan Sprague,S,Senior,2026
University of Southern California,NCAA Division I,Mountain Pacific Sports Federation,Los Angeles,California,Parker Tomkinson,MB,Sophomore,2028
University of Southern California,NCAA Division I,Mountain Pacific Sports Federation,Los Angeles,California,Caleb Blanchette,S,Junior,2027
University of Southern California,NCAA Division I,Mountain Pacific Sports Federation,Los Angeles,California,Johnny Dykstra,L,Sophomore,2028
University of Southern California,NCAA Division I,Mountain Pacific Sports Federation,Los Angeles,California,Riley Haine,OH,Redshirt Junior,2027
University of Southern California,NCAA Division I,Mountain Pacific Sports Federation,Los Angeles,California,Sterling Foley,OH,Sophomore,2028
University of Southern California,NCAA Division I,Mountain Pacific Sports Federation,Los Angeles,California,Christian Connell,OH,Sophomore,2028
University of Southern California,NCAA Division I,Mountain Pacific Sports Federation,Los Angeles,California,Andrew Chapin,S,Freshman,2029
University of Southern California,NCAA Division I,Mountain Pacific Sports Federation,Los Angeles,California,Wesley Smith,MB,Redshirt Sophomore,2028
University of Southern California,NCAA Division I,Mountain Pacific Sports Federation,Los Angeles,California,Tyler Robinson,MB,Sophomore,2028
University of Southern California,NCAA Division I,Mountain Pacific Sports Federation,Los Angeles,California,Kale Cochran,OH,Freshman,2029
University of Southern California,NCAA Division I,Mountain Pacific Sports Federation,Los Angeles,California,Kahale Clini,OH,Junior,2027
University of Southern California,NCAA Division I,Mountain Pacific Sports Federation,Los Angeles,California,Jakobi Lange,OH,Redshirt Sophomore,2028
University of Southern California,NCAA Division I,Mountain Pacific Sports Federation,Los Angeles,California,Eamon Rigdon,OPP,Sophomore,2028
University of Southern California,NCAA Division I,Mountain Pacific Sports Federation,Los Angeles,California,Cooper Keane,OH,Freshman,2029
University of Southern California,NCAA Division I,Mountain Pacific Sports Federation,Los Angeles,California,Jack Ebertin,OH,Junior,2027
University of Southern California,NCAA Division I,Mountain Pacific Sports Federation,Los Angeles,California,Nick Waldron,MB,Freshman,2029
University of Southern California,NCAA Division I,Mountain Pacific Sports Federation,Los Angeles,California,Thiago Zamprogno,MB,Junior,2027
University of the Pacific,NCAA Division I,Mountain Pacific Sports Federation,Stockton,California,[FLAG] 2026-27 Inaugural NCAA Season; Currently Recruiting,N/A,N/A,N/A
Sacred Heart University,NCAA Division I,Eastern Intercollegiate Volleyball Association,Fairfield,Connecticut,Gian Paolo Pido,L,Junior,2027
Sacred Heart University,NCAA Division I,Eastern Intercollegiate Volleyball Association,Fairfield,Connecticut,Jack Chow,OH,Junior,2027
Sacred Heart University,NCAA Division I,Eastern Intercollegiate Volleyball Association,Fairfield,Connecticut,Aleksa Mandic,OH,Junior,2027
Sacred Heart University,NCAA Division I,Eastern Intercollegiate Volleyball Association,Fairfield,Connecticut,Jaron Popp,OH,Junior,2027
Sacred Heart University,NCAA Division I,Eastern Intercollegiate Volleyball Association,Fairfield,Connecticut,Carter Lyons,OPP,Senior,2026
Sacred Heart University,NCAA Division I,Eastern Intercollegiate Volleyball Association,Fairfield,Connecticut,Quinton Toney,OH,Freshman,2029
Sacred Heart University,NCAA Division I,Eastern Intercollegiate Volleyball Association,Fairfield,Connecticut,Armaan Dosanjh,S,Senior,2026
Sacred Heart University,NCAA Division I,Eastern Intercollegiate Volleyball Association,Fairfield,Connecticut,Harryzen Soares,L,Sophomore,2028
Sacred Heart University,NCAA Division I,Eastern Intercollegiate Volleyball Association,Fairfield,Connecticut,Connor Monroe,MB,Sophomore,2028
Sacred Heart University,NCAA Division I,Eastern Intercollegiate Volleyball Association,Fairfield,Connecticut,Alec Niemczyk,MB,Junior,2027
Sacred Heart University,NCAA Division I,Eastern Intercollegiate Volleyball Association,Fairfield,Connecticut,Aaron Johnson,MB,Sophomore,2028
Sacred Heart University,NCAA Division I,Eastern Intercollegiate Volleyball Association,Fairfield,Connecticut,Joshua Krzikalla,OH,Freshman,2029
Sacred Heart University,NCAA Division I,Eastern Intercollegiate Volleyball Association,Fairfield,Connecticut,Zach Flynn,OPP,Sophomore,2028
Sacred Heart University,NCAA Division I,Eastern Intercollegiate Volleyball Association,Fairfield,Connecticut,Brennan Hoelperl,S,Freshman,2029
Sacred Heart University,NCAA Division I,Eastern Intercollegiate Volleyball Association,Fairfield,Connecticut,Petr Beranek,OH,Junior,2027
Sacred Heart University,NCAA Division I,Eastern Intercollegiate Volleyball Association,Fairfield,Connecticut,Jonathan Snider,OH,Freshman,2029
Sacred Heart University,NCAA Division I,Eastern Intercollegiate Volleyball Association,Fairfield,Connecticut,Jonathan Talbot-Jones,MB,Freshman,2029
Sacred Heart University,NCAA Division I,Eastern Intercollegiate Volleyball Association,Fairfield,Connecticut,Canaan Neary,OPP,Sophomore,2028
Sacred Heart University,NCAA Division I,Eastern Intercollegiate Volleyball Association,Fairfield,Connecticut,Ivo Dubs,OPP,Freshman,2029
Sacred Heart University,NCAA Division I,Eastern Intercollegiate Volleyball Association,Fairfield,Connecticut,Jack Krausz,OH,Sophomore,2028
Sacred Heart University,NCAA Division I,Eastern Intercollegiate Volleyball Association,Fairfield,Connecticut,Kristofers Klavins,S,Sophomore,2028
Sacred Heart University,NCAA Division I,Eastern Intercollegiate Volleyball Association,Fairfield,Connecticut,Ben Lillie,MB,Senior,2026
Sacred Heart University,NCAA Division I,Eastern Intercollegiate Volleyball Association,Fairfield,Connecticut,Zach Wulff,MB,Freshman,2029
University of Hawaii at Manoa,NCAA Division I,Big West Conference,Honolulu,Hawaii,Victor Lowe,S,Sophomore,2028
University of Hawaii at Manoa,NCAA Division I,Big West Conference,Honolulu,Hawaii,Roman Payne,MB,Freshman,2029
University of Hawaii at Manoa,NCAA Division I,Big West Conference,Honolulu,Hawaii,Vladimir Kubr,S,Senior,2026
University of Hawaii at Manoa,NCAA Division I,Big West Conference,Honolulu,Hawaii,Kainoa Wade,OPP,Sophomore,2028
University of Hawaii at Manoa,NCAA Division I,Big West Conference,Honolulu,Hawaii,Matthew Wheels,L/DS,Redshirt Freshman,2029
University of Hawaii at Manoa,NCAA Division I,Big West Conference,Honolulu,Hawaii,Adrien Roure,OH,Sophomore,2028
University of Hawaii at Manoa,NCAA Division I,Big West Conference,Honolulu,Hawaii,Magnus Hettervik,S,Freshman,2029
University of Hawaii at Manoa,NCAA Division I,Big West Conference,Honolulu,Hawaii,Justin Todd,OH/MB,Redshirt Sophomore,2028
University of Hawaii at Manoa,NCAA Division I,Big West Conference,Honolulu,Hawaii,Kristian Titriyski,OPP,Sophomore,2028
University of Hawaii at Manoa,NCAA Division I,Big West Conference,Honolulu,Hawaii,Finn Kearney,OH/OPP,Sophomore,2028
University of Hawaii at Manoa,NCAA Division I,Big West Conference,Honolulu,Hawaii,Mitchell Croft,OH/OPP,Sophomore,2028
University of Hawaii at Manoa,NCAA Division I,Big West Conference,Honolulu,Hawaii,Tread Rosenthal,S,Junior,2027
University of Hawaii at Manoa,NCAA Division I,Big West Conference,Honolulu,Hawaii,Kai Taylor,OH/L,Redshirt Junior,2027
University of Hawaii at Manoa,NCAA Division I,Big West Conference,Honolulu,Hawaii,Ofeck Hazan,MB,Sophomore,2028
University of Hawaii at Manoa,NCAA Division I,Big West Conference,Honolulu,Hawaii,Thatcher Fahlbusch,OH,Freshman,2029
University of Hawaii at Manoa,NCAA Division I,Big West Conference,Honolulu,Hawaii,Alex Parks,MB,Redshirt Junior,2027
University of Hawaii at Manoa,NCAA Division I,Big West Conference,Honolulu,Hawaii,Trevell Jordan,MB,Sophomore,2028
University of Hawaii at Manoa,NCAA Division I,Big West Conference,Honolulu,Hawaii,Quintin Greenidge,L,Junior,2027
University of Hawaii at Manoa,NCAA Division I,Big West Conference,Honolulu,Hawaii,Louis Sakanoko,OH/OPP,Junior,2027
Loyola University Chicago,NCAA Division I,Midwestern Intercollegiate Volleyball Association,Chicago,Illinois,Ryan Roginski,MB,Freshman,2029
Loyola University Chicago,NCAA Division I,Midwestern Intercollegiate Volleyball Association,Chicago,Illinois,Ben Winokur,MB,Redshirt Freshman,2029
Loyola University Chicago,NCAA Division I,Midwestern Intercollegiate Volleyball Association,Chicago,Illinois,JJ Sowa,L,Senior,2026
Loyola University Chicago,NCAA Division I,Midwestern Intercollegiate Volleyball Association,Chicago,Illinois,Oskar Berg Mikkelsen,MB,Freshman,2029
Loyola University Chicago,NCAA Division I,Midwestern Intercollegiate Volleyball Association,Chicago,Illinois,Bryce Robbins,OH,Redshirt Junior,2027
Loyola University Chicago,NCAA Division I,Midwestern Intercollegiate Volleyball Association,Chicago,Illinois,Jake Read,OH,Junior,2027
Loyola University Chicago,NCAA Division I,Midwestern Intercollegiate Volleyball Association,Chicago,Illinois,Aleksandar Sosa,OPP,Junior,2027
Loyola University Chicago,NCAA Division I,Midwestern Intercollegiate Volleyball Association,Chicago,Illinois,Ryan McElligott,S,Senior,2026
Loyola University Chicago,NCAA Division I,Midwestern Intercollegiate Volleyball Association,Chicago,Illinois,Cooper Evans,OH,Senior,2026
Loyola University Chicago,NCAA Division I,Midwestern Intercollegiate Volleyball Association,Chicago,Illinois,Wil Hatch,MB,Redshirt Sophomore,2028
Loyola University Chicago,NCAA Division I,Midwestern Intercollegiate Volleyball Association,Chicago,Illinois,Alex Smits Van Oyen,S/OPP,Redshirt Sophomore,2028
Loyola University Chicago,NCAA Division I,Midwestern Intercollegiate Volleyball Association,Chicago,Illinois,Ayden DesLauriers,OH,Freshman,2029
Loyola University Chicago,NCAA Division I,Midwestern Intercollegiate Volleyball Association,Chicago,Illinois,Owen Smith,L,Redshirt Freshman,2029
Loyola University Chicago,NCAA Division I,Midwestern Intercollegiate Volleyball Association,Chicago,Illinois,Josh Schellinger,OH,Graduate Student,2026
Loyola University Chicago,NCAA Division I,Midwestern Intercollegiate Volleyball Association,Chicago,Illinois,Brad Bell,MB,Senior,2026
Loyola University Chicago,NCAA Division I,Midwestern Intercollegiate Volleyball Association,Chicago,Illinois,Lukas Anderson,OPP,Junior,2027
Loyola University Chicago,NCAA Division I,Midwestern Intercollegiate Volleyball Association,Chicago,Illinois,Aidan Klein,MB,Junior,2027
Loyola University Chicago,NCAA Division I,Midwestern Intercollegiate Volleyball Association,Chicago,Illinois,Daniel Fabikovic,OH,Junior,2027
Loyola University Chicago,NCAA Division I,Midwestern Intercollegiate Volleyball Association,Chicago,Illinois,Tyler Howard,OH,Redshirt Sophomore,2028
Loyola University Chicago,NCAA Division I,Midwestern Intercollegiate Volleyball Association,Chicago,Illinois,Gavin O'Brien,MB,Redshirt Sophomore,2028
Ball State University,NCAA Division I,Midwestern Intercollegiate Volleyball Association,Muncie,Indiana,Tyler Windt,OH,Freshman,2029
Ball State University,NCAA Division I,Midwestern Intercollegiate Volleyball Association,Muncie,Indiana,Nicholas Everett,OH,Junior,2027
Ball State University,NCAA Division I,Midwestern Intercollegiate Volleyball Association,Muncie,Indiana,Wil Basilio,OH,Sophomore,2028
Ball State University,NCAA Division I,Midwestern Intercollegiate Volleyball Association,Muncie,Indiana,Adir Ben Shloosh,L,Freshman,2029
Ball State University,NCAA Division I,Midwestern Intercollegiate Volleyball Association,Muncie,Indiana,Griffin Satterfield,S,Senior,2026
Ball State University,NCAA Division I,Midwestern Intercollegiate Volleyball Association,Muncie,Indiana,Lucas Machado,S,Junior,2027
Ball State University,NCAA Division I,Midwestern Intercollegiate Volleyball Association,Muncie,Indiana,Daniel Günther,MB,Freshman,2029
Ball State University,NCAA Division I,Midwestern Intercollegiate Volleyball Association,Muncie,Indiana,Dante Cayaban,MB,Freshman,2029
Ball State University,NCAA Division I,Midwestern Intercollegiate Volleyball Association,Muncie,Indiana,Jacob Surette,MB,Junior,2027
Ball State University,NCAA Division I,Midwestern Intercollegiate Volleyball Association,Muncie,Indiana,Eyal Rawitz,MB,Senior,2026
Ball State University,NCAA Division I,Midwestern Intercollegiate Volleyball Association,Muncie,Indiana,Jason Harris,OH,Redshirt Sophomore,2028
Ball State University,NCAA Division I,Midwestern Intercollegiate Volleyball Association,Muncie,Indiana,Marty Canavan,OH/OPP,Junior,2027
Ball State University,NCAA Division I,Midwestern Intercollegiate Volleyball Association,Muncie,Indiana,Ryan Louis,OPP,Sophomore,2028
Ball State University,NCAA Division I,Midwestern Intercollegiate Volleyball Association,Muncie,Indiana,Victor Scherer,L,Senior,2026
Ball State University,NCAA Division I,Midwestern Intercollegiate Volleyball Association,Muncie,Indiana,Braydon Savitski-Lynde,MB/OPP,Junior,2027
Ball State University,NCAA Division I,Midwestern Intercollegiate Volleyball Association,Muncie,Indiana,Patrick Rogers,OH,Senior,2026
Ball State University,NCAA Division I,Midwestern Intercollegiate Volleyball Association,Muncie,Indiana,Will Patterson,MB,Junior,2027
Ball State University,NCAA Division I,Midwestern Intercollegiate Volleyball Association,Muncie,Indiana,Peter Zurawski,S,Junior,2027
Purdue University - Fort Wayne,NCAA Division I,Midwestern Intercollegiate Volleyball Association,Fort Wayne,Indiana,Carlo Huisden,OH,Freshman,2029
Purdue University - Fort Wayne,NCAA Division I,Midwestern Intercollegiate Volleyball Association,Fort Wayne,Indiana,Joaquin Jones,S,Freshman,2029
Purdue University - Fort Wayne,NCAA Division I,Midwestern Intercollegiate Volleyball Association,Fort Wayne,Indiana,Andrew Mayer,L,Junior,2027
Purdue University - Fort Wayne,NCAA Division I,Midwestern Intercollegiate Volleyball Association,Fort Wayne,Indiana,Hunter Hopkins,S,Sophomore,2028
Purdue University - Fort Wayne,NCAA Division I,Midwestern Intercollegiate Volleyball Association,Fort Wayne,Indiana,Casey Lyons,MB,Junior,2027
Purdue University - Fort Wayne,NCAA Division I,Midwestern Intercollegiate Volleyball Association,Fort Wayne,Indiana,Raul Papaleo Jr.,L,Junior,2027
Purdue University - Fort Wayne,NCAA Division I,Midwestern Intercollegiate Volleyball Association,Fort Wayne,Indiana,Vince Spadoni,OH,Freshman,2029
Purdue University - Fort Wayne,NCAA Division I,Midwestern Intercollegiate Volleyball Association,Fort Wayne,Indiana,Jean Paul Gonzalez,OH,Freshman,2029
Purdue University - Fort Wayne,NCAA Division I,Midwestern Intercollegiate Volleyball Association,Fort Wayne,Indiana,Owen Banner,OH/OPP,Sophomore,2028
Purdue University - Fort Wayne,NCAA Division I,Midwestern Intercollegiate Volleyball Association,Fort Wayne,Indiana,Kaden Fosdick,OPP,Junior,2027
Purdue University - Fort Wayne,NCAA Division I,Midwestern Intercollegiate Volleyball Association,Fort Wayne,Indiana,JP Candrian,OH,Sophomore,2028
Purdue University - Fort Wayne,NCAA Division I,Midwestern Intercollegiate Volleyball Association,Fort Wayne,Indiana,Logan Muir,OPP,Junior,2027
Purdue University - Fort Wayne,NCAA Division I,Midwestern Intercollegiate Volleyball Association,Fort Wayne,Indiana,Haven Wankerl,MB,Senior,2026
Purdue University - Fort Wayne,NCAA Division I,Midwestern Intercollegiate Volleyball Association,Fort Wayne,Indiana,Ethan Skalski,OH/OPP,Freshman,2029
Purdue University - Fort Wayne,NCAA Division I,Midwestern Intercollegiate Volleyball Association,Fort Wayne,Indiana,Brody McAfee,OPP/MB,Junior,2027
Northern Kentucky University,NCAA Division I,Midwestern Intercollegiate Volleyball Association,Highland Heights,Kentucky,Juanmarco Diaz,OH/S/L/OPP,Freshman,2029
Northern Kentucky University,NCAA Division I,Midwestern Intercollegiate Volleyball Association,Highland Heights,Kentucky,Grant Simer,OPP,Freshman,2029
Northern Kentucky University,NCAA Division I,Midwestern Intercollegiate Volleyball Association,Highland Heights,Kentucky,Chase Alyea,MB,Freshman,2029
Northern Kentucky University,NCAA Division I,Midwestern Intercollegiate Volleyball Association,Highland Heights,Kentucky,Trace Klausing,L,Freshman,2029
Northern Kentucky University,NCAA Division I,Midwestern Intercollegiate Volleyball Association,Highland Heights,Kentucky,Devlin Biggs,OH,Freshman,2029
Northern Kentucky University,NCAA Division I,Midwestern Intercollegiate Volleyball Association,Highland Heights,Kentucky,Nick Whitley,S,Freshman,2029
Northern Kentucky University,NCAA Division I,Midwestern Intercollegiate Volleyball Association,Highland Heights,Kentucky,Adam Blair,MB,Sophomore,2028
Northern Kentucky University,NCAA Division I,Midwestern Intercollegiate Volleyball Association,Highland Heights,Kentucky,Sammy Grozdic,OH/OPP,Freshman,2029
Northern Kentucky University,NCAA Division I,Midwestern Intercollegiate Volleyball Association,Highland Heights,Kentucky,Leo Trespeces-Winck,OH/L,Freshman,2029
Northern Kentucky University,NCAA Division I,Midwestern Intercollegiate Volleyball Association,Highland Heights,Kentucky,Drew Kregul,MB,Freshman,2029
Northern Kentucky University,NCAA Division I,Midwestern Intercollegiate Volleyball Association,Highland Heights,Kentucky,Drew Palmer,OH,Freshman,2029
Northern Kentucky University,NCAA Division I,Midwestern Intercollegiate Volleyball Association,Highland Heights,Kentucky,Ryan Peterson,MB,Freshman,2029
Northern Kentucky University,NCAA Division I,Midwestern Intercollegiate Volleyball Association,Highland Heights,Kentucky,Zach Jarboe,OH,Freshman,2029
Northern Kentucky University,NCAA Division I,Midwestern Intercollegiate Volleyball Association,Highland Heights,Kentucky,Matt Cosgrove,OH,Graduate Student,2026
Northern Kentucky University,NCAA Division I,Midwestern Intercollegiate Volleyball Association,Highland Heights,Kentucky,Dax Wittren,MB,Freshman,2029
Northern Kentucky University,NCAA Division I,Midwestern Intercollegiate Volleyball Association,Highland Heights,Kentucky,Will McElveen,S/OPP,Redshirt Sophomore,2028
Northern Kentucky University,NCAA Division I,Midwestern Intercollegiate Volleyball Association,Highland Heights,Kentucky,Griffin Wheatley,OH,Junior,2027
Northern Kentucky University,NCAA Division I,Midwestern Intercollegiate Volleyball Association,Highland Heights,Kentucky,Kyle Saurer,S,Graduate Student,2026
University of Maryland Eastern Shore,NCAA Division I,Northeast Conference,Princess Anne,Maryland,Jeremy Coleman,OH,Freshman,2029
University of Maryland Eastern Shore,NCAA Division I,Northeast Conference,Princess Anne,Maryland,John Howard III,OH,Freshman,2029
University of Maryland Eastern Shore,NCAA Division I,Northeast Conference,Princess Anne,Maryland,Marcellus Owens,OH,Freshman,2029
University of Maryland Eastern Shore,NCAA Division I,Northeast Conference,Princess Anne,Maryland,Tavion Ford,OH,Senior,2026
University of Maryland Eastern Shore,NCAA Division I,Northeast Conference,Princess Anne,Maryland,Jordan Brockman,S,Sophomore,2028
University of Maryland Eastern Shore,NCAA Division I,Northeast Conference,Princess Anne,Maryland,Jaxon Clark,OPP,Freshman,2029
University of Maryland Eastern Shore,NCAA Division I,Northeast Conference,Princess Anne,Maryland,Jarrett Key,L,Freshman,2029
University of Maryland Eastern Shore,NCAA Division I,Northeast Conference,Princess Anne,Maryland,Tristan Rowley,OH/OPP,Freshman,2029
University of Maryland Eastern Shore,NCAA Division I,Northeast Conference,Princess Anne,Maryland,Drew Johnson,OPP,Freshman,2029
University of Maryland Eastern Shore,NCAA Division I,Northeast Conference,Princess Anne,Maryland,Kenyon Haynes,S,Fifth Year,2026
University of Maryland Eastern Shore,NCAA Division I,Northeast Conference,Princess Anne,Maryland,Chase Valentine,MB,Freshman,2029
University of Maryland Eastern Shore,NCAA Division I,Northeast Conference,Princess Anne,Maryland,Andre Mills,OPP,Junior,2027
University of Maryland Eastern Shore,NCAA Division I,Northeast Conference,Princess Anne,Maryland,Edward Piloton Jr,L,Junior,2027
University of Maryland Eastern Shore,NCAA Division I,Northeast Conference,Princess Anne,Maryland,Curtis Tom,S,Freshman,2029
University of Maryland Eastern Shore,NCAA Division I,Northeast Conference,Princess Anne,Maryland,Gabriel McWhite,MB/OH,Sophomore,2028
University of Maryland Eastern Shore,NCAA Division I,Northeast Conference,Princess Anne,Maryland,Romel McCloud,OH,Freshman,2029
University of Maryland Eastern Shore,NCAA Division I,Northeast Conference,Princess Anne,Maryland,Nikilas Blumenstock,MB/OH,Freshman,2029
University of Maryland Eastern Shore,NCAA Division I,Northeast Conference,Princess Anne,Maryland,Joshua Hightower,OH,Freshman,2029
Harvard University,NCAA Division I,Eastern Intercollegiate Volleyball Association,Cambridge,Massachusetts,Thomas Phung,L,Sophomore,2028
Harvard University,NCAA Division I,Eastern Intercollegiate Volleyball Association,Cambridge,Massachusetts,Oliver Doty,MB,First-Year,2029
Harvard University,NCAA Division I,Eastern Intercollegiate Volleyball Association,Cambridge,Massachusetts,Eric Su,S/L,First-Year,2029
Harvard University,NCAA Division I,Eastern Intercollegiate Volleyball Association,Cambridge,Massachusetts,Julian Hong,OH,First-Year,2029
Harvard University,NCAA Division I,Eastern Intercollegiate Volleyball Association,Cambridge,Massachusetts,Adrian Shevchuk,S,Junior,2027
Harvard University,NCAA Division I,Eastern Intercollegiate Volleyball Association,Cambridge,Massachusetts,Brian Thomas,MB,Senior,2026
Harvard University,NCAA Division I,Eastern Intercollegiate Volleyball Association,Cambridge,Massachusetts,Kai Gan,S,First-Year,2029
Harvard University,NCAA Division I,Eastern Intercollegiate Volleyball Association,Cambridge,Massachusetts,Ben Vaught,OH,First-Year,2029
Harvard University,NCAA Division I,Eastern Intercollegiate Volleyball Association,Cambridge,Massachusetts,Zach Berty,OH,Senior,2026
Harvard University,NCAA Division I,Eastern Intercollegiate Volleyball Association,Cambridge,Massachusetts,Quinn Bishop,OH,Junior,2027
Harvard University,NCAA Division I,Eastern Intercollegiate Volleyball Association,Cambridge,Massachusetts,Sawyer Nichols,OH,Sophomore,2028
Harvard University,NCAA Division I,Eastern Intercollegiate Volleyball Association,Cambridge,Massachusetts,Owen Woolbert,MB,Junior,2027
Merrimack College,NCAA Division I,Independent Volleyball Association,North Andover,Massachusetts,Colt Fuller,OH,Freshman,2029
Merrimack College,NCAA Division I,Independent Volleyball Association,North Andover,Massachusetts,Liam Quinn,OPP,Freshman,2029
Merrimack College,NCAA Division I,Independent Volleyball Association,North Andover,Massachusetts,Kyle Wagner,L,Senior,2026
Merrimack College,NCAA Division I,Independent Volleyball Association,North Andover,Massachusetts,Blake Taschner,S,Junior,2027
Merrimack College,NCAA Division I,Independent Volleyball Association,North Andover,Massachusetts,Jack Johnson,MB,Junior,2027
Merrimack College,NCAA Division I,Independent Volleyball Association,North Andover,Massachusetts,Dallas Birkenbeuel,OH,Sophomore,2028
Merrimack College,NCAA Division I,Independent Volleyball Association,North Andover,Massachusetts,Rece Lindstrom,S,Junior,2027
Merrimack College,NCAA Division I,Independent Volleyball Association,North Andover,Massachusetts,Kyle Standage,L,Senior,2026
Merrimack College,NCAA Division I,Independent Volleyball Association,North Andover,Massachusetts,Charlie Hoover,OPP,Senior,2026
Merrimack College,NCAA Division I,Independent Volleyball Association,North Andover,Massachusetts,Nathaniel Venegas,MB,Freshman,2029
Merrimack College,NCAA Division I,Independent Volleyball Association,North Andover,Massachusetts,Max Tkachev,OH,Sophomore,2028
Merrimack College,NCAA Division I,Independent Volleyball Association,North Andover,Massachusetts,Nick Tidik,MB,Senior,2026
Lindenwood University,NCAA Division I,Midwestern Intercollegiate Volleyball Association,Saint Charles,Missouri,Colin Shin,MB,Senior,2026
Lindenwood University,NCAA Division I,Midwestern Intercollegiate Volleyball Association,Saint Charles,Missouri,Brendan Schoeberl,L,Junior,2027
Lindenwood University,NCAA Division I,Midwestern Intercollegiate Volleyball Association,Saint Charles,Missouri,Matt Muehlnickel,OH,Freshman,2029
Lindenwood University,NCAA Division I,Midwestern Intercollegiate Volleyball Association,Saint Charles,Missouri,Caden Whiteside,OH,Redshirt Freshman,2029
Lindenwood University,NCAA Division I,Midwestern Intercollegiate Volleyball Association,Saint Charles,Missouri,Gabriel Vieira,OH/OPP,Junior,2027
Lindenwood University,NCAA Division I,Midwestern Intercollegiate Volleyball Association,Saint Charles,Missouri,Nick Dvorak,MB,Sophomore,2028
Lindenwood University,NCAA Division I,Midwestern Intercollegiate Volleyball Association,Saint Charles,Missouri,Brett Novak,S,Freshman,2029
Lindenwood University,NCAA Division I,Midwestern Intercollegiate Volleyball Association,Saint Charles,Missouri,Luke Kraft,OPP,Junior,2027
Lindenwood University,NCAA Division I,Midwestern Intercollegiate Volleyball Association,Saint Charles,Missouri,Aidan Akkawi,OH,Freshman,2029
Lindenwood University,NCAA Division I,Midwestern Intercollegiate Volleyball Association,Saint Charles,Missouri,Lincoln Geist,L,Sophomore,2028
Lindenwood University,NCAA Division I,Midwestern Intercollegiate Volleyball Association,Saint Charles,Missouri,Brendan Louthain,OH,Senior,2026
Lindenwood University,NCAA Division I,Midwestern Intercollegiate Volleyball Association,Saint Charles,Missouri,Luke Koster,S,Redshirt Sophomore,2028
Lindenwood University,NCAA Division I,Midwestern Intercollegiate Volleyball Association,Saint Charles,Missouri,Jake Schreiner,OH,Redshirt Freshman,2029
Lindenwood University,NCAA Division I,Midwestern Intercollegiate Volleyball Association,Saint Charles,Missouri,Zach Solomon,S,Senior,2026
Lindenwood University,NCAA Division I,Midwestern Intercollegiate Volleyball Association,Saint Charles,Missouri,Ty Baumgarth,MB,Redshirt Sophomore,2028
Lindenwood University,NCAA Division I,Midwestern Intercollegiate Volleyball Association,Saint Charles,Missouri,Aidan Curcuru,MB,Junior,2027
Lindenwood University,NCAA Division I,Midwestern Intercollegiate Volleyball Association,Saint Charles,Missouri,Amir Grant,MB,Sophomore,2028
Lindenwood University,NCAA Division I,Midwestern Intercollegiate Volleyball Association,Saint Charles,Missouri,Owen Walsh,MB,Junior,2027
Fairleigh Dickinson University,NCAA Division I,Northeast Conference,Teaneck,New Jersey,Tim Smith,OH,Freshman,2029
Fairleigh Dickinson University,NCAA Division I,Northeast Conference,Teaneck,New Jersey,Michael Ogorzalek,MB,Freshman,2029
Fairleigh Dickinson University,NCAA Division I,Northeast Conference,Teaneck,New Jersey,Donald Smith,OPP,Sophomore,2028
Fairleigh Dickinson University,NCAA Division I,Northeast Conference,Teaneck,New Jersey,Dylan McFadden,OH,Senior,2026
Fairleigh Dickinson University,NCAA Division I,Northeast Conference,Teaneck,New Jersey,Vinil Shah,OH,Junior,2027
Fairleigh Dickinson University,NCAA Division I,Northeast Conference,Teaneck,New Jersey,Diego Diaz,L,Graduate Student,2026
Fairleigh Dickinson University,NCAA Division I,Northeast Conference,Teaneck,New Jersey,John Petrucci,OH,Freshman,2029
Fairleigh Dickinson University,NCAA Division I,Northeast Conference,Teaneck,New Jersey,Randy Delgado,L,Sophomore,2028
Fairleigh Dickinson University,NCAA Division I,Northeast Conference,Teaneck,New Jersey,Naveen Fernando,MB,Senior,2026
Fairleigh Dickinson University,NCAA Division I,Northeast Conference,Teaneck,New Jersey,Panagiotis Kourmouzos,MB,Senior,2026
Fairleigh Dickinson University,NCAA Division I,Northeast Conference,Teaneck,New Jersey,Baboloki Silwane,S,Graduate Student,2026
Fairleigh Dickinson University,NCAA Division I,Northeast Conference,Teaneck,New Jersey,Andrew Michael,MB,Junior,2027
Fairleigh Dickinson University,NCAA Division I,Northeast Conference,Teaneck,New Jersey,Eli Nelson,OH,Freshman,2029
Fairleigh Dickinson University,NCAA Division I,Northeast Conference,Teaneck,New Jersey,Brandon Pho,S,Sophomore,2028
Fairleigh Dickinson University,NCAA Division I,Northeast Conference,Teaneck,New Jersey,Jamal Ellis,OPP,Senior,2026
Fairleigh Dickinson University,NCAA Division I,Northeast Conference,Teaneck,New Jersey,Jackson Pool,MB,Sophomore,2028
Fairleigh Dickinson University,NCAA Division I,Northeast Conference,Teaneck,New Jersey,Rayjan Suarez Palacios,MB,Junior,2027
Fairleigh Dickinson University,NCAA Division I,Northeast Conference,Teaneck,New Jersey,Laydon Biro,OH,Sophomore,2028
Fairleigh Dickinson University,NCAA Division I,Northeast Conference,Teaneck,New Jersey,Troy Markle,S,Freshman,2029
New Jersey Institute of Technology,NCAA Division I,Eastern Intercollegiate Volleyball Association,Newark,New Jersey,Harrison Girard,OH,Sophomore,2028
New Jersey Institute of Technology,NCAA Division I,Eastern Intercollegiate Volleyball Association,Newark,New Jersey,Andre Aleixo,OH,Freshman,2029
New Jersey Institute of Technology,NCAA Division I,Eastern Intercollegiate Volleyball Association,Newark,New Jersey,Bruno Figueiredo,S,Sophomore,2028
New Jersey Institute of Technology,NCAA Division I,Eastern Intercollegiate Volleyball Association,Newark,New Jersey,Adam Uryniuk,S,Freshman,2029
New Jersey Institute of Technology,NCAA Division I,Eastern Intercollegiate Volleyball Association,Newark,New Jersey,Daniel Latkowski,MB,Freshman,2029
New Jersey Institute of Technology,NCAA Division I,Eastern Intercollegiate Volleyball Association,Newark,New Jersey,Mateusz Bobkowski,MB/OPP,Junior,2027
New Jersey Institute of Technology,NCAA Division I,Eastern Intercollegiate Volleyball Association,Newark,New Jersey,Parker Moorhead,OH,Redshirt Sophomore,2028
New Jersey Institute of Technology,NCAA Division I,Eastern Intercollegiate Volleyball Association,Newark,New Jersey,Diego Lopez,OH,Junior,2027
New Jersey Institute of Technology,NCAA Division I,Eastern Intercollegiate Volleyball Association,Newark,New Jersey,Ian Nguyen,OH,Junior,2027
New Jersey Institute of Technology,NCAA Division I,Eastern Intercollegiate Volleyball Association,Newark,New Jersey,Alex Heins,MB,Freshman,2029
New Jersey Institute of Technology,NCAA Division I,Eastern Intercollegiate Volleyball Association,Newark,New Jersey,Gustavo Chrcanovic,OH,Freshman,2029
New Jersey Institute of Technology,NCAA Division I,Eastern Intercollegiate Volleyball Association,Newark,New Jersey,Ron Tidhar,L,Junior,2027
New Jersey Institute of Technology,NCAA Division I,Eastern Intercollegiate Volleyball Association,Newark,New Jersey,Brody Stuttgen,S,Redshirt Freshman,2029
New Jersey Institute of Technology,NCAA Division I,Eastern Intercollegiate Volleyball Association,Newark,New Jersey,Sid Ganapathy,MB,Sophomore,2028
New Jersey Institute of Technology,NCAA Division I,Eastern Intercollegiate Volleyball Association,Newark,New Jersey,Wiktor Nowak,OPP,Sophomore,2028
New Jersey Institute of Technology,NCAA Division I,Eastern Intercollegiate Volleyball Association,Newark,New Jersey,Andrew Fedmasu,MB,Senior,2026
Princeton University,NCAA Division I,Eastern Intercollegiate Volleyball Association,Princeton,New Jersey,Bobby Bennett,PIN/MB,Freshman,2029
Princeton University,NCAA Division I,Eastern Intercollegiate Volleyball Association,Princeton,New Jersey,Ethan Wells,MB,Sophomore,2028
Princeton University,NCAA Division I,Eastern Intercollegiate Volleyball Association,Princeton,New Jersey,Ryan Vena,MB,Senior,2026
Princeton University,NCAA Division I,Eastern Intercollegiate Volleyball Association,Princeton,New Jersey,William Judge,PIN/MB,Freshman,2029
Princeton University,NCAA Division I,Eastern Intercollegiate Volleyball Association,Princeton,New Jersey,Matthew Shannon,PIN/MB,Sophomore,2028
Princeton University,NCAA Division I,Eastern Intercollegiate Volleyball Association,Princeton,New Jersey,Jameson Vaccaro,PIN,Junior,2027
Princeton University,NCAA Division I,Eastern Intercollegiate Volleyball Association,Princeton,New Jersey,Roan Alviar,L,Sophomore,2028
Princeton University,NCAA Division I,Eastern Intercollegiate Volleyball Association,Princeton,New Jersey,Simon Xiao,L,Senior,2026
Princeton University,NCAA Division I,Eastern Intercollegiate Volleyball Association,Princeton,New Jersey,Sebastian Daste,S,Freshman,2029
Princeton University,NCAA Division I,Eastern Intercollegiate Volleyball Association,Princeton,New Jersey,Kyle Gschwend,S,Senior,2026
Princeton University,NCAA Division I,Eastern Intercollegiate Volleyball Association,Princeton,New Jersey,Kenan Kao,PIN,Sophomore,2028
Princeton University,NCAA Division I,Eastern Intercollegiate Volleyball Association,Princeton,New Jersey,Tristan Whitfield,MB,Junior,2027
Princeton University,NCAA Division I,Eastern Intercollegiate Volleyball Association,Princeton,New Jersey,Andrew Werner,PIN,Senior,2026
Princeton University,NCAA Division I,Eastern Intercollegiate Volleyball Association,Princeton,New Jersey,Ambrose Engling,PIN,Sophomore,2028
Princeton University,NCAA Division I,Eastern Intercollegiate Volleyball Association,Princeton,New Jersey,Austin Kerker,PIN,Senior,2026
Princeton University,NCAA Division I,Eastern Intercollegiate Volleyball Association,Princeton,New Jersey,Jack Phelps,PIN,Freshman,2029
Princeton University,NCAA Division I,Eastern Intercollegiate Volleyball Association,Princeton,New Jersey,Mason Rice,PIN,Sophomore,2028
Princeton University,NCAA Division I,Eastern Intercollegiate Volleyball Association,Princeton,New Jersey,Owen Mellon,PIN,Senior,2026
Princeton University,NCAA Division I,Eastern Intercollegiate Volleyball Association,Princeton,New Jersey,Kevin Yang,PIN,Sophomore,2028
Princeton University,NCAA Division I,Eastern Intercollegiate Volleyball Association,Princeton,New Jersey,Nolan Kelly,S,Junior,2027
Princeton University,NCAA Division I,Eastern Intercollegiate Volleyball Association,Princeton,New Jersey,Jeremiah Aro,PIN,Freshman,2029
Long Island University,NCAA Division I,Northeast Conference,Brookville,New York,Vanja Petrasinovic,OH/RS,Senior,2026
Long Island University,NCAA Division I,Northeast Conference,Brookville,New York,Blake Krapf,OH/RS,Redshirt Sophomore,2028
Long Island University,NCAA Division I,Northeast Conference,Brookville,New York,Titus Brown,OH/RS,Freshman,2029
Long Island University,NCAA Division I,Northeast Conference,Brookville,New York,Ike Vernon,OH/RS,Freshman,2029
Long Island University,NCAA Division I,Northeast Conference,Brookville,New York,Agustin Espiga,OH/RS,Redshirt Freshman,2029
Long Island University,NCAA Division I,Northeast Conference,Brookville,New York,Heston Cabinian,OH/RS,Redshirt Sophomore,2028
Long Island University,NCAA Division I,Northeast Conference,Brookville,New York,Slater Fuhrman,L,Senior,2026
Long Island University,NCAA Division I,Northeast Conference,Brookville,New York,Graham Pease,OH/RS,Freshman,2029
Long Island University,NCAA Division I,Northeast Conference,Brookville,New York,Kale Spencer,OH/RS,Senior,2026
Long Island University,NCAA Division I,Northeast Conference,Brookville,New York,Drew McNellis,MB,Senior,2026
Long Island University,NCAA Division I,Northeast Conference,Brookville,New York,Benjamin Grindel,OH/RS,Senior,2026
Long Island University,NCAA Division I,Northeast Conference,Brookville,New York,Owen Holowecky,S,Sophomore,2028
Long Island University,NCAA Division I,Northeast Conference,Brookville,New York,Max Cherin,MB,Junior,2027
Long Island University,NCAA Division I,Northeast Conference,Brookville,New York,Roei Horovitz,S,Junior,2027
Long Island University,NCAA Division I,Northeast Conference,Brookville,New York,Dominik Budny,MB,Junior,2027
Long Island University,NCAA Division I,Northeast Conference,Brookville,New York,Nathan MacDonald,L,Freshman,2029
Long Island University,NCAA Division I,Northeast Conference,Brookville,New York,Isaac Benka,MB,Senior,2026
Long Island University,NCAA Division I,Northeast Conference,Brookville,New York,Kristóf Kövessy,MB,Freshman,2029
Long Island University,NCAA Division I,Northeast Conference,Brookville,New York,Lucas Ramos,OH/RS,Sophomore,2028
Manhattan University,NCAA Division I,Northeast Conference,Riverdale,New York,Drew Blonski,S,Freshman,2029
Manhattan University,NCAA Division I,Northeast Conference,Riverdale,New York,Utpal Chand,L,Graduate Student,2026
Manhattan University,NCAA Division I,Northeast Conference,Riverdale,New York,Ali'itoa Morrissette,L,Freshman,2029
Manhattan University,NCAA Division I,Northeast Conference,Riverdale,New York,Logan Mainka,OH,Freshman,2029
Manhattan University,NCAA Division I,Northeast Conference,Riverdale,New York,Blake Perkins,OPP,Freshman,2029
Manhattan University,NCAA Division I,Northeast Conference,Riverdale,New York,Collin Carroll,OH,Freshman,2029
Manhattan University,NCAA Division I,Northeast Conference,Riverdale,New York,Wojtek Nowak,OH,Junior,2027
Manhattan University,NCAA Division I,Northeast Conference,Riverdale,New York,Sam Morreale,OH,Freshman,2029
Manhattan University,NCAA Division I,Northeast Conference,Riverdale,New York,Kasen Owens,OH,Sophomore,2028
Manhattan University,NCAA Division I,Northeast Conference,Riverdale,New York,Kai Patchell,OH/OPP,Freshman,2029
Manhattan University,NCAA Division I,Northeast Conference,Riverdale,New York,Max Larcheid,MB,Freshman,2029
Manhattan University,NCAA Division I,Northeast Conference,Riverdale,New York,Vinny Busch,S,Freshman,2029
Manhattan University,NCAA Division I,Northeast Conference,Riverdale,New York,Gabriel Verges,S,Freshman,2029
Manhattan University,NCAA Division I,Northeast Conference,Riverdale,New York,Xander Horst,MB,Freshman,2029
Manhattan University,NCAA Division I,Northeast Conference,Riverdale,New York,Jovan Marjanovic,MB/OPP,Freshman,2029
Manhattan University,NCAA Division I,Northeast Conference,Riverdale,New York,Chase Marston,OPP,Freshman,2029
Queens University of Charlotte,NCAA Division I,Midwestern Intercollegiate Volleyball Association,Charlotte,North Carolina,Wilson Buchanan,S,Junior,2027
Queens University of Charlotte,NCAA Division I,Midwestern Intercollegiate Volleyball Association,Charlotte,North Carolina,Caleb Williams,S/OPP,Sophomore,2028
Queens University of Charlotte,NCAA Division I,Midwestern Intercollegiate Volleyball Association,Charlotte,North Carolina,Nathan Vaupel,MH,Senior,2026
Queens University of Charlotte,NCAA Division I,Midwestern Intercollegiate Volleyball Association,Charlotte,North Carolina,Britton Skousen,DS/L,Freshman,2029
Queens University of Charlotte,NCAA Division I,Midwestern Intercollegiate Volleyball Association,Charlotte,North Carolina,Brody Fox,OH,Freshman,2029
Queens University of Charlotte,NCAA Division I,Midwestern Intercollegiate Volleyball Association,Charlotte,North Carolina,Charlie Podgorny,S,Redshirt Junior,2027
Queens University of Charlotte,NCAA Division I,Midwestern Intercollegiate Volleyball Association,Charlotte,North Carolina,Matt Coquillette,S,Junior,2027
Queens University of Charlotte,NCAA Division I,Midwestern Intercollegiate Volleyball Association,Charlotte,North Carolina,Carson Strawbridge,OH,Redshirt Sophomore,2028
Queens University of Charlotte,NCAA Division I,Midwestern Intercollegiate Volleyball Association,Charlotte,North Carolina,Roger Fredrickson,OH,Freshman,2029
Queens University of Charlotte,NCAA Division I,Midwestern Intercollegiate Volleyball Association,Charlotte,North Carolina,Rylan Colman,MB,Junior,2027
Queens University of Charlotte,NCAA Division I,Midwestern Intercollegiate Volleyball Association,Charlotte,North Carolina,Chance Shampine,OH,Junior,2027
Queens University of Charlotte,NCAA Division I,Midwestern Intercollegiate Volleyball Association,Charlotte,North Carolina,Casey Maas,OH,Sophomore,2028
Queens University of Charlotte,NCAA Division I,Midwestern Intercollegiate Volleyball Association,Charlotte,North Carolina,Jack Anderson,S,Redshirt Freshman,2029
Queens University of Charlotte,NCAA Division I,Midwestern Intercollegiate Volleyball Association,Charlotte,North Carolina,Chris Peters,OH,Senior,2026
Queens University of Charlotte,NCAA Division I,Midwestern Intercollegiate Volleyball Association,Charlotte,North Carolina,Kaden Saurer,OH,Sophomore,2028
Queens University of Charlotte,NCAA Division I,Midwestern Intercollegiate Volleyball Association,Charlotte,North Carolina,Reed Shuey,MH,Senior,2026
Queens University of Charlotte,NCAA Division I,Midwestern Intercollegiate Volleyball Association,Charlotte,North Carolina,Connor Dell,OPP,Junior,2027
Queens University of Charlotte,NCAA Division I,Midwestern Intercollegiate Volleyball Association,Charlotte,North Carolina,Torin Stewart,DS/L,Sophomore,2028
Queens University of Charlotte,NCAA Division I,Midwestern Intercollegiate Volleyball Association,Charlotte,North Carolina,Eric Beuke,MB,Freshman,2029
Queens University of Charlotte,NCAA Division I,Midwestern Intercollegiate Volleyball Association,Charlotte,North Carolina,Joe Sharpe,OH/OPP,Sophomore,2028
Queens University of Charlotte,NCAA Division I,Midwestern Intercollegiate Volleyball Association,Charlotte,North Carolina,Adamah Jackson,MB,Senior,2026
Queens University of Charlotte,NCAA Division I,Midwestern Intercollegiate Volleyball Association,Charlotte,North Carolina,Rory Rand,OH,Freshman,2029
Queens University of Charlotte,NCAA Division I,Midwestern Intercollegiate Volleyball Association,Charlotte,North Carolina,Caden Ledbetter,MB,Freshman,2029
Ohio State University,NCAA Division I,Midwestern Intercollegiate Volleyball Association,Columbus,Ohio,Tomasz Wisniakowski,L,Freshman,2029
Ohio State University,NCAA Division I,Midwestern Intercollegiate Volleyball Association,Columbus,Ohio,Christian Teresi,S,Freshman,2029
Ohio State University,NCAA Division I,Midwestern Intercollegiate Volleyball Association,Columbus,Ohio,Owen Pickering,OH,Junior,2027
Ohio State University,NCAA Division I,Midwestern Intercollegiate Volleyball Association,Columbus,Ohio,Drew Hudson,L,Sophomore,2028
Ohio State University,NCAA Division I,Midwestern Intercollegiate Volleyball Association,Columbus,Ohio,Daniel Henwood Rodriguez,S,Sophomore,2028
Ohio State University,NCAA Division I,Midwestern Intercollegiate Volleyball Association,Columbus,Ohio,Shane Wetzel,OPP,Senior,2026
Ohio State University,NCAA Division I,Midwestern Intercollegiate Volleyball Association,Columbus,Ohio,Stanislaw Chacinski,OH,Sophomore,2028
Ohio State University,NCAA Division I,Midwestern Intercollegiate Volleyball Association,Columbus,Ohio,Carter Weight,MB,Freshman,2029
Ohio State University,NCAA Division I,Midwestern Intercollegiate Volleyball Association,Columbus,Ohio,Daniel Hurley,OH/OPP,Redshirt Junior,2027
Ohio State University,NCAA Division I,Midwestern Intercollegiate Volleyball Association,Columbus,Ohio,Eliel Salva-Torres,MB,Junior,2027
Ohio State University,NCAA Division I,Midwestern Intercollegiate Volleyball Association,Columbus,Ohio,Ben Hutchinson,OPP,Redshirt Freshman,2029
Ohio State University,NCAA Division I,Midwestern Intercollegiate Volleyball Association,Columbus,Ohio,Ian Nolte,OH,Redshirt Freshman,2029
Ohio State University,NCAA Division I,Midwestern Intercollegiate Volleyball Association,Columbus,Ohio,Brady Jones,MB,Freshman,2029
Ohio State University,NCAA Division I,Midwestern Intercollegiate Volleyball Association,Columbus,Ohio,Tyler Tharpe,OPP,Redshirt Sophomore,2028
Ohio State University,NCAA Division I,Midwestern Intercollegiate Volleyball Association,Columbus,Ohio,Jack O'Riordan,OH,Senior,2026
Ohio State University,NCAA Division I,Midwestern Intercollegiate Volleyball Association,Columbus,Ohio,Aaron Grimm,MB,Redshirt Sophomore,2028
Penn State,NCAA Division I,Eastern Intercollegiate Volleyball Association,University Park,Pennsylvania,Jaxon Herr,S,Senior,2026
Penn State,NCAA Division I,Eastern Intercollegiate Volleyball Association,University Park,Pennsylvania,Bennett Wilson,OH,Sophomore,2028
Penn State,NCAA Division I,Eastern Intercollegiate Volleyball Association,University Park,Pennsylvania,Carter Dittman,OH,Junior,2027
Penn State,NCAA Division I,Eastern Intercollegiate Volleyball Association,University Park,Pennsylvania,Kyle Fagan,OH,Freshman,2029
Penn State,NCAA Division I,Eastern Intercollegiate Volleyball Association,University Park,Pennsylvania,Tristan Hassell,OPP,Freshman,2029
Penn State,NCAA Division I,Eastern Intercollegiate Volleyball Association,University Park,Pennsylvania,Peter Chriss,S,Freshman,2029
Penn State,NCAA Division I,Eastern Intercollegiate Volleyball Association,University Park,Pennsylvania,Ryan Merk,L,Redshirt Senior,2026
Penn State,NCAA Division I,Eastern Intercollegiate Volleyball Association,University Park,Pennsylvania,Jaidyn Bethel,OH,Redshirt Freshman,2029
Penn State,NCAA Division I,Eastern Intercollegiate Volleyball Association,University Park,Pennsylvania,Gaige Gabriel,MB,Sophomore,2028
Penn State,NCAA Division I,Eastern Intercollegiate Volleyball Association,University Park,Pennsylvania,Michael Schwob,S,Junior,2027
Penn State,NCAA Division I,Eastern Intercollegiate Volleyball Association,University Park,Pennsylvania,Matija Grbić,OH,Freshman,2029
Penn State,NCAA Division I,Eastern Intercollegiate Volleyball Association,University Park,Pennsylvania,Sean Harvey,OH/OPP,Redshirt Sophomore,2028
Penn State,NCAA Division I,Eastern Intercollegiate Volleyball Association,University Park,Pennsylvania,Owen Rose,MB,Redshirt Senior,2026
Penn State,NCAA Division I,Eastern Intercollegiate Volleyball Association,University Park,Pennsylvania,Zach Stowe,MB,Redshirt Sophomore,2028
Penn State,NCAA Division I,Eastern Intercollegiate Volleyball Association,University Park,Pennsylvania,Matthew Luoma,OH/OPP,Redshirt Junior,2027
Penn State,NCAA Division I,Eastern Intercollegiate Volleyball Association,University Park,Pennsylvania,Blainey Jones,OH,Redshirt Junior,2027
Penn State,NCAA Division I,Eastern Intercollegiate Volleyball Association,University Park,Pennsylvania,Ryan Pecora,MB,Redshirt Freshman,2029
Penn State,NCAA Division I,Eastern Intercollegiate Volleyball Association,University Park,Pennsylvania,Christian Couch,OPP,Redshirt Freshman,2029
Penn State,NCAA Division I,Eastern Intercollegiate Volleyball Association,University Park,Pennsylvania,Miller Trubey,OPP,Redshirt Junior,2027
Penn State,NCAA Division I,Eastern Intercollegiate Volleyball Association,University Park,Pennsylvania,Nate Egerstrom,MB,Redshirt Sophomore,2028
Brigham Young University,NCAA Division I,Mountain Pacific Sports Federation,Provo,Utah,Kyle Zediker,S,Sophomore,2028
Brigham Young University,NCAA Division I,Mountain Pacific Sports Federation,Provo,Utah,Tyler Herget,S,Senior,2026
Brigham Young University,NCAA Division I,Mountain Pacific Sports Federation,Provo,Utah,Trevor Herget,OH,Freshman,2029
Brigham Young University,NCAA Division I,Mountain Pacific Sports Federation,Provo,Utah,Corbin Batista,OH/OPP,Freshman,2029
Brigham Young University,NCAA Division I,Mountain Pacific Sports Federation,Provo,Utah,Jackson Fife,L,Senior,2026
Brigham Young University,NCAA Division I,Mountain Pacific Sports Federation,Provo,Utah,AJ Cottle,MB,Freshman,2029
Brigham Young University,NCAA Division I,Mountain Pacific Sports Federation,Provo,Utah,Trey Thornton,OH/OPP,Freshman,2029
Brigham Young University,NCAA Division I,Mountain Pacific Sports Federation,Provo,Utah,Teilon-Jonathan Tufuga,OH/OPP,Junior,2027
Brigham Young University,NCAA Division I,Mountain Pacific Sports Federation,Provo,Utah,Tennison Lighthall,OH/OPP,Freshman,2029
Brigham Young University,NCAA Division I,Mountain Pacific Sports Federation,Provo,Utah,Trent Moser,OH,Senior,2026
Brigham Young University,NCAA Division I,Mountain Pacific Sports Federation,Provo,Utah,Ian Little,OPP,Junior,2027
Brigham Young University,NCAA Division I,Mountain Pacific Sports Federation,Provo,Utah,Bernardo Adam,L/OH,Junior,2027
Brigham Young University,NCAA Division I,Mountain Pacific Sports Federation,Provo,Utah,Connor Oldani,OH,Sophomore,2028
Brigham Young University,NCAA Division I,Mountain Pacific Sports Federation,Provo,Utah,Gavin Chambers,MB,Sophomore,2028
Brigham Young University,NCAA Division I,Mountain Pacific Sports Federation,Provo,Utah,Evan Olmstead,L,Freshman,2029
Brigham Young University,NCAA Division I,Mountain Pacific Sports Federation,Provo,Utah,Tyler James Johnson,S,Freshman,2029
Brigham Young University,NCAA Division I,Mountain Pacific Sports Federation,Provo,Utah,Max Philippe,MB,Freshman,2029
Brigham Young University,NCAA Division I,Mountain Pacific Sports Federation,Provo,Utah,Cole Hauser,OH/L,Senior,2026
George Mason University,NCAA Division I,Eastern Intercollegiate Volleyball Association,Fairfax,Virginia,Aidan Weltin,PIN,Sophomore,2028
George Mason University,NCAA Division I,Eastern Intercollegiate Volleyball Association,Fairfax,Virginia,Brady Ruth,MB,Freshman,2029
George Mason University,NCAA Division I,Eastern Intercollegiate Volleyball Association,Fairfax,Virginia,Robert Evangelista,OH,Junior,2027
George Mason University,NCAA Division I,Eastern Intercollegiate Volleyball Association,Fairfax,Virginia,Sebastian Sanchez,PIN,Junior,2027
George Mason University,NCAA Division I,Eastern Intercollegiate Volleyball Association,Fairfax,Virginia,Alexander Lillie,MB,Sophomore,2028
George Mason University,NCAA Division I,Eastern Intercollegiate Volleyball Association,Fairfax,Virginia,Alex Venes,S,Freshman,2029
George Mason University,NCAA Division I,Eastern Intercollegiate Volleyball Association,Fairfax,Virginia,Liam French,OH,Redshirt Senior,2026
George Mason University,NCAA Division I,Eastern Intercollegiate Volleyball Association,Fairfax,Virginia,Georgi Zahariev,S,Senior,2026
George Mason University,NCAA Division I,Eastern Intercollegiate Volleyball Association,Fairfax,Virginia,Michael Schofield,OH,Sophomore,2028
George Mason University,NCAA Division I,Eastern Intercollegiate Volleyball Association,Fairfax,Virginia,Jackson Herbert,OPP,Junior,2027
George Mason University,NCAA Division I,Eastern Intercollegiate Volleyball Association,Fairfax,Virginia,Jack Lopez,OH,Sophomore,2028
George Mason University,NCAA Division I,Eastern Intercollegiate Volleyball Association,Fairfax,Virginia,Derek Nagel,OPP,Junior,2027
George Mason University,NCAA Division I,Eastern Intercollegiate Volleyball Association,Fairfax,Virginia,Hayden Karpinski,OH,Senior,2026
George Mason University,NCAA Division I,Eastern Intercollegiate Volleyball Association,Fairfax,Virginia,Stef Kins,L,Sophomore,2028
George Mason University,NCAA Division I,Eastern Intercollegiate Volleyball Association,Fairfax,Virginia,Elijah Lazor,MB,Senior,2026
George Mason University,NCAA Division I,Eastern Intercollegiate Volleyball Association,Fairfax,Virginia,David Hill,MH,Sophomore,2028
George Mason University,NCAA Division I,Eastern Intercollegiate Volleyball Association,Fairfax,Virginia,Robby Nardoni,L,Redshirt Junior,2027
George Mason University,NCAA Division I,Eastern Intercollegiate Volleyball Association,Fairfax,Virginia,Gabe Metcalf,S,Junior,2027
Concordia University - Irvine,NCAA Division II,Mountain Pacific Sports Federation,Irvine,California,Christian Galoppo,OH,Junior,2027
Concordia University - Irvine,NCAA Division II,Mountain Pacific Sports Federation,Irvine,California,Ties Cornelissen,OH,Junior,2027
Concordia University - Irvine,NCAA Division II,Mountain Pacific Sports Federation,Irvine,California,Aidan Case,S,Graduate Student,2026
Concordia University - Irvine,NCAA Division II,Mountain Pacific Sports Federation,Irvine,California,Logan Whitaker,OPP,Senior,2026
Concordia University - Irvine,NCAA Division II,Mountain Pacific Sports Federation,Irvine,California,Nathan Habermas,MB,Redshirt Sophomore,2028
Concordia University - Irvine,NCAA Division II,Mountain Pacific Sports Federation,Irvine,California,Kai Vogel,OH,Junior,2027
Concordia University - Irvine,NCAA Division II,Mountain Pacific Sports Federation,Irvine,California,Isaiah Vogel,OH,Junior,2027
Concordia University - Irvine,NCAA Division II,Mountain Pacific Sports Federation,Irvine,California,Cole Wachter,MB,Redshirt Sophomore,2028
Concordia University - Irvine,NCAA Division II,Mountain Pacific Sports Federation,Irvine,California,Troy Fleming,OH,Redshirt Sophomore,2028
Concordia University - Irvine,NCAA Division II,Mountain Pacific Sports Federation,Irvine,California,Connor Orrock,S,Senior,2026
Concordia University - Irvine,NCAA Division II,Mountain Pacific Sports Federation,Irvine,California,Stefan Bilc,OH/OPP,Junior,2027
Concordia University - Irvine,NCAA Division II,Mountain Pacific Sports Federation,Irvine,California,David Mansilla,OPP,Redshirt Sophomore,2028
Concordia University - Irvine,NCAA Division II,Mountain Pacific Sports Federation,Irvine,California,Matt Fisher,S,Freshman,2029
Concordia University - Irvine,NCAA Division II,Mountain Pacific Sports Federation,Irvine,California,Joseph Nunez,L,Junior,2027
Concordia University - Irvine,NCAA Division II,Mountain Pacific Sports Federation,Irvine,California,Paul Schulteis,MB/OPP,Redshirt Freshman,2029
Concordia University - Irvine,NCAA Division II,Mountain Pacific Sports Federation,Irvine,California,Joseph Sowers,L/DS,Redshirt Freshman,2029
Concordia University - Irvine,NCAA Division II,Mountain Pacific Sports Federation,Irvine,California,Myles Henderson,OH/OPP,Junior,2027
Concordia University - Irvine,NCAA Division II,Mountain Pacific Sports Federation,Irvine,California,Wesley Newton,MB,Sophomore,2028
Concordia University - Irvine,NCAA Division II,Mountain Pacific Sports Federation,Irvine,California,Julian Montes,MB,Junior,2027
Concordia University - Irvine,NCAA Division II,Mountain Pacific Sports Federation,Irvine,California,Gavin Young,OH/OPP,Sophomore,2028
Jessup University,NCAA Division II,Mountain Pacific Sports Federation,Rocklin,California,Riley Green,S,Senior,2026
Jessup University,NCAA Division II,Mountain Pacific Sports Federation,Rocklin,California,Brandon Quiambao,L,Freshman,2029
Jessup University,NCAA Division II,Mountain Pacific Sports Federation,Rocklin,California,Nathan Stone,L,Freshman,2029
Jessup University,NCAA Division II,Mountain Pacific Sports Federation,Rocklin,California,Carter Depue,OPP,Senior,2026
Jessup University,NCAA Division II,Mountain Pacific Sports Federation,Rocklin,California,Colin Marks,S,Junior,2027
Jessup University,NCAA Division II,Mountain Pacific Sports Federation,Rocklin,California,Chase Schwab,MB,Senior,2026
Jessup University,NCAA Division II,Mountain Pacific Sports Federation,Rocklin,California,Clement Osahon Jr,MB/OPP,Senior,2026
Jessup University,NCAA Division II,Mountain Pacific Sports Federation,Rocklin,California,Logan Marks,L,Graduate Student,2026
Jessup University,NCAA Division II,Mountain Pacific Sports Federation,Rocklin,California,Owen Henning,MB,Sophomore,2028
Jessup University,NCAA Division II,Mountain Pacific Sports Federation,Rocklin,California,Jonas Müller,OH,Freshman,2029
Jessup University,NCAA Division II,Mountain Pacific Sports Federation,Rocklin,California,Jacob Knudsen,OH,Junior,2027
Jessup University,NCAA Division II,Mountain Pacific Sports Federation,Rocklin,California,Gabriel Crawford,OPP,Freshman,2029
Jessup University,NCAA Division II,Mountain Pacific Sports Federation,Rocklin,California,Jake Jensen,MB,Junior,2027
Jessup University,NCAA Division II,Mountain Pacific Sports Federation,Rocklin,California,Mark Berdik,OH,Freshman,2029
Jessup University,NCAA Division II,Mountain Pacific Sports Federation,Rocklin,California,Jan Lopuch,OH,Senior,2026
Jessup University,NCAA Division II,Mountain Pacific Sports Federation,Rocklin,California,Riley Petesch,OPP/OH,Sophomore,2028
Jessup University,NCAA Division II,Mountain Pacific Sports Federation,Rocklin,California,JT Conway,MB,Graduate Student,2026
Jessup University,NCAA Division II,Mountain Pacific Sports Federation,Rocklin,California,Rayphe Froese,OH,Freshman,2029
Jessup University,NCAA Division II,Mountain Pacific Sports Federation,Rocklin,California,Jacob Delrosario,DS,Sophomore,2028
Jessup University,NCAA Division II,Mountain Pacific Sports Federation,Rocklin,California,Logan Edwards,S,Freshman,2029
Jessup University,NCAA Division II,Mountain Pacific Sports Federation,Rocklin,California,Levi Markus,L,Freshman,2029
Menlo College,NCAA Division II,Mountain Pacific Sports Federation,Atherton,California,Ty Carson,OH,Sophomore,2028
Menlo College,NCAA Division II,Mountain Pacific Sports Federation,Atherton,California,Mark Ensalaco,OPP,Sophomore,2028
Menlo College,NCAA Division II,Mountain Pacific Sports Federation,Atherton,California,Mathias Durfee,OPP/OH,Senior,2026
Menlo College,NCAA Division II,Mountain Pacific Sports Federation,Atherton,California,Keau Thompson,OPP/OH,Senior,2026
Menlo College,NCAA Division II,Mountain Pacific Sports Federation,Atherton,California,Garrett Hockman,MB,Junior,2027
Menlo College,NCAA Division II,Mountain Pacific Sports Federation,Atherton,California,Oliver Shrieve,OH,Sophomore,2028
Menlo College,NCAA Division II,Mountain Pacific Sports Federation,Atherton,California,Joshua Friedman,S,Graduate Student,2026
Menlo College,NCAA Division II,Mountain Pacific Sports Federation,Atherton,California,Gabriel Ocasio Lopez,S,Graduate Student,2026
Menlo College,NCAA Division II,Mountain Pacific Sports Federation,Atherton,California,Gavin Gonzalez,L,Sophomore,2028
Menlo College,NCAA Division II,Mountain Pacific Sports Federation,Atherton,California,Danny Smithers,L,Senior,2026
Menlo College,NCAA Division II,Mountain Pacific Sports Federation,Atherton,California,Xavier Cordova,S,Sophomore,2028
Menlo College,NCAA Division II,Mountain Pacific Sports Federation,Atherton,California,Alexandre Ferdani,OH,Freshman,2029
Menlo College,NCAA Division II,Mountain Pacific Sports Federation,Atherton,California,Kai Van Haaren,OH,Sophomore,2028
Menlo College,NCAA Division II,Mountain Pacific Sports Federation,Atherton,California,Zane Schwartz,L,Freshman,2029
Menlo College,NCAA Division II,Mountain Pacific Sports Federation,Atherton,California,Max Jarrett,MB,Freshman,2029
Menlo College,NCAA Division II,Mountain Pacific Sports Federation,Atherton,California,Vojtech Simunek,MB,Freshman,2029
Menlo College,NCAA Division II,Mountain Pacific Sports Federation,Atherton,California,Owen Altadonna,MB,Freshman,2029
University of California - Merced,NCAA Division II,Big West Conference,Merced,California,Joel Toves,S,Freshman,2029
University of California - Merced,NCAA Division II,Big West Conference,Merced,California,Achilles Huang,OH,Freshman,2029
University of California - Merced,NCAA Division II,Big West Conference,Merced,California,Cody Krohn,S/OPP,Freshman,2029
University of California - Merced,NCAA Division II,Big West Conference,Merced,California,Greyson Glorieux,OH,Freshman,2029
University of California - Merced,NCAA Division II,Big West Conference,Merced,California,Toby Miller,S,Graduate Student,2026
University of California - Merced,NCAA Division II,Big West Conference,Merced,California,Donovan Guglielmana,OH,Sophomore,2028
University of California - Merced,NCAA Division II,Big West Conference,Merced,California,Kaleb Cole,OPP,Junior,2027
University of California - Merced,NCAA Division II,Big West Conference,Merced,California,Max Niederberger,MB,Senior,2026
University of California - Merced,NCAA Division II,Big West Conference,Merced,California,George Buljan,L,Sophomore,2028
University of California - Merced,NCAA Division II,Big West Conference,Merced,California,Pomaikainokeakua Kahaulelio,L,Sophomore,2028
University of California - Merced,NCAA Division II,Big West Conference,Merced,California,Colin Ryan,MB,Senior,2026
University of California - Merced,NCAA Division II,Big West Conference,Merced,California,Jozef Lingenfelter,OH,Graduate Student,2026
University of California - Merced,NCAA Division II,Big West Conference,Merced,California,Mason Stokes,OH,Junior,2027
University of California - Merced,NCAA Division II,Big West Conference,Merced,California,Severin Stone,OPP,Freshman,2029
University of California - Merced,NCAA Division II,Big West Conference,Merced,California,Sean Ethan Blas,L,Freshman,2029
University of California - Merced,NCAA Division II,Big West Conference,Merced,California,Joshua Woodhams,OPP,Junior,2027
University of California - Merced,NCAA Division II,Big West Conference,Merced,California,Daniel Del Grande,MB,Graduate Student,2026
University of California - Merced,NCAA Division II,Big West Conference,Merced,California,Braeden Lilomaiava,OH,Sophomore,2028
University of California - Merced,NCAA Division II,Big West Conference,Merced,California,Anthony Alaniz,MB,Freshman,2029
University of California - Merced,NCAA Division II,Big West Conference,Merced,California,Kam Owens,OPP,Senior,2026
Vanguard University of Southern California,NCAA Division II,Mountain Pacific Sports Federation,Costa Mesa,California,Jacob Bayston,L,Redshirt Junior,2027
Vanguard University of Southern California,NCAA Division II,Mountain Pacific Sports Federation,Costa Mesa,California,Willy Wang,S,Junior,2027
Vanguard University of Southern California,NCAA Division II,Mountain Pacific Sports Federation,Costa Mesa,California,Caleb Peters,S,Junior,2027
Vanguard University of Southern California,NCAA Division II,Mountain Pacific Sports Federation,Costa Mesa,California,Jenson Wright,L,Junior,2027
Vanguard University of Southern California,NCAA Division II,Mountain Pacific Sports Federation,Costa Mesa,California,Grant Dvorak,S,Junior,2027
Vanguard University of Southern California,NCAA Division II,Mountain Pacific Sports Federation,Costa Mesa,California,Koa Laboy,OH,Freshman,2029
Vanguard University of Southern California,NCAA Division II,Mountain Pacific Sports Federation,Costa Mesa,California,Logan Finley,OH/OPP,Redshirt Junior,2027
Vanguard University of Southern California,NCAA Division II,Mountain Pacific Sports Federation,Costa Mesa,California,Gabriel Repplinger,OH,Sophomore,2028
Vanguard University of Southern California,NCAA Division II,Mountain Pacific Sports Federation,Costa Mesa,California,Grant Veldman,OH,Junior,2027
Vanguard University of Southern California,NCAA Division II,Mountain Pacific Sports Federation,Costa Mesa,California,Braddock Duckworth,MB,Sophomore,2028
Vanguard University of Southern California,NCAA Division II,Mountain Pacific Sports Federation,Costa Mesa,California,Brock Henderson,S,Redshirt Senior,2026
Vanguard University of Southern California,NCAA Division II,Mountain Pacific Sports Federation,Costa Mesa,California,Logan Freemon,OPP/OH,Sophomore,2028
Vanguard University of Southern California,NCAA Division II,Mountain Pacific Sports Federation,Costa Mesa,California,Cole Oliver,OH,Senior,2026
Vanguard University of Southern California,NCAA Division II,Mountain Pacific Sports Federation,Costa Mesa,California,Matthew Pimentel,MB,Freshman,2029
Vanguard University of Southern California,NCAA Division II,Mountain Pacific Sports Federation,Costa Mesa,California,Micah Sybesma,MB,Redshirt Junior,2027
Vanguard University of Southern California,NCAA Division II,Mountain Pacific Sports Federation,Costa Mesa,California,Peter Albert,OH,Sophomore,2028
Vanguard University of Southern California,NCAA Division II,Mountain Pacific Sports Federation,Costa Mesa,California,Caleb Malek,L,Redshirt Junior,2027
Vanguard University of Southern California,NCAA Division II,Mountain Pacific Sports Federation,Costa Mesa,California,Poukihi Awai,OH,Redshirt Freshman,2029
Vanguard University of Southern California,NCAA Division II,Mountain Pacific Sports Federation,Costa Mesa,California,Zachary Doerksen,L,Freshman,2029
Vanguard University of Southern California,NCAA Division II,Mountain Pacific Sports Federation,Costa Mesa,California,Lucas Klein,L,Sophomore,2028
Vanguard University of Southern California,NCAA Division II,Mountain Pacific Sports Federation,Costa Mesa,California,Cullen Olson,L,Sophomore,2028
Vanguard University of Southern California,NCAA Division II,Mountain Pacific Sports Federation,Costa Mesa,California,Jaden Son,L,Sophomore,2028
Vanguard University of Southern California,NCAA Division II,Mountain Pacific Sports Federation,Costa Mesa,California,Colin Such,MB,Sophomore,2028
Vanguard University of Southern California,NCAA Division II,Mountain Pacific Sports Federation,Costa Mesa,California,Joshua Goldstone,N/A,Freshman,2029
Vanguard University of Southern California,NCAA Division II,Mountain Pacific Sports Federation,Costa Mesa,California,Sumarre Williams,N/A,Freshman,2029
Barry University,NCAA Division II,Independent Volleyball Association,Miami,Florida,Tristan Blake,S,Senior,2026
Barry University,NCAA Division II,Independent Volleyball Association,Miami,Florida,Seth Bohler,OPP/OH,Sophomore,2028
Barry University,NCAA Division II,Independent Volleyball Association,Miami,Florida,Elias Führer,MH,Sophomore,2028
Barry University,NCAA Division II,Independent Volleyball Association,Miami,Florida,Zachary Jabr,OH,Sophomore,2028
Barry University,NCAA Division II,Independent Volleyball Association,Miami,Florida,Bobby Clapp,L/DS,Sophomore,2028
Barry University,NCAA Division II,Independent Volleyball Association,Miami,Florida,Philip Tein,OH,Sophomore,2028
Barry University,NCAA Division II,Independent Volleyball Association,Miami,Florida,Diego Alvarez,OH,Sophomore,2028
Barry University,NCAA Division II,Independent Volleyball Association,Miami,Florida,Aaron Martinez,OH,Sophomore,2028
Barry University,NCAA Division II,Independent Volleyball Association,Miami,Florida,João Piazza Baumgartem,S,Sophomore,2028
Barry University,NCAA Division II,Independent Volleyball Association,Miami,Florida,William Phinizy,OH,Sophomore,2028
Barry University,NCAA Division II,Independent Volleyball Association,Miami,Florida,Maddox Gifford,MH,Junior,2027
Barry University,NCAA Division II,Independent Volleyball Association,Miami,Florida,Ryan Uridel,MH,Sophomore,2028
Barry University,NCAA Division II,Independent Volleyball Association,Miami,Florida,Travis Potteiger,L/DS,Freshman,2029
Barry University,NCAA Division II,Independent Volleyball Association,Miami,Florida,Tomas Pastika,OPP/OH,Freshman,2029
Barry University,NCAA Division II,Independent Volleyball Association,Miami,Florida,Saïd Bennaji,S,Freshman,2029
Barry University,NCAA Division II,Independent Volleyball Association,Miami,Florida,Jacob Strnisa,OH/RS,Junior,2027
Barry University,NCAA Division II,Independent Volleyball Association,Miami,Florida,Julian Gonzalez,L/DS,Sophomore,2028
Barry University,NCAA Division II,Independent Volleyball Association,Miami,Florida,Jeremy Ferreira,MH,Junior,2027
Edward Waters College,NCAA Division II,Southern Intercollegiate Athletic Conference,Jacksonville,Florida,Noel Rivera,OH,Sophomore,2028
Edward Waters College,NCAA Division II,Southern Intercollegiate Athletic Conference,Jacksonville,Florida,Ryan Garcia,DS/L,Sophomore,2028
Edward Waters College,NCAA Division II,Southern Intercollegiate Athletic Conference,Jacksonville,Florida,De'Aundre Williams,OPP,Freshman,2029
Edward Waters College,NCAA Division II,Southern Intercollegiate Athletic Conference,Jacksonville,Florida,Devonte Harmon,S,Senior,2026
Edward Waters College,NCAA Division II,Southern Intercollegiate Athletic Conference,Jacksonville,Florida,Parfait Mugabo,OH,Freshman,2029
Edward Waters College,NCAA Division II,Southern Intercollegiate Athletic Conference,Jacksonville,Florida,Nathan Vitelli,S/OH,Freshman,2029
Edward Waters College,NCAA Division II,Southern Intercollegiate Athletic Conference,Jacksonville,Florida,Jeremiah Martinez,DS/L,Sophomore,2028
Edward Waters College,NCAA Division II,Southern Intercollegiate Athletic Conference,Jacksonville,Florida,Tyriq Short,OH,Sophomore,2028
Edward Waters College,NCAA Division II,Southern Intercollegiate Athletic Conference,Jacksonville,Florida,Matthew Carr,S,Freshman,2029
Edward Waters College,NCAA Division II,Southern Intercollegiate Athletic Conference,Jacksonville,Florida,Nick Glenn,DS/L,Senior,2026
Edward Waters College,NCAA Division II,Southern Intercollegiate Athletic Conference,Jacksonville,Florida,Caden Houston,S,Freshman,2029
Edward Waters College,NCAA Division II,Southern Intercollegiate Athletic Conference,Jacksonville,Florida,Omari Morris,MB,Senior,2026
Edward Waters College,NCAA Division II,Southern Intercollegiate Athletic Conference,Jacksonville,Florida,Kandrew Morrison,OPP,Sophomore,2028
Edward Waters College,NCAA Division II,Southern Intercollegiate Athletic Conference,Jacksonville,Florida,Rojey Hutchinson,OH,Sophomore,2028
Edward Waters College,NCAA Division II,Southern Intercollegiate Athletic Conference,Jacksonville,Florida,Jackson Mandell,MB,Senior,2026
Edward Waters College,NCAA Division II,Southern Intercollegiate Athletic Conference,Jacksonville,Florida,Richard Hendricks,OH,Senior,2026
Edward Waters College,NCAA Division II,Southern Intercollegiate Athletic Conference,Jacksonville,Florida,Ricardo Villegas,DS/L,Sophomore,2028
Edward Waters College,NCAA Division II,Southern Intercollegiate Athletic Conference,Jacksonville,Florida,Jordan Higgins,MB,Freshman,2029
Edward Waters College,NCAA Division II,Southern Intercollegiate Athletic Conference,Jacksonville,Florida,Daniel Munoz,DS/OH,Sophomore,2028
Emmanuel University,NCAA Division II,Conference Carolinas,Franklin Springs,Georgia,Thijs Van der Wal,OH,Sophomore,2028
Emmanuel University,NCAA Division II,Conference Carolinas,Franklin Springs,Georgia,Josh Staehler,L/DS,Sophomore,2028
Emmanuel University,NCAA Division II,Conference Carolinas,Franklin Springs,Georgia,Robby Hege,MB,Freshman,2029
Emmanuel University,NCAA Division II,Conference Carolinas,Franklin Springs,Georgia,Matthieu Bataille,MB,Freshman,2029
Emmanuel University,NCAA Division II,Conference Carolinas,Franklin Springs,Georgia,Jordan Kirk,OPP,Freshman,2029
Emmanuel University,NCAA Division II,Conference Carolinas,Franklin Springs,Georgia,Elek Cumming,OH,Sophomore,2028
Emmanuel University,NCAA Division II,Conference Carolinas,Franklin Springs,Georgia,Christian Colon-Baez,OH,Sophomore,2028
Emmanuel University,NCAA Division II,Conference Carolinas,Franklin Springs,Georgia,Luke Wilson,OH,Sophomore,2028
Emmanuel University,NCAA Division II,Conference Carolinas,Franklin Springs,Georgia,Bo Moore,S/OPP,Sophomore,2028
Emmanuel University,NCAA Division II,Conference Carolinas,Franklin Springs,Georgia,Truman Tran,S,Sophomore,2028
Emmanuel University,NCAA Division II,Conference Carolinas,Franklin Springs,Georgia,Oliwer Wrobel,S,Sophomore,2028
Emmanuel University,NCAA Division II,Conference Carolinas,Franklin Springs,Georgia,Aidan Feeney,OPP/OH,Senior,2026
Emmanuel University,NCAA Division II,Conference Carolinas,Franklin Springs,Georgia,Greg Bodus,MB,Junior,2027
Emmanuel University,NCAA Division II,Conference Carolinas,Franklin Springs,Georgia,Caleb Mears,OH,Freshman,2029
Fort Valley State University,NCAA Division II,Southern Intercollegiate Athletic Conference,Fort Valley,Georgia,Khairi Mitchell,OH,Redshirt Junior,2027
Fort Valley State University,NCAA Division II,Southern Intercollegiate Athletic Conference,Fort Valley,Georgia,Logan Rogers,S/OPP,Freshman,2029
Fort Valley State University,NCAA Division II,Southern Intercollegiate Athletic Conference,Fort Valley,Georgia,Wglen Rodriguez,MB/OPP,Freshman,2029
Fort Valley State University,NCAA Division II,Southern Intercollegiate Athletic Conference,Fort Valley,Georgia,De'vonte Payton,OPP,Senior,2026
Fort Valley State University,NCAA Division II,Southern Intercollegiate Athletic Conference,Fort Valley,Georgia,Cooper Engbrecht,MB,Freshman,2029
Fort Valley State University,NCAA Division II,Southern Intercollegiate Athletic Conference,Fort Valley,Georgia,Logan Eaton,S/L,Freshman,2029
Fort Valley State University,NCAA Division II,Southern Intercollegiate Athletic Conference,Fort Valley,Georgia,Constantine Ononye,L,Sophomore,2028
Fort Valley State University,NCAA Division II,Southern Intercollegiate Athletic Conference,Fort Valley,Georgia,Jeremyah Gaston,S/OPP,Graduate Student,2026
Fort Valley State University,NCAA Division II,Southern Intercollegiate Athletic Conference,Fort Valley,Georgia,Joel Reid,MB/OPP,Freshman,2029
Fort Valley State University,NCAA Division II,Southern Intercollegiate Athletic Conference,Fort Valley,Georgia,Keaton Long,OPP,Graduate Student,2026
Fort Valley State University,NCAA Division II,Southern Intercollegiate Athletic Conference,Fort Valley,Georgia,Muhammad Mbaye,OPP/MB,Senior,2026
Fort Valley State University,NCAA Division II,Southern Intercollegiate Athletic Conference,Fort Valley,Georgia,Haris Syed,S,Freshman,2029
Fort Valley State University,NCAA Division II,Southern Intercollegiate Athletic Conference,Fort Valley,Georgia,Jonathan Matthews,OH,Junior,2027
Fort Valley State University,NCAA Division II,Southern Intercollegiate Athletic Conference,Fort Valley,Georgia,Danyel Mayo,MB,Freshman,2029
Fort Valley State University,NCAA Division II,Southern Intercollegiate Athletic Conference,Fort Valley,Georgia,Jaeden Barnes,L,Freshman,2029
Fort Valley State University,NCAA Division II,Southern Intercollegiate Athletic Conference,Fort Valley,Georgia,Jamari Griffin,OH,Freshman,2029
Fort Valley State University,NCAA Division II,Southern Intercollegiate Athletic Conference,Fort Valley,Georgia,Isaiah Fedd,OH,Senior,2026
Fort Valley State University,NCAA Division II,Southern Intercollegiate Athletic Conference,Fort Valley,Georgia,Taviian Martin,MB/OPP,Senior,2026
Fort Valley State University,NCAA Division II,Southern Intercollegiate Athletic Conference,Fort Valley,Georgia,Jeremy Jacob Gray,OPP/OH,Redshirt Freshman,2029
Lewis University,NCAA Division II,Midwestern Intercollegiate Volleyball Association,Romeoville,Illinois,Frederick Krueger-Beer,MB,Redshirt Sophomore,2028
Lewis University,NCAA Division II,Midwestern Intercollegiate Volleyball Association,Romeoville,Illinois,Cameron Hoying,S/OH,Redshirt Sophomore,2028
Lewis University,NCAA Division II,Midwestern Intercollegiate Volleyball Association,Romeoville,Illinois,Gavin Deep,OH,Sophomore,2028
Lewis University,NCAA Division II,Midwestern Intercollegiate Volleyball Association,Romeoville,Illinois,Nico Paula,L,Senior,2026
Lewis University,NCAA Division II,Midwestern Intercollegiate Volleyball Association,Romeoville,Illinois,Ezra Boecking,OH/OPP,Redshirt Freshman,2029
Lewis University,NCAA Division II,Midwestern Intercollegiate Volleyball Association,Romeoville,Illinois,Zach Pekol,MB,Redshirt Sophomore,2028
Lewis University,NCAA Division II,Midwestern Intercollegiate Volleyball Association,Romeoville,Illinois,Luke Pekol,OPP,Redshirt Sophomore,2028
Lewis University,NCAA Division II,Midwestern Intercollegiate Volleyball Association,Romeoville,Illinois,Josh Weyerhaeuser,MB,Redshirt Junior,2027
Lewis University,NCAA Division II,Midwestern Intercollegiate Volleyball Association,Romeoville,Illinois,Shawn Baggs Jr.,MB,Redshirt Junior,2027
Lewis University,NCAA Division II,Midwestern Intercollegiate Volleyball Association,Romeoville,Illinois,Diego Estrada,S,Junior,2027
Lewis University,NCAA Division II,Midwestern Intercollegiate Volleyball Association,Romeoville,Illinois,Tyler Walenga,OH,Redshirt Sophomore,2028
Lewis University,NCAA Division II,Midwestern Intercollegiate Volleyball Association,Romeoville,Illinois,Daniel Haber,OH,Senior,2026
Lewis University,NCAA Division II,Midwestern Intercollegiate Volleyball Association,Romeoville,Illinois,Logan Chen,S,Redshirt Freshman,2029
Lewis University,NCAA Division II,Midwestern Intercollegiate Volleyball Association,Romeoville,Illinois,Cole Sweitzer,OH,Redshirt Junior,2027
Lewis University,NCAA Division II,Midwestern Intercollegiate Volleyball Association,Romeoville,Illinois,Oguzhan Oguz,OPP,Senior,2026
Lewis University,NCAA Division II,Midwestern Intercollegiate Volleyball Association,Romeoville,Illinois,Piotr Wymoczyl,MB,Senior,2026
Lewis University,NCAA Division II,Midwestern Intercollegiate Volleyball Association,Romeoville,Illinois,Ian Schuller,OPP/OH,Senior,2026
Lewis University,NCAA Division II,Midwestern Intercollegiate Volleyball Association,Romeoville,Illinois,Wyatt Jones,S,Freshman,2029
Lewis University,NCAA Division II,Midwestern Intercollegiate Volleyball Association,Romeoville,Illinois,Gauthier Brozak,OH,Freshman,2029
Lewis University,NCAA Division II,Midwestern Intercollegiate Volleyball Association,Romeoville,Illinois,Preston Fixemer,MB,Redshirt Freshman,2029
Lewis University,NCAA Division II,Midwestern Intercollegiate Volleyball Association,Romeoville,Illinois,Deyan Todorov,OH,Junior,2027
Lewis University,NCAA Division II,Midwestern Intercollegiate Volleyball Association,Romeoville,Illinois,Tyler Vasquez,L,Sophomore,2028
Lewis University,NCAA Division II,Midwestern Intercollegiate Volleyball Association,Romeoville,Illinois,Carter Johnson,UT,Sophomore,2028
Lewis University,NCAA Division II,Midwestern Intercollegiate Volleyball Association,Romeoville,Illinois,Ben Boron,OH/OPP,Freshman,2029
Lewis University,NCAA Division II,Midwestern Intercollegiate Volleyball Association,Romeoville,Illinois,Kyle Chapman,OH/OPP,Freshman,2029
McKendree University,NCAA Division II,Midwestern Intercollegiate Volleyball Association,Lebanon,Illinois,Antonio Medina,L,Redshirt Freshman,2029
McKendree University,NCAA Division II,Midwestern Intercollegiate Volleyball Association,Lebanon,Illinois,Tyler Tripp,OH,Graduate Student,2026
McKendree University,NCAA Division II,Midwestern Intercollegiate Volleyball Association,Lebanon,Illinois,Cam Sheehan,OH,Redshirt Sophomore,2028
McKendree University,NCAA Division II,Midwestern Intercollegiate Volleyball Association,Lebanon,Illinois,Boone Felts,OH,Redshirt Sophomore,2028
McKendree University,NCAA Division II,Midwestern Intercollegiate Volleyball Association,Lebanon,Illinois,Jack Morikawa,S,Senior,2026
McKendree University,NCAA Division II,Midwestern Intercollegiate Volleyball Association,Lebanon,Illinois,Yadiel Diaz,DS/L,Graduate Student,2026
McKendree University,NCAA Division II,Midwestern Intercollegiate Volleyball Association,Lebanon,Illinois,Matthew Molnar,OH/OPP,Senior,2026
McKendree University,NCAA Division II,Midwestern Intercollegiate Volleyball Association,Lebanon,Illinois,August Werner IV,OH,Redshirt Freshman,2029
McKendree University,NCAA Division II,Midwestern Intercollegiate Volleyball Association,Lebanon,Illinois,Jay Miller,L,Redshirt Junior,2027
McKendree University,NCAA Division II,Midwestern Intercollegiate Volleyball Association,Lebanon,Illinois,Bryce Wetjen,OPP,Senior,2026
McKendree University,NCAA Division II,Midwestern Intercollegiate Volleyball Association,Lebanon,Illinois,Joseph Watkins,OH,Redshirt Junior,2027
McKendree University,NCAA Division II,Midwestern Intercollegiate Volleyball Association,Lebanon,Illinois,Sam Hoskin,OH,Redshirt Senior,2026
McKendree University,NCAA Division II,Midwestern Intercollegiate Volleyball Association,Lebanon,Illinois,Andrew Ciesinski,MB,Redshirt Freshman,2029
McKendree University,NCAA Division II,Midwestern Intercollegiate Volleyball Association,Lebanon,Illinois,Will Klimek,MB,Redshirt Sophomore,2028
McKendree University,NCAA Division II,Midwestern Intercollegiate Volleyball Association,Lebanon,Illinois,Landon Smith,MB,Freshman,2029
McKendree University,NCAA Division II,Midwestern Intercollegiate Volleyball Association,Lebanon,Illinois,Jered Conway,MB,Redshirt Sophomore,2028
McKendree University,NCAA Division II,Midwestern Intercollegiate Volleyball Association,Lebanon,Illinois,Alex Griffon,MB,Freshman,2029
McKendree University,NCAA Division II,Midwestern Intercollegiate Volleyball Association,Lebanon,Illinois,Mason Heit,S,Redshirt Freshman,2029
McKendree University,NCAA Division II,Midwestern Intercollegiate Volleyball Association,Lebanon,Illinois,Dylan Ho,OH,Freshman,2029
McKendree University,NCAA Division II,Midwestern Intercollegiate Volleyball Association,Lebanon,Illinois,Ethan Jennings,OPP,Redshirt Freshman,2029
McKendree University,NCAA Division II,Midwestern Intercollegiate Volleyball Association,Lebanon,Illinois,Hudson Whitehead,OH,Freshman,2029
McKendree University,NCAA Division II,Midwestern Intercollegiate Volleyball Association,Lebanon,Illinois,Rolen Lively,MB,Senior,2026
McKendree University,NCAA Division II,Midwestern Intercollegiate Volleyball Association,Lebanon,Illinois,Bryce Bowsher,OH,Junior,2027
McKendree University,NCAA Division II,Midwestern Intercollegiate Volleyball Association,Lebanon,Illinois,Nate Flayter,S,Junior,2027
Quincy University,NCAA Division II,Great Lakes Valley Conference,Quincy,Illinois,Jade Breckheimer,L,Sophomore,2028
Quincy University,NCAA Division II,Great Lakes Valley Conference,Quincy,Illinois,Dylan Feely,S,Senior,2026
Quincy University,NCAA Division II,Great Lakes Valley Conference,Quincy,Illinois,Andrew Lichtenberger,L,Sophomore,2028
Quincy University,NCAA Division II,Great Lakes Valley Conference,Quincy,Illinois,Victor Rios,L,Freshman,2029
Quincy University,NCAA Division II,Great Lakes Valley Conference,Quincy,Illinois,Malachi Allen,OPP,Junior,2027
Quincy University,NCAA Division II,Great Lakes Valley Conference,Quincy,Illinois,Diego Cuadros,L,Sophomore,2028
Quincy University,NCAA Division II,Great Lakes Valley Conference,Quincy,Illinois,Jaxon Potter-Barker,OH,Redshirt Freshman,2029
Quincy University,NCAA Division II,Great Lakes Valley Conference,Quincy,Illinois,Trey Severson,S,Senior,2026
Quincy University,NCAA Division II,Great Lakes Valley Conference,Quincy,Illinois,Alex Barkley,OH,Junior,2027
Quincy University,NCAA Division II,Great Lakes Valley Conference,Quincy,Illinois,Bauer Larson,OPP,Redshirt Sophomore,2028
Quincy University,NCAA Division II,Great Lakes Valley Conference,Quincy,Illinois,Tomas Badan,MB,Sophomore,2028
Quincy University,NCAA Division II,Great Lakes Valley Conference,Quincy,Illinois,Pawel Tuz,S,Graduate Student,2026
Quincy University,NCAA Division II,Great Lakes Valley Conference,Quincy,Illinois,Ariq Casas,L,Junior,2027
Quincy University,NCAA Division II,Great Lakes Valley Conference,Quincy,Illinois,Jaquinn Miller,S,Freshman,2029
Quincy University,NCAA Division II,Great Lakes Valley Conference,Quincy,Illinois,Barnabas Fenyvesi,OH,Junior,2027
Quincy University,NCAA Division II,Great Lakes Valley Conference,Quincy,Illinois,Zackary Zdrojeski,OH,Senior,2026
Quincy University,NCAA Division II,Great Lakes Valley Conference,Quincy,Illinois,Cam Ely,OH,Freshman,2029
Quincy University,NCAA Division II,Great Lakes Valley Conference,Quincy,Illinois,Ryne Jacobsen,OH,Senior,2026
Quincy University,NCAA Division II,Great Lakes Valley Conference,Quincy,Illinois,Kaloyan Mirtchev,OPP,Freshman,2029
Quincy University,NCAA Division II,Great Lakes Valley Conference,Quincy,Illinois,Isaiah Travis,MB,Redshirt Sophomore,2028
Quincy University,NCAA Division II,Great Lakes Valley Conference,Quincy,Illinois,Travis Mendoza,MB,Sophomore,2028
Roosevelt University,NCAA Division II,Great Lakes Valley Conference,Chicago,Illinois,Christian Reddaway,PIN,Junior,2027
Roosevelt University,NCAA Division II,Great Lakes Valley Conference,Chicago,Illinois,Jonathan Stovring,MB,Junior,2027
Roosevelt University,NCAA Division II,Great Lakes Valley Conference,Chicago,Illinois,Simone Augugliaro,PIN,Freshman,2029
Roosevelt University,NCAA Division II,Great Lakes Valley Conference,Chicago,Illinois,Simone Mondin,L,Freshman,2029
Roosevelt University,NCAA Division II,Great Lakes Valley Conference,Chicago,Illinois,Keawe Ayau,PIN,Sophomore,2028
Roosevelt University,NCAA Division II,Great Lakes Valley Conference,Chicago,Illinois,Erik Gonzalez,PIN,Sophomore,2028
Roosevelt University,NCAA Division II,Great Lakes Valley Conference,Chicago,Illinois,Martino Bertagnoli,S,Sophomore,2028
Roosevelt University,NCAA Division II,Great Lakes Valley Conference,Chicago,Illinois,Andre Cippiciani,PIN,Junior,2027
Roosevelt University,NCAA Division II,Great Lakes Valley Conference,Chicago,Illinois,Braxton McGonigle,PIN,Freshman,2029
Roosevelt University,NCAA Division II,Great Lakes Valley Conference,Chicago,Illinois,Kajetan Bieniek,PIN,Sophomore,2028
Roosevelt University,NCAA Division II,Great Lakes Valley Conference,Chicago,Illinois,Mark Zmojdzin,PIN,Senior,2026
Roosevelt University,NCAA Division II,Great Lakes Valley Conference,Chicago,Illinois,Ashton Stage,MB,Freshman,2029
Roosevelt University,NCAA Division II,Great Lakes Valley Conference,Chicago,Illinois,Yeban Youn,L,Junior,2027
Roosevelt University,NCAA Division II,Great Lakes Valley Conference,Chicago,Illinois,Adrian Gajewski,S,Senior,2026
Kentucky State University,NCAA Division II,Southern Intercollegiate Athletic Conference,Frankfort,Kentucky,Jacob Herman,MB,Freshman,2029
Kentucky State University,NCAA Division II,Southern Intercollegiate Athletic Conference,Frankfort,Kentucky,Jalen Finch,MB/OPP,Graduate Student,2026
Kentucky State University,NCAA Division II,Southern Intercollegiate Athletic Conference,Frankfort,Kentucky,Jamir Patterson,OH/DS,Freshman,2029
Kentucky State University,NCAA Division II,Southern Intercollegiate Athletic Conference,Frankfort,Kentucky,Jailen Jones,N/A,Senior,2026
Kentucky State University,NCAA Division II,Southern Intercollegiate Athletic Conference,Frankfort,Kentucky,Jamal Gray,L,Graduate Student,2026
Kentucky State University,NCAA Division II,Southern Intercollegiate Athletic Conference,Frankfort,Kentucky,D'Angelo Coleman,OH,Junior,2027
Kentucky State University,NCAA Division II,Southern Intercollegiate Athletic Conference,Frankfort,Kentucky,Jackson Moffitt,OH/S,Freshman,2029
Kentucky State University,NCAA Division II,Southern Intercollegiate Athletic Conference,Frankfort,Kentucky,Ignance Ntagara,S/OPP,Freshman,2029
Kentucky State University,NCAA Division II,Southern Intercollegiate Athletic Conference,Frankfort,Kentucky,Aidan Anestor,MBB,Junior,2027
Kentucky State University,NCAA Division II,Southern Intercollegiate Athletic Conference,Frankfort,Kentucky,Charles Ababio,OPP,Freshman,2029
Kentucky State University,NCAA Division II,Southern Intercollegiate Athletic Conference,Frankfort,Kentucky,Jeramiah Wilmond,MB,Freshman,2029
Thomas More University,NCAA Division II,Great Lakes Valley Conference,Crestview Hills,Kentucky,Dominic Rossi,OH,Senior,2026
Thomas More University,NCAA Division II,Great Lakes Valley Conference,Crestview Hills,Kentucky,Blake Kibler,DS,Junior,2027
Thomas More University,NCAA Division II,Great Lakes Valley Conference,Crestview Hills,Kentucky,Noah Smith-Trondle,S,Senior,2026
Thomas More University,NCAA Division II,Great Lakes Valley Conference,Crestview Hills,Kentucky,Will Strasser,OH,Senior,2026
Thomas More University,NCAA Division II,Great Lakes Valley Conference,Crestview Hills,Kentucky,Will Busken,OPP,Senior,2026
Thomas More University,NCAA Division II,Great Lakes Valley Conference,Crestview Hills,Kentucky,Braden Hicks,OPP,Senior,2026
Thomas More University,NCAA Division II,Great Lakes Valley Conference,Crestview Hills,Kentucky,Tanner Stinnett,DS,Junior,2027
Thomas More University,NCAA Division II,Great Lakes Valley Conference,Crestview Hills,Kentucky,Maciej Kopacz,OH,Sophomore,2028
Thomas More University,NCAA Division II,Great Lakes Valley Conference,Crestview Hills,Kentucky,Jacob Schurfranz,MB,Junior,2027
American International College,NCAA Division II,East Coast Conference,Springfield,Massachusetts,JoJo Rosario,DS/L,Senior,2026
American International College,NCAA Division II,East Coast Conference,Springfield,Massachusetts,Rian Woods,S,Sophomore,2028
American International College,NCAA Division II,East Coast Conference,Springfield,Massachusetts,Aidan Miller,S,Junior,2027
American International College,NCAA Division II,East Coast Conference,Springfield,Massachusetts,Ray Peralta,OH,Senior,2026
American International College,NCAA Division II,East Coast Conference,Springfield,Massachusetts,Robert Santana,OH,Senior,2026
American International College,NCAA Division II,East Coast Conference,Springfield,Massachusetts,Willie Lopez Morales,RS,Junior,2027
American International College,NCAA Division II,East Coast Conference,Springfield,Massachusetts,Spencer Boucher,DS/L,Freshman,2029
American International College,NCAA Division II,East Coast Conference,Springfield,Massachusetts,Vincent Young,DS/L,Freshman,2029
American International College,NCAA Division II,East Coast Conference,Springfield,Massachusetts,Victor Alamo,RS/OH,Senior,2026
American International College,NCAA Division II,East Coast Conference,Springfield,Massachusetts,Alexander Vincent,MB,Freshman,2029
American International College,NCAA Division II,East Coast Conference,Springfield,Massachusetts,Fabian Lugo,L/DS,Senior,2026
American International College,NCAA Division II,East Coast Conference,Springfield,Massachusetts,Jamari Stevens,RS,Sophomore,2028
American International College,NCAA Division II,East Coast Conference,Springfield,Massachusetts,McBenedict Mweze,OH,Sophomore,2028
American International College,NCAA Division II,East Coast Conference,Springfield,Massachusetts,Gianfranco Semeraro-Bellanca,MB,Freshman,2029
American International College,NCAA Division II,East Coast Conference,Springfield,Massachusetts,Emil Zhmaidziak,OH,Sophomore,2028
American International College,NCAA Division II,East Coast Conference,Springfield,Massachusetts,Connor White,MB,Junior,2027
American International College,NCAA Division II,East Coast Conference,Springfield,Massachusetts,Shion Claflin,S,Freshman,2029
American International College,NCAA Division II,East Coast Conference,Springfield,Massachusetts,Armani Anderson,OH,Sophomore,2028
American International College,NCAA Division II,East Coast Conference,Springfield,Massachusetts,Jamilson Depina Almeida,RS/OH,Freshman,2029
American International College,NCAA Division II,East Coast Conference,Springfield,Massachusetts,Toreign Foster,RS/MB,Sophomore,2028
American International College,NCAA Division II,East Coast Conference,Springfield,Massachusetts,Dymittry Terra,MB,Freshman,2029
Davenport University,NCAA Division II,Great Lakes Men's Volleyball Conference,Grand Rapids,Michigan,Peyton Keely,L,Junior,2027
Davenport University,NCAA Division II,Great Lakes Men's Volleyball Conference,Grand Rapids,Michigan,Cameron Meier,OH/RS,Junior,2027
Davenport University,NCAA Division II,Great Lakes Men's Volleyball Conference,Grand Rapids,Michigan,Logan Sowers,OH/MB,Sophomore,2028
Davenport University,NCAA Division II,Great Lakes Men's Volleyball Conference,Grand Rapids,Michigan,Jacob Block,OPP/S,Junior,2027
Davenport University,NCAA Division II,Great Lakes Men's Volleyball Conference,Grand Rapids,Michigan,Jackson Palmitier,OH/OPP,Senior,2026
Davenport University,NCAA Division II,Great Lakes Men's Volleyball Conference,Grand Rapids,Michigan,James May,L,Junior,2027
Davenport University,NCAA Division II,Great Lakes Men's Volleyball Conference,Grand Rapids,Michigan,Robert Lowes,S,Sophomore,2028
Davenport University,NCAA Division II,Great Lakes Men's Volleyball Conference,Grand Rapids,Michigan,Gavin Vandergraaf,OH/OPP,Sophomore,2028
Davenport University,NCAA Division II,Great Lakes Men's Volleyball Conference,Grand Rapids,Michigan,Phoenix Bol,MB,Sophomore,2028
Davenport University,NCAA Division II,Great Lakes Men's Volleyball Conference,Grand Rapids,Michigan,Natanael Mena,MB,Freshman,2029
Davenport University,NCAA Division II,Great Lakes Men's Volleyball Conference,Grand Rapids,Michigan,Simone Pacciolla,OH/OPP,Senior,2026
Davenport University,NCAA Division II,Great Lakes Men's Volleyball Conference,Grand Rapids,Michigan,Shaquann Amenuvor,MB/OPP,Freshman,2029
Davenport University,NCAA Division II,Great Lakes Men's Volleyball Conference,Grand Rapids,Michigan,Tristan Whitman,S,Freshman,2029
Maryville University,NCAA Division II,Great Lakes Valley Conference,Saint Louis,Missouri,Peter Soczewka,OH,Junior,2027
Maryville University,NCAA Division II,Great Lakes Valley Conference,Saint Louis,Missouri,Bryson Berry,OH,Freshman,2029
Maryville University,NCAA Division II,Great Lakes Valley Conference,Saint Louis,Missouri,Aidan Whitemountain,L,Sophomore,2028
Maryville University,NCAA Division II,Great Lakes Valley Conference,Saint Louis,Missouri,Makai Scott,OH,Junior,2027
Maryville University,NCAA Division II,Great Lakes Valley Conference,Saint Louis,Missouri,Jayden Rookhuyzen,OH,Graduate Student,2026
Maryville University,NCAA Division II,Great Lakes Valley Conference,Saint Louis,Missouri,Jake Usher,S,Redshirt Sophomore,2028
Maryville University,NCAA Division II,Great Lakes Valley Conference,Saint Louis,Missouri,Georgios Kouvaras,OH,Freshman,2029
Maryville University,NCAA Division II,Great Lakes Valley Conference,Saint Louis,Missouri,Kenan Larry,OH,Sophomore,2028
Maryville University,NCAA Division II,Great Lakes Valley Conference,Saint Louis,Missouri,Arezzio Rietti,MB,Junior,2027
Maryville University,NCAA Division II,Great Lakes Valley Conference,Saint Louis,Missouri,AJ Robateau,MB,Redshirt Junior,2027
Maryville University,NCAA Division II,Great Lakes Valley Conference,Saint Louis,Missouri,Jonah Matthew,OH,Sophomore,2028
Maryville University,NCAA Division II,Great Lakes Valley Conference,Saint Louis,Missouri,Tristan Benbow,MB,Sophomore,2028
Maryville University,NCAA Division II,Great Lakes Valley Conference,Saint Louis,Missouri,Ezra Maupin,MB,Redshirt Freshman,2029
Maryville University,NCAA Division II,Great Lakes Valley Conference,Saint Louis,Missouri,Ethan Tran,OPP,Freshman,2029
Maryville University,NCAA Division II,Great Lakes Valley Conference,Saint Louis,Missouri,Alex Engels,L/DS,Sophomore,2028
Maryville University,NCAA Division II,Great Lakes Valley Conference,Saint Louis,Missouri,Makai Nzioki,OPP,Redshirt Freshman,2029
Maryville University,NCAA Division II,Great Lakes Valley Conference,Saint Louis,Missouri,Tyler Sobieralski,OH,Sophomore,2028
Maryville University,NCAA Division II,Great Lakes Valley Conference,Saint Louis,Missouri,Luke Martinez,MB,Freshman,2029
Maryville University,NCAA Division II,Great Lakes Valley Conference,Saint Louis,Missouri,Zac Clark,L,Senior,2026
Missouri University of Science & Technology,NCAA Division II,Great Lakes Valley Conference,Rolla,Missouri,Jack Cioni,OH,Sophomore,2028
Missouri University of Science & Technology,NCAA Division II,Great Lakes Valley Conference,Rolla,Missouri,Owen Price,L,Senior,2026
Missouri University of Science & Technology,NCAA Division II,Great Lakes Valley Conference,Rolla,Missouri,Erik Giezycki,S,Redshirt Junior,2027
Missouri University of Science & Technology,NCAA Division II,Great Lakes Valley Conference,Rolla,Missouri,Tyler Johnwick,MB,Junior,2027
Missouri University of Science & Technology,NCAA Division II,Great Lakes Valley Conference,Rolla,Missouri,Cole Hoehn,OH,Freshman,2029
Missouri University of Science & Technology,NCAA Division II,Great Lakes Valley Conference,Rolla,Missouri,Caleb Rohlwing,MB,Senior,2026
Missouri University of Science & Technology,NCAA Division II,Great Lakes Valley Conference,Rolla,Missouri,Jackson Campbell,OPP,Sophomore,2028
Missouri University of Science & Technology,NCAA Division II,Great Lakes Valley Conference,Rolla,Missouri,Adam Koniecko,MB,Junior,2027
Missouri University of Science & Technology,NCAA Division II,Great Lakes Valley Conference,Rolla,Missouri,Nate Meyer,OH,Senior,2026
Missouri University of Science & Technology,NCAA Division II,Great Lakes Valley Conference,Rolla,Missouri,Camden Seaver,OH,Junior,2027
Missouri University of Science & Technology,NCAA Division II,Great Lakes Valley Conference,Rolla,Missouri,Zachary Carff,OH,Senior,2026
Missouri University of Science & Technology,NCAA Division II,Great Lakes Valley Conference,Rolla,Missouri,Aaron Sallade,OPP,Senior,2026
Missouri University of Science & Technology,NCAA Division II,Great Lakes Valley Conference,Rolla,Missouri,Josh Duett,OH,Senior,2026
Missouri University of Science & Technology,NCAA Division II,Great Lakes Valley Conference,Rolla,Missouri,Grogan Kraus,MB,Senior,2026
Missouri University of Science & Technology,NCAA Division II,Great Lakes Valley Conference,Rolla,Missouri,Brendan Laury,L,Freshman,2029
Missouri University of Science & Technology,NCAA Division II,Great Lakes Valley Conference,Rolla,Missouri,Damien Watson,DS,Sophomore,2028
Missouri University of Science & Technology,NCAA Division II,Great Lakes Valley Conference,Rolla,Missouri,Ryan Sword,MB,Senior,2026
Missouri University of Science & Technology,NCAA Division II,Great Lakes Valley Conference,Rolla,Missouri,Spencer Duvall,S,Freshman,2029
Missouri University of Science & Technology,NCAA Division II,Great Lakes Valley Conference,Rolla,Missouri,Grant Edmonds,S,Junior,2027
Missouri University of Science & Technology,NCAA Division II,Great Lakes Valley Conference,Rolla,Missouri,Aris Maurukas,OH,Freshman,2029
Missouri University of Science & Technology,NCAA Division II,Great Lakes Valley Conference,Rolla,Missouri,Harris Robinson,S,Freshman,2029
Missouri University of Science & Technology,NCAA Division II,Great Lakes Valley Conference,Rolla,Missouri,Bartosz Chmielewski,L,Junior,2027
Rockhurst University,NCAA Division II,Great Lakes Valley Conference,Kansas City,Missouri,Trent Massey,OH,Junior,2027
Rockhurst University,NCAA Division II,Great Lakes Valley Conference,Kansas City,Missouri,Nathan Jacques,S,Junior,2027
Rockhurst University,NCAA Division II,Great Lakes Valley Conference,Kansas City,Missouri,Enrique Soto,OH,Freshman,2029
Rockhurst University,NCAA Division II,Great Lakes Valley Conference,Kansas City,Missouri,Ben Salanski,S,Freshman,2029
Rockhurst University,NCAA Division II,Great Lakes Valley Conference,Kansas City,Missouri,Shay Spadaro,OH,Senior,2026
Rockhurst University,NCAA Division II,Great Lakes Valley Conference,Kansas City,Missouri,Will Sutphen,MB,Redshirt Freshman,2029
Rockhurst University,NCAA Division II,Great Lakes Valley Conference,Kansas City,Missouri,Brooks Elstun,MB,Freshman,2029
Rockhurst University,NCAA Division II,Great Lakes Valley Conference,Kansas City,Missouri,Wesley Yusk,MB,Graduate Student,2026
Rockhurst University,NCAA Division II,Great Lakes Valley Conference,Kansas City,Missouri,Aron DeRoy,MB,Sophomore,2028
Rockhurst University,NCAA Division II,Great Lakes Valley Conference,Kansas City,Missouri,Bailey McCue,L,Sophomore,2028
Rockhurst University,NCAA Division II,Great Lakes Valley Conference,Kansas City,Missouri,Daniel Mekonen,MB,Sophomore,2028
Rockhurst University,NCAA Division II,Great Lakes Valley Conference,Kansas City,Missouri,Cooper Chamblee,OH,Freshman,2029
Rockhurst University,NCAA Division II,Great Lakes Valley Conference,Kansas City,Missouri,Quentin Huhman,OH,Freshman,2029
Rockhurst University,NCAA Division II,Great Lakes Valley Conference,Kansas City,Missouri,Jackson Daugherty,L,Junior,2027
Rockhurst University,NCAA Division II,Great Lakes Valley Conference,Kansas City,Missouri,Ryan Collins,L,Graduate Student,2026
Rockhurst University,NCAA Division II,Great Lakes Valley Conference,Kansas City,Missouri,Tyler Bittel,MB,Sophomore,2028
Rockhurst University,NCAA Division II,Great Lakes Valley Conference,Kansas City,Missouri,Jack McMillen,MB,Freshman,2029
Rockhurst University,NCAA Division II,Great Lakes Valley Conference,Kansas City,Missouri,Lucas Tran,OPP,Sophomore,2028
Rockhurst University,NCAA Division II,Great Lakes Valley Conference,Kansas City,Missouri,Nate Barton,OPP,Sophomore,2028
Rockhurst University,NCAA Division II,Great Lakes Valley Conference,Kansas City,Missouri,Tyler Zippay,S,Sophomore,2028
Southwest Baptist University,NCAA Division II,Great Lakes Valley Conference,Bolivar,Missouri,Wade Atkins,OH/OPP,Junior,2027
Southwest Baptist University,NCAA Division II,Great Lakes Valley Conference,Bolivar,Missouri,Jayse Hayashi,DS/L,Freshman,2029
Southwest Baptist University,NCAA Division II,Great Lakes Valley Conference,Bolivar,Missouri,Jden Ferguson,MB,Freshman,2029
Southwest Baptist University,NCAA Division II,Great Lakes Valley Conference,Bolivar,Missouri,Lucas Phelan,OH/OPP,Freshman,2029
Southwest Baptist University,NCAA Division II,Great Lakes Valley Conference,Bolivar,Missouri,Donel Sengele,OPP,Freshman,2029
Southwest Baptist University,NCAA Division II,Great Lakes Valley Conference,Bolivar,Missouri,Callen Taylor,OH/OPP,Freshman,2029
Southwest Baptist University,NCAA Division II,Great Lakes Valley Conference,Bolivar,Missouri,Silas Riggins,MB,Freshman,2029
Southwest Baptist University,NCAA Division II,Great Lakes Valley Conference,Bolivar,Missouri,Juan Quiles,S,Freshman,2029
Southwest Baptist University,NCAA Division II,Great Lakes Valley Conference,Bolivar,Missouri,Brice Knoll,S,Graduate Student,2026
Southwest Baptist University,NCAA Division II,Great Lakes Valley Conference,Bolivar,Missouri,Pedro Quiles,OH/OPP,Freshman,2029
Southwest Baptist University,NCAA Division II,Great Lakes Valley Conference,Bolivar,Missouri,Julius Momoe-Mitchell,OH/OPP,Freshman,2029
Southwest Baptist University,NCAA Division II,Great Lakes Valley Conference,Bolivar,Missouri,Evan Strahlendorf,OH/OPP,Freshman,2029
Southwest Baptist University,NCAA Division II,Great Lakes Valley Conference,Bolivar,Missouri,Keahi Kaneakua,S/OH,Freshman,2029
Southwest Baptist University,NCAA Division II,Great Lakes Valley Conference,Bolivar,Missouri,Darrell Kosechequetah,OPP,Freshman,2029
Southwest Baptist University,NCAA Division II,Great Lakes Valley Conference,Bolivar,Missouri,Colton DeVlieger,S,Freshman,2029
Southwest Baptist University,NCAA Division II,Great Lakes Valley Conference,Bolivar,Missouri,Caulin Owen,MB/OPP,Sophomore,2028
Southwest Baptist University,NCAA Division II,Great Lakes Valley Conference,Bolivar,Missouri,Nelson Castellanos,L/DS,Junior,2027
Southwest Baptist University,NCAA Division II,Great Lakes Valley Conference,Bolivar,Missouri,Jeremiah Crecelius,OPP,Freshman,2029
D'Youville University,NCAA Division II,East Coast Conference,Buffalo,New York,Deeraj Varma,OH,Junior,2027
D'Youville University,NCAA Division II,East Coast Conference,Buffalo,New York,Isaiah Tinsley,OH,Freshman,2029
D'Youville University,NCAA Division II,East Coast Conference,Buffalo,New York,Peyton Planz,S,Sophomore,2028
D'Youville University,NCAA Division II,East Coast Conference,Buffalo,New York,Drew Vensko,S,Freshman,2029
D'Youville University,NCAA Division II,East Coast Conference,Buffalo,New York,Jaden Webster,MB,Freshman,2029
D'Youville University,NCAA Division II,East Coast Conference,Buffalo,New York,Cleveland Brown Jr.,L,Freshman,2029
D'Youville University,NCAA Division II,East Coast Conference,Buffalo,New York,Ethan Robinson,OH,Junior,2027
D'Youville University,NCAA Division II,East Coast Conference,Buffalo,New York,Andrew Haber,S,Senior,2026
D'Youville University,NCAA Division II,East Coast Conference,Buffalo,New York,Skyler Tutor,OPP,Junior,2027
D'Youville University,NCAA Division II,East Coast Conference,Buffalo,New York,Owen Solis,OH,Freshman,2029
D'Youville University,NCAA Division II,East Coast Conference,Buffalo,New York,Ty Parker,MB,Senior,2026
D'Youville University,NCAA Division II,East Coast Conference,Buffalo,New York,Sam Pizarro-Amaya,OPP,Freshman,2029
D'Youville University,NCAA Division II,East Coast Conference,Buffalo,New York,Alex Lin,L,Freshman,2029
D'Youville University,NCAA Division II,East Coast Conference,Buffalo,New York,Daniel Seymour,MB,Senior,2026
D'Youville University,NCAA Division II,East Coast Conference,Buffalo,New York,Dempsey Ptaszkiewicz,MB,Freshman,2029
D'Youville University,NCAA Division II,East Coast Conference,Buffalo,New York,Luk Markwardt,OH/OPP,Freshman,2029
Daemen University,NCAA Division II,East Coast Conference,Amherst,New York,Kyle Zelasko,DS,Senior,2026
Daemen University,NCAA Division II,East Coast Conference,Amherst,New York,Lucas Pynn,DS,Freshman,2029
Daemen University,NCAA Division II,East Coast Conference,Amherst,New York,Johnaustin Bly,OH,Redshirt Junior,2027
Daemen University,NCAA Division II,East Coast Conference,Amherst,New York,Jariel Giraud,S,Junior,2027
Daemen University,NCAA Division II,East Coast Conference,Amherst,New York,Peter Leicht,OH,Redshirt Sophomore,2028
Daemen University,NCAA Division II,East Coast Conference,Amherst,New York,Jack Rooney,OH,Junior,2027
Daemen University,NCAA Division II,East Coast Conference,Amherst,New York,Eddie Kwarciak,OH,Redshirt Sophomore,2028
Daemen University,NCAA Division II,East Coast Conference,Amherst,New York,Rocco Lucci,S,Freshman,2029
Daemen University,NCAA Division II,East Coast Conference,Amherst,New York,Bradyn Winters,S,Junior,2027
Daemen University,NCAA Division II,East Coast Conference,Amherst,New York,Maverick O'Neill,MB,5th Year,2026
Daemen University,NCAA Division II,East Coast Conference,Amherst,New York,Jake Basinski,OH,5th Year,2026
Daemen University,NCAA Division II,East Coast Conference,Amherst,New York,Jonas Drum,OH,Redshirt Freshman,2029
Daemen University,NCAA Division II,East Coast Conference,Amherst,New York,Harrison Vargo,MH/RS,Freshman,2029
Daemen University,NCAA Division II,East Coast Conference,Amherst,New York,Jeremiah Laird,MH/RS,Freshman,2029
Daemen University,NCAA Division II,East Coast Conference,Amherst,New York,Charlie Allesi,OH/RS,Freshman,2029
Daemen University,NCAA Division II,East Coast Conference,Amherst,New York,Brody Montgomery,RS,Redshirt Freshman,2029
Daemen University,NCAA Division II,East Coast Conference,Amherst,New York,Patrick Mullen,RS,Redshirt Sophomore,2028
Daemen University,NCAA Division II,East Coast Conference,Amherst,New York,Billy Wieberg,OH,Redshirt Senior,2026
Daemen University,NCAA Division II,East Coast Conference,Amherst,New York,Aidan White,OH,Redshirt Freshman,2029
Dominican University New York,NCAA Division II,East Coast Conference,Orangeburg,New York,Darius Brown,L,Redshirt Freshman,2029
Dominican University New York,NCAA Division II,East Coast Conference,Orangeburg,New York,Shido Amakata,L,Freshman,2029
Dominican University New York,NCAA Division II,East Coast Conference,Orangeburg,New York,Seth Terry,S,Redshirt Freshman,2029
Dominican University New York,NCAA Division II,East Coast Conference,Orangeburg,New York,Tobias Marandet,MB,Freshman,2029
Dominican University New York,NCAA Division II,East Coast Conference,Orangeburg,New York,Ayden Shaw,OH,Junior,2027
Dominican University New York,NCAA Division II,East Coast Conference,Orangeburg,New York,Jackson Shaw,OH,Freshman,2029
Dominican University New York,NCAA Division II,East Coast Conference,Orangeburg,New York,Gavin Tate,OH,Junior,2027
Dominican University New York,NCAA Division II,East Coast Conference,Orangeburg,New York,Dennis Ancheta,L,Junior,2027
Dominican University New York,NCAA Division II,East Coast Conference,Orangeburg,New York,Jaiden Wilcox,S,Junior,2027
Dominican University New York,NCAA Division II,East Coast Conference,Orangeburg,New York,Jacob Davidson,OPP,Junior,2027
Dominican University New York,NCAA Division II,East Coast Conference,Orangeburg,New York,Phillip Kurisko,OPP,Junior,2027
Dominican University New York,NCAA Division II,East Coast Conference,Orangeburg,New York,Carsen Gore,OPP,Redshirt Sophomore,2028
Dominican University New York,NCAA Division II,East Coast Conference,Orangeburg,New York,Hunter Paio,MB,Sophomore,2028
Dominican University New York,NCAA Division II,East Coast Conference,Orangeburg,New York,Cesar Reyes,OH,Redshirt Freshman,2029
Dominican University New York,NCAA Division II,East Coast Conference,Orangeburg,New York,Phinehas Wiley,OH,Junior,2027
Dominican University New York,NCAA Division II,East Coast Conference,Orangeburg,New York,Tommaso Falchi,MB/OPP,Junior,2027
Dominican University New York,NCAA Division II,East Coast Conference,Orangeburg,New York,Alejandro Miranda,L,Senior,2026
Dominican University New York,NCAA Division II,East Coast Conference,Orangeburg,New York,Luke Gavin-Ruple,MB,Sophomore,2028
Dominican University New York,NCAA Division II,East Coast Conference,Orangeburg,New York,Andrew Rose,S,Freshman,2029
Roberts Wesleyan University,NCAA Division II,East Coast Conference,Rochester,New York,Connor Latta,OH,Freshman,2029
Roberts Wesleyan University,NCAA Division II,East Coast Conference,Rochester,New York,Michael Cummings,MB,Senior,2026
Roberts Wesleyan University,NCAA Division II,East Coast Conference,Rochester,New York,Noah Liousfi,MB/OPP,Senior,2026
Roberts Wesleyan University,NCAA Division II,East Coast Conference,Rochester,New York,Kaidan Krchniak,OH,Junior,2027
Roberts Wesleyan University,NCAA Division II,East Coast Conference,Rochester,New York,Moises Jimenez,L,Senior,2026
Roberts Wesleyan University,NCAA Division II,East Coast Conference,Rochester,New York,Gavin Terp,MB,Freshman,2029
Roberts Wesleyan University,NCAA Division II,East Coast Conference,Rochester,New York,Jayce Moore,OH,Freshman,2029
Roberts Wesleyan University,NCAA Division II,East Coast Conference,Rochester,New York,Patrick Bodecker,OH/OPP,Sophomore,2028
Roberts Wesleyan University,NCAA Division II,East Coast Conference,Rochester,New York,Griffin Monrad,OPP,Junior,2027
Roberts Wesleyan University,NCAA Division II,East Coast Conference,Rochester,New York,Andrew Howe,S,Sophomore,2028
Roberts Wesleyan University,NCAA Division II,East Coast Conference,Rochester,New York,Landon Brouwer,S,Sophomore,2028
Roberts Wesleyan University,NCAA Division II,East Coast Conference,Rochester,New York,Paul Fillion,OH/MB,Junior,2027
Roberts Wesleyan University,NCAA Division II,East Coast Conference,Rochester,New York,Liam O'Keefe,OPP/L,Sophomore,2028
Roberts Wesleyan University,NCAA Division II,East Coast Conference,Rochester,New York,Ryan DeJohn,OH,Sophomore,2028
Roberts Wesleyan University,NCAA Division II,East Coast Conference,Rochester,New York,Jordan Hoover,MB,Freshman,2029
Roberts Wesleyan University,NCAA Division II,East Coast Conference,Rochester,New York,Calvin Lill,MB/OPP,Sophomore,2028
Roberts Wesleyan University,NCAA Division II,East Coast Conference,Rochester,New York,Andrew Lam,L/DS,Freshman,2029
Roberts Wesleyan University,NCAA Division II,East Coast Conference,Rochester,New York,Nate Worden,DS,Sophomore,2028
St. Thomas Aquinas College,NCAA Division II,East Coast Conference,Sparkill,New York,Ivaylo Todorov,L,Sophomore,2028
St. Thomas Aquinas College,NCAA Division II,East Coast Conference,Sparkill,New York,Felix Hallernas,OH,Freshman,2029
St. Thomas Aquinas College,NCAA Division II,East Coast Conference,Sparkill,New York,Marcus Franck,S,Senior,2026
St. Thomas Aquinas College,NCAA Division II,East Coast Conference,Sparkill,New York,Nicholas Santos,OH/OPP,Senior,2026
St. Thomas Aquinas College,NCAA Division II,East Coast Conference,Sparkill,New York,Rayden Powell,MB,Sophomore,2028
St. Thomas Aquinas College,NCAA Division II,East Coast Conference,Sparkill,New York,Jakob Schwarz,OPP,Freshman,2029
St. Thomas Aquinas College,NCAA Division II,East Coast Conference,Sparkill,New York,Luis Grath,MB,Freshman,2029
St. Thomas Aquinas College,NCAA Division II,East Coast Conference,Sparkill,New York,Kyran Versteegen,OH,Junior,2027
St. Thomas Aquinas College,NCAA Division II,East Coast Conference,Sparkill,New York,Arlo Lindkvist,S,Freshman,2029
St. Thomas Aquinas College,NCAA Division II,East Coast Conference,Sparkill,New York,Ylan Tapper,OH,Freshman,2029
St. Thomas Aquinas College,NCAA Division II,East Coast Conference,Sparkill,New York,Joaquim Petegrosso,OH,Sophomore,2028
St. Thomas Aquinas College,NCAA Division II,East Coast Conference,Sparkill,New York,Jake Jeran,OH/RS,Freshman,2029
St. Thomas Aquinas College,NCAA Division II,East Coast Conference,Sparkill,New York,Joaquin La Jara,S,Junior,2027
St. Thomas Aquinas College,NCAA Division II,East Coast Conference,Sparkill,New York,David Weiss,MB,Junior,2027
St. Thomas Aquinas College,NCAA Division II,East Coast Conference,Sparkill,New York,Santiago Valença,OH/OPP,Sophomore,2028
St. Thomas Aquinas College,NCAA Division II,East Coast Conference,Sparkill,New York,Alan Santiago,RS,Freshman,2029
St. Thomas Aquinas College,NCAA Division II,East Coast Conference,Sparkill,New York,Alusine Kemokai,MB,Sophomore,2028
St. Thomas Aquinas College,NCAA Division II,East Coast Conference,Sparkill,New York,Anthony Fedor,OH,Sophomore,2028
St. Thomas Aquinas College,NCAA Division II,East Coast Conference,Sparkill,New York,Lourenço Dias,OH,Freshman,2029
St. Thomas Aquinas College,NCAA Division II,East Coast Conference,Sparkill,New York,Gustavo Reinert,OH,Freshman,2029
St. Thomas Aquinas College,NCAA Division II,East Coast Conference,Sparkill,New York,Bas van Deventer,L,Freshman,2029
Barton College,NCAA Division II,Conference Carolinas,Wilson,North Carolina,Ian Ford,S,Junior,2027
Barton College,NCAA Division II,Conference Carolinas,Wilson,North Carolina,Abel Davalos,OH/L,Sophomore,2028
Barton College,NCAA Division II,Conference Carolinas,Wilson,North Carolina,Dominik Limberopoulos,MB,Junior,2027
Barton College,NCAA Division II,Conference Carolinas,Wilson,North Carolina,Miles Wojcik,MB,Freshman,2029
Barton College,NCAA Division II,Conference Carolinas,Wilson,North Carolina,Luke Deppe,OH,Junior,2027
Barton College,NCAA Division II,Conference Carolinas,Wilson,North Carolina,Miles Weaver,OH,Freshman,2029
Barton College,NCAA Division II,Conference Carolinas,Wilson,North Carolina,Lawson Hink,OH/RS,Sophomore,2028
Barton College,NCAA Division II,Conference Carolinas,Wilson,North Carolina,Logan Patterson,MB,Freshman,2029
Barton College,NCAA Division II,Conference Carolinas,Wilson,North Carolina,Sammy DeBilzan,S,Sophomore,2028
Barton College,NCAA Division II,Conference Carolinas,Wilson,North Carolina,Miguel Smurl,OH,Freshman,2029
Barton College,NCAA Division II,Conference Carolinas,Wilson,North Carolina,Ryan Geraci,MB,Junior,2027
Barton College,NCAA Division II,Conference Carolinas,Wilson,North Carolina,Jordan Taylor,OH/RS,Junior,2027
Barton College,NCAA Division II,Conference Carolinas,Wilson,North Carolina,Max Bayer,OH/L,Freshman,2029
Barton College,NCAA Division II,Conference Carolinas,Wilson,North Carolina,Jose Ruiz,L,Sophomore,2028
Barton College,NCAA Division II,Conference Carolinas,Wilson,North Carolina,Cooper Edwards,OH,Senior,2026
Barton College,NCAA Division II,Conference Carolinas,Wilson,North Carolina,Jacob Martinez,OH/RS,Freshman,2029
Barton College,NCAA Division II,Conference Carolinas,Wilson,North Carolina,Hunter Marcantonio,OH,Sophomore,2028
Barton College,NCAA Division II,Conference Carolinas,Wilson,North Carolina,Xander Hammer,OH/L,Freshman,2029
Barton College,NCAA Division II,Conference Carolinas,Wilson,North Carolina,Jackson Fowler,RS,Freshman,2029
Belmont Abbey College,NCAA Division II,Conference Carolinas,Belmont,North Carolina,Luke Zelnis,OH,Junior,2027
Belmont Abbey College,NCAA Division II,Conference Carolinas,Belmont,North Carolina,Jibriel Elhaddad,MB,Senior,2026
Belmont Abbey College,NCAA Division II,Conference Carolinas,Belmont,North Carolina,Alejandro Leon,L,Junior,2027
Belmont Abbey College,NCAA Division II,Conference Carolinas,Belmont,North Carolina,Caden Day,OH,Senior,2026
Belmont Abbey College,NCAA Division II,Conference Carolinas,Belmont,North Carolina,Maxwell Imig,MB,Freshman,2029
Belmont Abbey College,NCAA Division II,Conference Carolinas,Belmont,North Carolina,Aidan McMahon,S,Freshman,2029
Belmont Abbey College,NCAA Division II,Conference Carolinas,Belmont,North Carolina,Connor Cottrill,OPP,Junior,2027
Belmont Abbey College,NCAA Division II,Conference Carolinas,Belmont,North Carolina,Aidan Acton,OH,Junior,2027
Belmont Abbey College,NCAA Division II,Conference Carolinas,Belmont,North Carolina,Logan Erickson,OPP,Freshman,2029
Belmont Abbey College,NCAA Division II,Conference Carolinas,Belmont,North Carolina,Zach Puentes,OH/OPP,Junior,2027
Belmont Abbey College,NCAA Division II,Conference Carolinas,Belmont,North Carolina,Connor Crabtree,OH,Freshman,2029
Belmont Abbey College,NCAA Division II,Conference Carolinas,Belmont,North Carolina,Leyton Ritchie,MB,Sophomore,2028
Belmont Abbey College,NCAA Division II,Conference Carolinas,Belmont,North Carolina,TJ Neville,OPPO,Sophomore,2028
Belmont Abbey College,NCAA Division II,Conference Carolinas,Belmont,North Carolina,Parker Owens,OH,Freshman,2029
Belmont Abbey College,NCAA Division II,Conference Carolinas,Belmont,North Carolina,Jude Rotondo,OH,Sophomore,2028
Belmont Abbey College,NCAA Division II,Conference Carolinas,Belmont,North Carolina,Austin Koehler,MB,Sophomore,2028
Belmont Abbey College,NCAA Division II,Conference Carolinas,Belmont,North Carolina,Joseph Morris,S,Junior,2027
Belmont Abbey College,NCAA Division II,Conference Carolinas,Belmont,North Carolina,Duncan McGehee,OPP/DS,Junior,2027
Belmont Abbey College,NCAA Division II,Conference Carolinas,Belmont,North Carolina,Gabriel Nejad,S,Freshman,2029
Belmont Abbey College,NCAA Division II,Conference Carolinas,Belmont,North Carolina,Nicholas Safray,L,Freshman,2029
Belmont Abbey College,NCAA Division II,Conference Carolinas,Belmont,North Carolina,Carson Pearce,L,Junior,2027
Belmont Abbey College,NCAA Division II,Conference Carolinas,Belmont,North Carolina,Michael Ratajesak,S/L,Freshman,2029
Belmont Abbey College,NCAA Division II,Conference Carolinas,Belmont,North Carolina,Timothy OuYang,OH,Freshman,2029
Belmont Abbey College,NCAA Division II,Conference Carolinas,Belmont,North Carolina,Zeke Jarzyniecki,OH/DS,Junior,2027
Belmont Abbey College,NCAA Division II,Conference Carolinas,Belmont,North Carolina,Joseph Rinaldi,L,Freshman,2029
Catawba College,NCAA Division II,Independent Volleyball Association,Salisbury,North Carolina,Cam Reeder,OPP,Junior,2027
Catawba College,NCAA Division II,Independent Volleyball Association,Salisbury,North Carolina,Jacob Brown,MB,Junior,2027
Catawba College,NCAA Division II,Independent Volleyball Association,Salisbury,North Carolina,John Clinton,OH,Sophomore,2028
Catawba College,NCAA Division II,Independent Volleyball Association,Salisbury,North Carolina,Ryan Ferguson,S,Junior,2027
Catawba College,NCAA Division II,Independent Volleyball Association,Salisbury,North Carolina,Conner Vigardt,OH,Freshman,2029
Catawba College,NCAA Division II,Independent Volleyball Association,Salisbury,North Carolina,Max Adkisson,L,Sophomore,2028
Catawba College,NCAA Division II,Independent Volleyball Association,Salisbury,North Carolina,Juan Basa,OH,Freshman,2029
Catawba College,NCAA Division II,Independent Volleyball Association,Salisbury,North Carolina,Mason Archer,S/OPP,Freshman,2029
Catawba College,NCAA Division II,Independent Volleyball Association,Salisbury,North Carolina,Andrew Ching-Warren,S/OPP,Freshman,2029
Catawba College,NCAA Division II,Independent Volleyball Association,Salisbury,North Carolina,Wyatt Eastin,MB,Sophomore,2028
Catawba College,NCAA Division II,Independent Volleyball Association,Salisbury,North Carolina,Kekona Ulu,OH,Sophomore,2028
Catawba College,NCAA Division II,Independent Volleyball Association,Salisbury,North Carolina,Justin Arrowood,OH,Redshirt Freshman,2029
Catawba College,NCAA Division II,Independent Volleyball Association,Salisbury,North Carolina,John Cordray,OH,Sophomore,2028
Catawba College,NCAA Division II,Independent Volleyball Association,Salisbury,North Carolina,Miles Ginesi,L,Freshman,2029
Catawba College,NCAA Division II,Independent Volleyball Association,Salisbury,North Carolina,Anders Christianson,OH/OPP,Freshman,2029
Catawba College,NCAA Division II,Independent Volleyball Association,Salisbury,North Carolina,Leo Trainum,OH,Sophomore,2028
Catawba College,NCAA Division II,Independent Volleyball Association,Salisbury,North Carolina,Logan Neitzel,MB,Freshman,2029
Catawba College,NCAA Division II,Independent Volleyball Association,Salisbury,North Carolina,Kristian Smith,S,Junior,2027
Catawba College,NCAA Division II,Independent Volleyball Association,Salisbury,North Carolina,John Pendergrass,MB,Sophomore,2028
Catawba College,NCAA Division II,Independent Volleyball Association,Salisbury,North Carolina,Tyler Jones,S,Junior,2027
Lees-McRae College,NCAA Division II,Conference Carolinas,Banner Elk,North Carolina,Ben Ratliff-Becher,L/DS,Senior,2026
Lees-McRae College,NCAA Division II,Conference Carolinas,Banner Elk,North Carolina,Thiago Da Silva,S,Senior,2026
Lees-McRae College,NCAA Division II,Conference Carolinas,Banner Elk,North Carolina,Cody Hurt,S,Freshman,2029
Lees-McRae College,NCAA Division II,Conference Carolinas,Banner Elk,North Carolina,Evan Harris,MB,Freshman,2029
Lees-McRae College,NCAA Division II,Conference Carolinas,Banner Elk,North Carolina,Luke Fincham,OH,Senior,2026
Lees-McRae College,NCAA Division II,Conference Carolinas,Banner Elk,North Carolina,Vincent Pradarelli,MB/OPP,Senior,2026
Lees-McRae College,NCAA Division II,Conference Carolinas,Banner Elk,North Carolina,Jadon Ciriacks,OH,Sophomore,2028
Lees-McRae College,NCAA Division II,Conference Carolinas,Banner Elk,North Carolina,Abdirahman Ahmed,S,Senior,2026
Lees-McRae College,NCAA Division II,Conference Carolinas,Banner Elk,North Carolina,Hayden Connor,L/DS,Freshman,2029
Lees-McRae College,NCAA Division II,Conference Carolinas,Banner Elk,North Carolina,Ben Fincham,OPP,Junior,2027
Lees-McRae College,NCAA Division II,Conference Carolinas,Banner Elk,North Carolina,Davide Nicolini,OH,Freshman,2029
Lees-McRae College,NCAA Division II,Conference Carolinas,Banner Elk,North Carolina,Jaylen Tolliver,MB,Freshman,2029
Lees-McRae College,NCAA Division II,Conference Carolinas,Banner Elk,North Carolina,Carlos Luna,OH,Freshman,2029
Lees-McRae College,NCAA Division II,Conference Carolinas,Banner Elk,North Carolina,Austin Beaird,OH,Senior,2026
University of Mount Olive,NCAA Division II,Conference Carolinas,Mount Olive,North Carolina,Lucca Sant'Anna,L,Freshman,2029
University of Mount Olive,NCAA Division II,Conference Carolinas,Mount Olive,North Carolina,Christos Savvidis,OH,Junior,2027
University of Mount Olive,NCAA Division II,Conference Carolinas,Mount Olive,North Carolina,Maksim Kazanov,MB,Junior,2027
University of Mount Olive,NCAA Division II,Conference Carolinas,Mount Olive,North Carolina,Jackson Lahey,S,Senior,2026
University of Mount Olive,NCAA Division II,Conference Carolinas,Mount Olive,North Carolina,Patterson Heilman,MB,Freshman,2029
University of Mount Olive,NCAA Division II,Conference Carolinas,Mount Olive,North Carolina,Jake Bedoya,MB,Freshman,2029
University of Mount Olive,NCAA Division II,Conference Carolinas,Mount Olive,North Carolina,Kerry Tao,S,Senior,2026
University of Mount Olive,NCAA Division II,Conference Carolinas,Mount Olive,North Carolina,Luca Colombo,L,Sophomore,2028
University of Mount Olive,NCAA Division II,Conference Carolinas,Mount Olive,North Carolina,Lucas Olszewski,OH,Sophomore,2028
University of Mount Olive,NCAA Division II,Conference Carolinas,Mount Olive,North Carolina,Luke Fredekind,S,Freshman,2029
University of Mount Olive,NCAA Division II,Conference Carolinas,Mount Olive,North Carolina,Brooks Ignosci,OH,Freshman,2029
University of Mount Olive,NCAA Division II,Conference Carolinas,Mount Olive,North Carolina,Kory Grant,OPP,Senior,2026
University of Mount Olive,NCAA Division II,Conference Carolinas,Mount Olive,North Carolina,Wyatt Jones,OH,Sophomore,2028
University of Mount Olive,NCAA Division II,Conference Carolinas,Mount Olive,North Carolina,Saxon Fuller,OH,Freshman,2029
University of Mount Olive,NCAA Division II,Conference Carolinas,Mount Olive,North Carolina,Francesco Vecchietti,OH,Freshman,2029
University of Mount Olive,NCAA Division II,Conference Carolinas,Mount Olive,North Carolina,Matthew Ekberg,OPP,Senior,2026
University of Jamestown,NCAA Division II,Great Lakes Valley Conference,Jamestown,North Dakota,Grant Anderson,OH,Freshman,2029
University of Jamestown,NCAA Division II,Great Lakes Valley Conference,Jamestown,North Dakota,Brady Leppien-Christensen,MB,Freshman,2029
University of Jamestown,NCAA Division II,Great Lakes Valley Conference,Jamestown,North Dakota,Joshua Crowley,OH,Freshman,2029
University of Jamestown,NCAA Division II,Great Lakes Valley Conference,Jamestown,North Dakota,Trent Wagner,S,Sophomore,2028
University of Jamestown,NCAA Division II,Great Lakes Valley Conference,Jamestown,North Dakota,Chase Hawkinson,OPP,Freshman,2029
University of Jamestown,NCAA Division II,Great Lakes Valley Conference,Jamestown,North Dakota,Treyton Kaul,L,Freshman,2029
University of Jamestown,NCAA Division II,Great Lakes Valley Conference,Jamestown,North Dakota,Kael Calder,MB,Senior,2026
University of Jamestown,NCAA Division II,Great Lakes Valley Conference,Jamestown,North Dakota,Cohen Johnson,MB,Sophomore,2028
University of Jamestown,NCAA Division II,Great Lakes Valley Conference,Jamestown,North Dakota,Ethan Carroll,MB,Freshman,2029
University of Jamestown,NCAA Division II,Great Lakes Valley Conference,Jamestown,North Dakota,Lucas Soeldner,OH,Freshman,2029
University of Jamestown,NCAA Division II,Great Lakes Valley Conference,Jamestown,North Dakota,Amery Roberts,OH,Freshman,2029
University of Jamestown,NCAA Division II,Great Lakes Valley Conference,Jamestown,North Dakota,Ladarius Williams,OH,Freshman,2029
University of Jamestown,NCAA Division II,Great Lakes Valley Conference,Jamestown,North Dakota,Christopher Wilson,OH,Freshman,2029
University of Jamestown,NCAA Division II,Great Lakes Valley Conference,Jamestown,North Dakota,Cristian Sotelo,S,Freshman,2029
University of Jamestown,NCAA Division II,Great Lakes Valley Conference,Jamestown,North Dakota,Jackson Holmes,L,Sophomore,2028
University of Jamestown,NCAA Division II,Great Lakes Valley Conference,Jamestown,North Dakota,Jaxton Dawson,L,Freshman,2029
University of Jamestown,NCAA Division II,Great Lakes Valley Conference,Jamestown,North Dakota,Daniil Drumi,L,Freshman,2029
University of Jamestown,NCAA Division II,Great Lakes Valley Conference,Jamestown,North Dakota,Rowan Shaughnessy,S/L,Freshman,2029
Central State University,NCAA Division II,Southern Intercollegiate Athletic Conference,Wilberforce,Ohio,Jeremy Webster-Hawkins,MB,Junior,2027
Central State University,NCAA Division II,Southern Intercollegiate Athletic Conference,Wilberforce,Ohio,Bradley Patrick,S,Sophomore,2028
Central State University,NCAA Division II,Southern Intercollegiate Athletic Conference,Wilberforce,Ohio,Benjamin Latham,L,Senior,2026
Central State University,NCAA Division II,Southern Intercollegiate Athletic Conference,Wilberforce,Ohio,Jaedyn Harris,OH,Junior,2027
Central State University,NCAA Division II,Southern Intercollegiate Athletic Conference,Wilberforce,Ohio,Adam Sheppard,S,Senior,2026
Central State University,NCAA Division II,Southern Intercollegiate Athletic Conference,Wilberforce,Ohio,Simon Falayi,MB,Junior,2027
Central State University,NCAA Division II,Southern Intercollegiate Athletic Conference,Wilberforce,Ohio,Tyrese Tuten,OPP,Sophomore,2028
Central State University,NCAA Division II,Southern Intercollegiate Athletic Conference,Wilberforce,Ohio,Toulmin Williams IV,OH,Junior,2027
Central State University,NCAA Division II,Southern Intercollegiate Athletic Conference,Wilberforce,Ohio,Amir Taylor,MB,Sophomore,2028
Central State University,NCAA Division II,Southern Intercollegiate Athletic Conference,Wilberforce,Ohio,Deegan Symes,OH,Freshman,2029
Central State University,NCAA Division II,Southern Intercollegiate Athletic Conference,Wilberforce,Ohio,Grady Mccoy,S,Sophomore,2028
Central State University,NCAA Division II,Southern Intercollegiate Athletic Conference,Wilberforce,Ohio,Christopher Demetriou,S,Sophomore,2028
Central State University,NCAA Division II,Southern Intercollegiate Athletic Conference,Wilberforce,Ohio,Prince Trimuel,MB,Freshman,2029
Central State University,NCAA Division II,Southern Intercollegiate Athletic Conference,Wilberforce,Ohio,Jayden Durrah,OH,Sophomore,2028
Central State University,NCAA Division II,Southern Intercollegiate Athletic Conference,Wilberforce,Ohio,Daryl McClain,OPP,Junior,2027
Central State University,NCAA Division II,Southern Intercollegiate Athletic Conference,Wilberforce,Ohio,Preston Smith,OH,Sophomore,2028
Central State University,NCAA Division II,Southern Intercollegiate Athletic Conference,Wilberforce,Ohio,Hayden Honchul,MB,Sophomore,2028
Benedict College,NCAA Division II,Southern Intercollegiate Athletic Conference,Columbia,South Carolina,Ajani Davis,DS/L,Sophomore,2028
Benedict College,NCAA Division II,Southern Intercollegiate Athletic Conference,Columbia,South Carolina,Cameron Long,L/DS,Senior,2026
Benedict College,NCAA Division II,Southern Intercollegiate Athletic Conference,Columbia,South Carolina,Roy Berry,RS/OH,Sophomore,2028
Benedict College,NCAA Division II,Southern Intercollegiate Athletic Conference,Columbia,South Carolina,Denzel Pepper,MB,Junior,2027
Benedict College,NCAA Division II,Southern Intercollegiate Athletic Conference,Columbia,South Carolina,Matthew Dimapan,S,Sophomore,2028
Benedict College,NCAA Division II,Southern Intercollegiate Athletic Conference,Columbia,South Carolina,Mallik Foreman,RS,Junior,2027
Benedict College,NCAA Division II,Southern Intercollegiate Athletic Conference,Columbia,South Carolina,Zee Moss,MB,Sophomore,2028
Benedict College,NCAA Division II,Southern Intercollegiate Athletic Conference,Columbia,South Carolina,Camron Petillo,OH/RS,Junior,2027
Benedict College,NCAA Division II,Southern Intercollegiate Athletic Conference,Columbia,South Carolina,William Currence,RS/MB,Freshman,2029
Benedict College,NCAA Division II,Southern Intercollegiate Athletic Conference,Columbia,South Carolina,Jared Brown,OH/MB,Junior,2027
Benedict College,NCAA Division II,Southern Intercollegiate Athletic Conference,Columbia,South Carolina,Hakan Godoy,MB,Junior,2027
Benedict College,NCAA Division II,Southern Intercollegiate Athletic Conference,Columbia,South Carolina,Kaden Hoyte,RS/S,Sophomore,2028
Erskine College,NCAA Division II,Conference Carolinas,Due West,South Carolina,Sebastian Knubley,S,Freshman,2029
Erskine College,NCAA Division II,Conference Carolinas,Due West,South Carolina,Tyler Kuehl,MB,Junior,2027
Erskine College,NCAA Division II,Conference Carolinas,Due West,South Carolina,Mikey Widmyer,L,Senior,2026
Erskine College,NCAA Division II,Conference Carolinas,Due West,South Carolina,Tucker Walters,L,Junior,2027
Erskine College,NCAA Division II,Conference Carolinas,Due West,South Carolina,Ricardo Rivera,S,Senior,2026
Erskine College,NCAA Division II,Conference Carolinas,Due West,South Carolina,Shane Castellanos,OH,Freshman,2029
Erskine College,NCAA Division II,Conference Carolinas,Due West,South Carolina,Jordan Tan,L,Sophomore,2028
Erskine College,NCAA Division II,Conference Carolinas,Due West,South Carolina,Billy Miller,MB,Junior,2027
Erskine College,NCAA Division II,Conference Carolinas,Due West,South Carolina,Colin Fahey,MB,Junior,2027
Erskine College,NCAA Division II,Conference Carolinas,Due West,South Carolina,Tristan Gaddy,L,Senior,2026
Erskine College,NCAA Division II,Conference Carolinas,Due West,South Carolina,Jacob Mullen,OH,Senior,2026
Erskine College,NCAA Division II,Conference Carolinas,Due West,South Carolina,Gino Briglio,S,Senior,2026
Erskine College,NCAA Division II,Conference Carolinas,Due West,South Carolina,Logyn Wells,OH,Senior,2026
Erskine College,NCAA Division II,Conference Carolinas,Due West,South Carolina,Luis Montalvo,S,Junior,2027
Erskine College,NCAA Division II,Conference Carolinas,Due West,South Carolina,Kellen Prysmiki,OPP,Redshirt Freshman,2029
Erskine College,NCAA Division II,Conference Carolinas,Due West,South Carolina,Joshua Carlos,L,Senior,2026
Erskine College,NCAA Division II,Conference Carolinas,Due West,South Carolina,Giancarlo Rodriguez,L,Junior,2027
Erskine College,NCAA Division II,Conference Carolinas,Due West,South Carolina,Dorian Sepulveda Garcia,L,Sophomore,2028
Erskine College,NCAA Division II,Conference Carolinas,Due West,South Carolina,Jordan Stoll,OPP,Senior,2026
Erskine College,NCAA Division II,Conference Carolinas,Due West,South Carolina,Kaleb Hinson,OH,Senior,2026
Erskine College,NCAA Division II,Conference Carolinas,Due West,South Carolina,True Bauer,OH,Junior,2027
Erskine College,NCAA Division II,Conference Carolinas,Due West,South Carolina,Ethan Frank,OH,Freshman,2029
Erskine College,NCAA Division II,Conference Carolinas,Due West,South Carolina,Ty Tumblin,OPP,Freshman,2029
Erskine College,NCAA Division II,Conference Carolinas,Due West,South Carolina,Allen Faison,OPP,Senior,2026
North Greenville University,NCAA Division II,Conference Carolinas,Tigerville,South Carolina,Logan Keothavy,OH,Junior,2027
North Greenville University,NCAA Division II,Conference Carolinas,Tigerville,South Carolina,Connor Kemp,L/DS,Junior,2027
North Greenville University,NCAA Division II,Conference Carolinas,Tigerville,South Carolina,Jhavier Delgado,L,Senior,2026
North Greenville University,NCAA Division II,Conference Carolinas,Tigerville,South Carolina,Landon Richter,MB,Freshman,2029
North Greenville University,NCAA Division II,Conference Carolinas,Tigerville,South Carolina,Ben Aliaga,MB,Sophomore,2028
North Greenville University,NCAA Division II,Conference Carolinas,Tigerville,South Carolina,Ezekiel Priola,MB,Sophomore,2028
North Greenville University,NCAA Division II,Conference Carolinas,Tigerville,South Carolina,Yoriano Velez Vega,OH,Redshirt Sophomore,2028
North Greenville University,NCAA Division II,Conference Carolinas,Tigerville,South Carolina,Scottee McDaniel,L,Freshman,2029
North Greenville University,NCAA Division II,Conference Carolinas,Tigerville,South Carolina,Nick Tangney,OH,Junior,2027
North Greenville University,NCAA Division II,Conference Carolinas,Tigerville,South Carolina,JT McGuire,OH,Freshman,2029
North Greenville University,NCAA Division II,Conference Carolinas,Tigerville,South Carolina,Andrew Copp,S,Sophomore,2028
North Greenville University,NCAA Division II,Conference Carolinas,Tigerville,South Carolina,Aiden Eslinger,MB,Freshman,2029
North Greenville University,NCAA Division II,Conference Carolinas,Tigerville,South Carolina,Noah Kaoni,OPP,Freshman,2029
North Greenville University,NCAA Division II,Conference Carolinas,Tigerville,South Carolina,Ezekiel Register,S,Freshman,2029
North Greenville University,NCAA Division II,Conference Carolinas,Tigerville,South Carolina,Jacob Brown,OPP,Senior,2026
North Greenville University,NCAA Division II,Conference Carolinas,Tigerville,South Carolina,Corey Long,OH,Sophomore,2028
North Greenville University,NCAA Division II,Conference Carolinas,Tigerville,South Carolina,Thomas Roper,OH,Junior,2027
North Greenville University,NCAA Division II,Conference Carolinas,Tigerville,South Carolina,Jacob Koch,MB,Sophomore,2028
King University - Tennessee,NCAA Division II,Conference Carolinas,Bristol,Tennessee,Alessandro Fermani,OH,Sophomore,2028
King University - Tennessee,NCAA Division II,Conference Carolinas,Bristol,Tennessee,Carson Pliapol,OH,Sophomore,2028
King University - Tennessee,NCAA Division II,Conference Carolinas,Bristol,Tennessee,João Pedro (JP) Ribeiro,S,Junior,2027
King University - Tennessee,NCAA Division II,Conference Carolinas,Bristol,Tennessee,Javier Saldivar,L,Senior,2026
King University - Tennessee,NCAA Division II,Conference Carolinas,Bristol,Tennessee,Braxton Chipley,L,Senior,2026
King University - Tennessee,NCAA Division II,Conference Carolinas,Bristol,Tennessee,Kellen Woolm,MB,Freshman,2029
King University - Tennessee,NCAA Division II,Conference Carolinas,Bristol,Tennessee,Colin Dargan,OPP,Freshman,2029
King University - Tennessee,NCAA Division II,Conference Carolinas,Bristol,Tennessee,Colton Bueter,OH,Senior,2026
King University - Tennessee,NCAA Division II,Conference Carolinas,Bristol,Tennessee,Trent Benedict,MB,Freshman,2029
King University - Tennessee,NCAA Division II,Conference Carolinas,Bristol,Tennessee,Brett Lloyd,OPP,Graduate Student,2026
King University - Tennessee,NCAA Division II,Conference Carolinas,Bristol,Tennessee,Tristan Brassington,S,Freshman,2029
King University - Tennessee,NCAA Division II,Conference Carolinas,Bristol,Tennessee,Dalton Claiborne,MB,Sophomore,2028
King University - Tennessee,NCAA Division II,Conference Carolinas,Bristol,Tennessee,Josiah Lozoria,L,Freshman,2029
LeMoyne-Owen College,NCAA Division II,Southern Intercollegiate Athletic Conference,Memphis,Tennessee,Alendy Sincoul,OH,Sophomore,2028
LeMoyne-Owen College,NCAA Division II,Southern Intercollegiate Athletic Conference,Memphis,Tennessee,Jacqson Lesure,S,Sophomore,2028
LeMoyne-Owen College,NCAA Division II,Southern Intercollegiate Athletic Conference,Memphis,Tennessee,Malique Rackley,OH,Sophomore,2028
LeMoyne-Owen College,NCAA Division II,Southern Intercollegiate Athletic Conference,Memphis,Tennessee,Justin Tejada,OPP,Freshman,2029
LeMoyne-Owen College,NCAA Division II,Southern Intercollegiate Athletic Conference,Memphis,Tennessee,Josiah Mounger,DS,Sophomore,2028
LeMoyne-Owen College,NCAA Division II,Southern Intercollegiate Athletic Conference,Memphis,Tennessee,Richard Lowe,MH,Senior,2026
Lincoln Memorial University,NCAA Division II,Independent Volleyball Association,Harrogate,Tennessee,Zachary Zian,L,Junior,2027
Lincoln Memorial University,NCAA Division II,Independent Volleyball Association,Harrogate,Tennessee,Tyler Hamm,L,Freshman,2029
Lincoln Memorial University,NCAA Division II,Independent Volleyball Association,Harrogate,Tennessee,Sam Higdon,L,Senior,2026
Lincoln Memorial University,NCAA Division II,Independent Volleyball Association,Harrogate,Tennessee,Georgios Armaos,OH/OPP,Freshman,2029
Lincoln Memorial University,NCAA Division II,Independent Volleyball Association,Harrogate,Tennessee,Zadyn Labreche,OPP,Senior,2026
Lincoln Memorial University,NCAA Division II,Independent Volleyball Association,Harrogate,Tennessee,Jakub Wiaderny,L,Redshirt Junior,2027
Lincoln Memorial University,NCAA Division II,Independent Volleyball Association,Harrogate,Tennessee,George Stevens,OH,Freshman,2029
Lincoln Memorial University,NCAA Division II,Independent Volleyball Association,Harrogate,Tennessee,Axel van Baars,OH,Senior,2026
Lincoln Memorial University,NCAA Division II,Independent Volleyball Association,Harrogate,Tennessee,Jordan Dyer,OH,Freshman,2029
Lincoln Memorial University,NCAA Division II,Independent Volleyball Association,Harrogate,Tennessee,Oisin Walsh,MB,Freshman,2029
Lincoln Memorial University,NCAA Division II,Independent Volleyball Association,Harrogate,Tennessee,Roman Mahlerwein,S,Freshman,2029
Lincoln Memorial University,NCAA Division II,Independent Volleyball Association,Harrogate,Tennessee,Relja Milosavljevic,MB,Junior,2027
Lincoln Memorial University,NCAA Division II,Independent Volleyball Association,Harrogate,Tennessee,Inbar Shachar,S,Sophomore,2028
Lincoln Memorial University,NCAA Division II,Independent Volleyball Association,Harrogate,Tennessee,Johan Negron,OPP,Senior,2026
Lincoln Memorial University,NCAA Division II,Independent Volleyball Association,Harrogate,Tennessee,Colton Mendez,OH,Redshirt Sophomore,2028
Lincoln Memorial University,NCAA Division II,Independent Volleyball Association,Harrogate,Tennessee,Cal Shrimplin,OH,Graduate Student,2026
Lincoln Memorial University,NCAA Division II,Independent Volleyball Association,Harrogate,Tennessee,William Boney,MB,Redshirt Sophomore,2028
Lincoln Memorial University,NCAA Division II,Independent Volleyball Association,Harrogate,Tennessee,Marnix Van Megesen,MB,Redshirt Freshman,2029
Tusculum University,NCAA Division II,Independent Volleyball Association,Greeneville,Tennessee,Tyler Morrison,MB,Sophomore,2028
Tusculum University,NCAA Division II,Independent Volleyball Association,Greeneville,Tennessee,Brody Morrison,S,Freshman,2029
Tusculum University,NCAA Division II,Independent Volleyball Association,Greeneville,Tennessee,Reef Mathis,OH,Sophomore,2028
Tusculum University,NCAA Division II,Independent Volleyball Association,Greeneville,Tennessee,Morgan Makovec,MB,Junior,2027
Tusculum University,NCAA Division II,Independent Volleyball Association,Greeneville,Tennessee,Will Matthews,S,Freshman,2029
Tusculum University,NCAA Division II,Independent Volleyball Association,Greeneville,Tennessee,Aiden Roper,OH,Sophomore,2028
Tusculum University,NCAA Division II,Independent Volleyball Association,Greeneville,Tennessee,Caleb Hammann,MB,Sophomore,2028
Tusculum University,NCAA Division II,Independent Volleyball Association,Greeneville,Tennessee,Ty Keeble,L,Sophomore,2028
Tusculum University,NCAA Division II,Independent Volleyball Association,Greeneville,Tennessee,Cooper Sadleir,RS,Freshman,2029
Tusculum University,NCAA Division II,Independent Volleyball Association,Greeneville,Tennessee,Patrick Gresham,L,Junior,2027
Tusculum University,NCAA Division II,Independent Volleyball Association,Greeneville,Tennessee,Ian Johnson,OH,Freshman,2029
Tusculum University,NCAA Division II,Independent Volleyball Association,Greeneville,Tennessee,Donovan Nye,RS,Junior,2027
Tusculum University,NCAA Division II,Independent Volleyball Association,Greeneville,Tennessee,Kai Williams,OH/L,Sophomore,2028
Tusculum University,NCAA Division II,Independent Volleyball Association,Greeneville,Tennessee,Riley Wisniakowski,S,Sophomore,2028
Tusculum University,NCAA Division II,Independent Volleyball Association,Greeneville,Tennessee,Teagan Clement,OH/RS/DS,Freshman,2029
Tusculum University,NCAA Division II,Independent Volleyball Association,Greeneville,Tennessee,Greyson Ervin,OH,Freshman,2029
Tusculum University,NCAA Division II,Independent Volleyball Association,Greeneville,Tennessee,Adam Svendsen,OH,Junior,2027
University of Charleston,NCAA Division II,Eastern Intercollegiate Volleyball Association,Merced,California,Isaiah Lulf,MB,Freshman,2029
University of Charleston,NCAA Division II,Eastern Intercollegiate Volleyball Association,Merced,California,Tyler Roukey,L,Junior,2027
University of Charleston,NCAA Division II,Eastern Intercollegiate Volleyball Association,Merced,California,Joonatan Salpakari,OH,Senior,2026
University of Charleston,NCAA Division II,Eastern Intercollegiate Volleyball Association,Merced,California,Luke Atkinson,S,Sophomore,2028
University of Charleston,NCAA Division II,Eastern Intercollegiate Volleyball Association,Merced,California,Erel Bardah,MB,Junior,2027
University of Charleston,NCAA Division II,Eastern Intercollegiate Volleyball Association,Merced,California,Kai Cousins,OH,Sophomore,2028
University of Charleston,NCAA Division II,Eastern Intercollegiate Volleyball Association,Merced,California,Xander Bomert,OPP,Sophomore,2028
University of Charleston,NCAA Division II,Eastern Intercollegiate Volleyball Association,Merced,California,Rafael Chrcanovic,OH,Junior,2027
University of Charleston,NCAA Division II,Eastern Intercollegiate Volleyball Association,Merced,California,Marco Kost,OPP,Senior,2026
University of Charleston,NCAA Division II,Eastern Intercollegiate Volleyball Association,Merced,California,Alex Peterson,S,Sophomore,2028
University of Charleston,NCAA Division II,Eastern Intercollegiate Volleyball Association,Merced,California,Lucas Torres,OH,Senior,2026
University of Charleston,NCAA Division II,Eastern Intercollegiate Volleyball Association,Merced,California,Marton Zarka,S,Sophomore,2028
University of Charleston,NCAA Division II,Eastern Intercollegiate Volleyball Association,Merced,California,Pavlin Ivanov,MB,Freshman,2029
University of Charleston,NCAA Division II,Eastern Intercollegiate Volleyball Association,Merced,California,Joshua Karshna,L,Freshman,2029
University of Charleston,NCAA Division II,Eastern Intercollegiate Volleyball Association,Merced,California,Krzysztof Buszek,OH,Junior,2027
University of Charleston,NCAA Division II,Eastern Intercollegiate Volleyball Association,Merced,California,Chris Rojas,L,Sophomore,2028
University of Charleston,NCAA Division II,Eastern Intercollegiate Volleyball Association,Merced,California,Braxton Francis,MB,Sophomore,2028
University of Charleston,NCAA Division II,Eastern Intercollegiate Volleyball Association,Merced,California,Mikolaj Daszkiewicz,L,Sophomore,2028
University of Charleston,NCAA Division II,Eastern Intercollegiate Volleyball Association,Merced,California,Samuel Alo,OH,Sophomore,2028
University of Charleston,NCAA Division II,Eastern Intercollegiate Volleyball Association,Merced,California,Yotam Briger,S,Sophomore,2028
University of Charleston,NCAA Division II,Eastern Intercollegiate Volleyball Association,Merced,California,Conrad Spidsø,OPP,Freshman,2029
University of Charleston,NCAA Division II,Eastern Intercollegiate Volleyball Association,Merced,California,Tymoteusz Zadeberny,OH,Senior,2026
University of Charleston,NCAA Division II,Eastern Intercollegiate Volleyball Association,Merced,California,Pavle Matic,OPP,Freshman,2029
University of Charleston,NCAA Division II,Eastern Intercollegiate Volleyball Association,Merced,California,Max Nissen,OH,Junior,2027
University of Charleston,NCAA Division II,Eastern Intercollegiate Volleyball Association,Merced,California,Dimitris Manikas,MB,Freshman,2029
California Lutheran University,NCAA Division III,Southern California Intercollegiate Athletic Conference,Thousand Oaks,California,Gavin Galanski,S,Sophomore,2028
California Lutheran University,NCAA Division III,Southern California Intercollegiate Athletic Conference,Thousand Oaks,California,Braden Gonzales,L,Senior,2026
California Lutheran University,NCAA Division III,Southern California Intercollegiate Athletic Conference,Thousand Oaks,California,Keaton Hendry,S,Sophomore,2028
California Lutheran University,NCAA Division III,Southern California Intercollegiate Athletic Conference,Thousand Oaks,California,Gabe Schwartz,OH,Freshman,2029
California Lutheran University,NCAA Division III,Southern California Intercollegiate Athletic Conference,Thousand Oaks,California,Connor Crawford,RS,Senior,2026
California Lutheran University,NCAA Division III,Southern California Intercollegiate Athletic Conference,Thousand Oaks,California,Ryan Foreman,OH,Sophomore,2028
California Lutheran University,NCAA Division III,Southern California Intercollegiate Athletic Conference,Thousand Oaks,California,Noah Smith-Slosar,MB,Junior,2027
California Lutheran University,NCAA Division III,Southern California Intercollegiate Athletic Conference,Thousand Oaks,California,Garrett Ream,S,Junior,2027
California Lutheran University,NCAA Division III,Southern California Intercollegiate Athletic Conference,Thousand Oaks,California,Evan Ford,OH,Junior,2027
California Lutheran University,NCAA Division III,Southern California Intercollegiate Athletic Conference,Thousand Oaks,California,Max Chen,L/OH,Sophomore,2028
California Lutheran University,NCAA Division III,Southern California Intercollegiate Athletic Conference,Thousand Oaks,California,Jude Deemer,MB,Sophomore,2028
California Lutheran University,NCAA Division III,Southern California Intercollegiate Athletic Conference,Thousand Oaks,California,Aidan Godfrey,OH,Senior,2026
California Lutheran University,NCAA Division III,Southern California Intercollegiate Athletic Conference,Thousand Oaks,California,Brody Erickson,OH,Sophomore,2028
California Lutheran University,NCAA Division III,Southern California Intercollegiate Athletic Conference,Thousand Oaks,California,Landen Meonske,S/L,Junior,2027
California Lutheran University,NCAA Division III,Southern California Intercollegiate Athletic Conference,Thousand Oaks,California,Brad Chier,L,Freshman,2029
California Lutheran University,NCAA Division III,Southern California Intercollegiate Athletic Conference,Thousand Oaks,California,Tyler Linville,RS/OH,Junior,2027
California Lutheran University,NCAA Division III,Southern California Intercollegiate Athletic Conference,Thousand Oaks,California,Matthew Wilcox,MB,Junior,2027
California Lutheran University,NCAA Division III,Southern California Intercollegiate Athletic Conference,Thousand Oaks,California,Mason Rowell,MB,Freshman,2029
California Lutheran University,NCAA Division III,Southern California Intercollegiate Athletic Conference,Thousand Oaks,California,Nate Burns,L,Freshman,2029
California Lutheran University,NCAA Division III,Southern California Intercollegiate Athletic Conference,Thousand Oaks,California,Nathan McCarthy,L,Freshman,2029
California Lutheran University,NCAA Division III,Southern California Intercollegiate Athletic Conference,Thousand Oaks,California,Lucci Montes,OH,Freshman,2029
California Lutheran University,NCAA Division III,Southern California Intercollegiate Athletic Conference,Thousand Oaks,California,Matthew Fan,OH,Freshman,2029
California Lutheran University,NCAA Division III,Southern California Intercollegiate Athletic Conference,Thousand Oaks,California,Brendan Hom,OH,Junior,2027
California Lutheran University,NCAA Division III,Southern California Intercollegiate Athletic Conference,Thousand Oaks,California,Camden Franjieh,OH,Freshman,2029
California Lutheran University,NCAA Division III,Southern California Intercollegiate Athletic Conference,Thousand Oaks,California,Maxim Smirnov,OH,Freshman,2029
University of California - Santa Cruz,NCAA Division III,Coast-to-Coast Athletic Conference,Santa Cruz,California,Griffin Hotchkiss,S,Sophomore,2028
University of California - Santa Cruz,NCAA Division III,Coast-to-Coast Athletic Conference,Santa Cruz,California,AJ Contreras,OH,Sophomore,2028
University of California - Santa Cruz,NCAA Division III,Coast-to-Coast Athletic Conference,Santa Cruz,California,Liam Popejoy,MB,Sophomore,2028
University of California - Santa Cruz,NCAA Division III,Coast-to-Coast Athletic Conference,Santa Cruz,California,Logan Taylor,S,Junior,2027
University of California - Santa Cruz,NCAA Division III,Coast-to-Coast Athletic Conference,Santa Cruz,California,Isaac Fuentes,MB,Freshman,2029
University of California - Santa Cruz,NCAA Division III,Coast-to-Coast Athletic Conference,Santa Cruz,California,Kyle Ownbey,MB,Junior,2027
University of California - Santa Cruz,NCAA Division III,Coast-to-Coast Athletic Conference,Santa Cruz,California,David Polster,OH,Senior,2026
University of California - Santa Cruz,NCAA Division III,Coast-to-Coast Athletic Conference,Santa Cruz,California,Marcus Donchuanchom,L/DS,Senior,2026
University of California - Santa Cruz,NCAA Division III,Coast-to-Coast Athletic Conference,Santa Cruz,California,James Audette,S/OPP,Freshman,2029
University of California - Santa Cruz,NCAA Division III,Coast-to-Coast Athletic Conference,Santa Cruz,California,Jordan Adejumo,OH,Junior,2027
University of California - Santa Cruz,NCAA Division III,Coast-to-Coast Athletic Conference,Santa Cruz,California,Riley Norman,OH,Senior,2026
University of California - Santa Cruz,NCAA Division III,Coast-to-Coast Athletic Conference,Santa Cruz,California,Drake Harris,OH,Freshman,2029
University of California - Santa Cruz,NCAA Division III,Coast-to-Coast Athletic Conference,Santa Cruz,California,Noy Fisher,OPP,Senior,2026
University of California - Santa Cruz,NCAA Division III,Coast-to-Coast Athletic Conference,Santa Cruz,California,Adrian Parra,MB,Sophomore,2028
University of California - Santa Cruz,NCAA Division III,Coast-to-Coast Athletic Conference,Santa Cruz,California,Ryan Williams,OPP,Senior,2026
University of California - Santa Cruz,NCAA Division III,Coast-to-Coast Athletic Conference,Santa Cruz,California,Jonathan Joyner,L,Freshman,2029
University of California - Santa Cruz,NCAA Division III,Coast-to-Coast Athletic Conference,Santa Cruz,California,Caio Valente,S,Senior,2026
University of California - Santa Cruz,NCAA Division III,Coast-to-Coast Athletic Conference,Santa Cruz,California,Nick Nayak,OPP,Freshman,2029
University of California - Santa Cruz,NCAA Division III,Coast-to-Coast Athletic Conference,Santa Cruz,California,Johndiego White,S/OPP,Senior,2026
University of California - Santa Cruz,NCAA Division III,Coast-to-Coast Athletic Conference,Santa Cruz,California,Cebrián Carter,OH,Senior,2026
University of California - Santa Cruz,NCAA Division III,Coast-to-Coast Athletic Conference,Santa Cruz,California,Evan Erickson,MB,Junior,2027
University of California - Santa Cruz,NCAA Division III,Coast-to-Coast Athletic Conference,Santa Cruz,California,Conor Walsh,OH,Freshman,2029
University of California - Santa Cruz,NCAA Division III,Coast-to-Coast Athletic Conference,Santa Cruz,California,Andres Espinoza,L/S,Freshman,2029
Gallaudet University,NCAA Division III,United East Conference,Washington,District of Columbia,Pax Holcomb,OH,Freshman,2029
Gallaudet University,NCAA Division III,United East Conference,Washington,District of Columbia,Tyler Furzland,S,Sophomore,2028
Gallaudet University,NCAA Division III,United East Conference,Washington,District of Columbia,Elian Zfati,L/DS,Sophomore,2028
Gallaudet University,NCAA Division III,United East Conference,Washington,District of Columbia,Tahoe Herzig-Wilcox,OPP/OH,Freshman,2029
Gallaudet University,NCAA Division III,United East Conference,Washington,District of Columbia,Seth Lopez,L/DS,Sophomore,2028
Gallaudet University,NCAA Division III,United East Conference,Washington,District of Columbia,Zachary Bippus,OH/OPP,Sophomore,2028
Gallaudet University,NCAA Division III,United East Conference,Washington,District of Columbia,Tyler Wascher,MH,Sophomore,2028
Gallaudet University,NCAA Division III,United East Conference,Washington,District of Columbia,Callum Paterson,L/DS,Sophomore,2028
Gallaudet University,NCAA Division III,United East Conference,Washington,District of Columbia,Troy Holcomb,S/L,Sophomore,2028
Gallaudet University,NCAA Division III,United East Conference,Washington,District of Columbia,Kodi Lee,OH,Sophomore,2028
Gallaudet University,NCAA Division III,United East Conference,Washington,District of Columbia,Luke McBrine,MH,Sophomore,2028
Gallaudet University,NCAA Division III,United East Conference,Washington,District of Columbia,John McCabe,MH,Freshman,2029
Gallaudet University,NCAA Division III,United East Conference,Washington,District of Columbia,Keanu Herzig-Wilcox,MH,Freshman,2029
Gallaudet University,NCAA Division III,United East Conference,Washington,District of Columbia,Jevon Burns,MH/OPP,Freshman,2029
Gallaudet University,NCAA Division III,United East Conference,Washington,District of Columbia,Austin Baker,OPP/MH,Freshman,2029
Augustana College - Illinois,NCAA Division III,College Conference of Illinois and Wisconsin,Rock Island,Illinois,Tom Lamb,MB,Senior,2026
Augustana College - Illinois,NCAA Division III,College Conference of Illinois and Wisconsin,Rock Island,Illinois,Gavan Moua,DS/L,Junior,2027
Augustana College - Illinois,NCAA Division III,College Conference of Illinois and Wisconsin,Rock Island,Illinois,Colin Alvers,DS/L,Freshman,2029
Augustana College - Illinois,NCAA Division III,College Conference of Illinois and Wisconsin,Rock Island,Illinois,Ryan Dziadkowiec,RS/S,Freshman,2029
Augustana College - Illinois,NCAA Division III,College Conference of Illinois and Wisconsin,Rock Island,Illinois,Ryan Huntington,OH,Junior,2027
Augustana College - Illinois,NCAA Division III,College Conference of Illinois and Wisconsin,Rock Island,Illinois,Colin Schaefer,S,Junior,2027
Augustana College - Illinois,NCAA Division III,College Conference of Illinois and Wisconsin,Rock Island,Illinois,Tommy Culver,S,Sophomore,2028
Augustana College - Illinois,NCAA Division III,College Conference of Illinois and Wisconsin,Rock Island,Illinois,Trevor Baldwin,MB,Freshman,2029
Augustana College - Illinois,NCAA Division III,College Conference of Illinois and Wisconsin,Rock Island,Illinois,Tommy Weber,MB,Junior,2027
Augustana College - Illinois,NCAA Division III,College Conference of Illinois and Wisconsin,Rock Island,Illinois,Cameron Jarrell,DS/S,Sophomore,2028
Augustana College - Illinois,NCAA Division III,College Conference of Illinois and Wisconsin,Rock Island,Illinois,Tyler Nguyen,DS/S,Freshman,2029
Augustana College - Illinois,NCAA Division III,College Conference of Illinois and Wisconsin,Rock Island,Illinois,Cole Clarke,OH,Sophomore,2028
Augustana College - Illinois,NCAA Division III,College Conference of Illinois and Wisconsin,Rock Island,Illinois,Alexander Sulewski,MB,Junior,2027
Augustana College - Illinois,NCAA Division III,College Conference of Illinois and Wisconsin,Rock Island,Illinois,Cameron McCorry,DS/L,Sophomore,2028
Augustana College - Illinois,NCAA Division III,College Conference of Illinois and Wisconsin,Rock Island,Illinois,Logan Kearns,RS,Senior,2026
Augustana College - Illinois,NCAA Division III,College Conference of Illinois and Wisconsin,Rock Island,Illinois,Bryce Lawson,OH,Sophomore,2028
Augustana College - Illinois,NCAA Division III,College Conference of Illinois and Wisconsin,Rock Island,Illinois,Jacob Sandowski,MB,Junior,2027
Augustana College - Illinois,NCAA Division III,College Conference of Illinois and Wisconsin,Rock Island,Illinois,Jordan Schneckloth,RS,Senior,2026
Augustana College - Illinois,NCAA Division III,College Conference of Illinois and Wisconsin,Rock Island,Illinois,Ben Georgia,DS/L,Junior,2027
Augustana College - Illinois,NCAA Division III,College Conference of Illinois and Wisconsin,Rock Island,Illinois,Grayson Juel,OH,Senior,2026
Augustana College - Illinois,NCAA Division III,College Conference of Illinois and Wisconsin,Rock Island,Illinois,Ryan Johnson,OH,Freshman,2029
Augustana College - Illinois,NCAA Division III,College Conference of Illinois and Wisconsin,Rock Island,Illinois,Aidan Bolen,OH,Fifth Year,2026
Aurora University,NCAA Division III,Northern Athletics Collegiate Conference,Aurora,Illinois,Luke Brannigan,DS,Sophomore,2028
Aurora University,NCAA Division III,Northern Athletics Collegiate Conference,Aurora,Illinois,Owen Romzek,MH,Freshman,2029
Aurora University,NCAA Division III,Northern Athletics Collegiate Conference,Aurora,Illinois,Nathan Kirwan,OH,Sophomore,2028
Aurora University,NCAA Division III,Northern Athletics Collegiate Conference,Aurora,Illinois,Josh McLellan,OH,Senior,2026
Aurora University,NCAA Division III,Northern Athletics Collegiate Conference,Aurora,Illinois,Will Ashum,MH,Freshman,2029
Aurora University,NCAA Division III,Northern Athletics Collegiate Conference,Aurora,Illinois,Nathan Chlebek,DS,Junior,2027
Aurora University,NCAA Division III,Northern Athletics Collegiate Conference,Aurora,Illinois,Derek Schober,OH,Senior,2026
Aurora University,NCAA Division III,Northern Athletics Collegiate Conference,Aurora,Illinois,AJ Vescova,S,Senior,2026
Aurora University,NCAA Division III,Northern Athletics Collegiate Conference,Aurora,Illinois,Connor Carroll,OH,Junior,2027
Aurora University,NCAA Division III,Northern Athletics Collegiate Conference,Aurora,Illinois,Luke Dwyer,S,Junior,2027
Aurora University,NCAA Division III,Northern Athletics Collegiate Conference,Aurora,Illinois,Xavier Zukley,OH,Junior,2027
Aurora University,NCAA Division III,Northern Athletics Collegiate Conference,Aurora,Illinois,SJ Nelson,OH,Junior,2027
Aurora University,NCAA Division III,Northern Athletics Collegiate Conference,Aurora,Illinois,Everett Van Cuyk,OH,Freshman,2029
Aurora University,NCAA Division III,Northern Athletics Collegiate Conference,Aurora,Illinois,Solomon Dail,OH,Senior,2026
Aurora University,NCAA Division III,Northern Athletics Collegiate Conference,Aurora,Illinois,William Combs,OH,Freshman,2029
Aurora University,NCAA Division III,Northern Athletics Collegiate Conference,Aurora,Illinois,Quentin McCray,MH,Senior,2026
Aurora University,NCAA Division III,Northern Athletics Collegiate Conference,Aurora,Illinois,Ammar Brzovic,MH,Senior,2026
Aurora University,NCAA Division III,Northern Athletics Collegiate Conference,Aurora,Illinois,Reece Wiatrowski,DS,Senior,2026
Aurora University,NCAA Division III,Northern Athletics Collegiate Conference,Aurora,Illinois,Isaiah Holland,OH,Freshman,2029
Aurora University,NCAA Division III,Northern Athletics Collegiate Conference,Aurora,Illinois,Logan Brouwer,S,Senior,2026
Aurora University,NCAA Division III,Northern Athletics Collegiate Conference,Aurora,Illinois,Nicholas Karr,DS,Freshman,2029
Benedictine University,NCAA Division III,Northern Athletics Collegiate Conference,Lisle,Illinois,Jordan Cardenas,L,Senior,2026
Benedictine University,NCAA Division III,Northern Athletics Collegiate Conference,Lisle,Illinois,Connor Dmochowski,S,Sophomore,2028
Benedictine University,NCAA Division III,Northern Athletics Collegiate Conference,Lisle,Illinois,Spencer VanEngen,S,Junior,2027
Benedictine University,NCAA Division III,Northern Athletics Collegiate Conference,Lisle,Illinois,Zander Feudner,L,Senior,2026
Benedictine University,NCAA Division III,Northern Athletics Collegiate Conference,Lisle,Illinois,Fausto Iglesias Grahn,OH/OPP,Sophomore,2028
Benedictine University,NCAA Division III,Northern Athletics Collegiate Conference,Lisle,Illinois,Shawn Sullivan,MH,Junior,2027
Benedictine University,NCAA Division III,Northern Athletics Collegiate Conference,Lisle,Illinois,Trace Samaras,OH,Senior,2026
Benedictine University,NCAA Division III,Northern Athletics Collegiate Conference,Lisle,Illinois,Matthew Steuck,N/A,Freshman,2029
Benedictine University,NCAA Division III,Northern Athletics Collegiate Conference,Lisle,Illinois,Chris Radomski,OH,Junior,2027
Benedictine University,NCAA Division III,Northern Athletics Collegiate Conference,Lisle,Illinois,Jaron Lindsay,N/A,Freshman,2029
Benedictine University,NCAA Division III,Northern Athletics Collegiate Conference,Lisle,Illinois,Connor Herre,L,Sophomore,2028
Benedictine University,NCAA Division III,Northern Athletics Collegiate Conference,Lisle,Illinois,Hunter Vedder,OH,Freshman,2029
Benedictine University,NCAA Division III,Northern Athletics Collegiate Conference,Lisle,Illinois,Andre Cartagena Jr.,N/A,Freshman,2029
Benedictine University,NCAA Division III,Northern Athletics Collegiate Conference,Lisle,Illinois,Jacob Thomas,MH,Senior,2026
Benedictine University,NCAA Division III,Northern Athletics Collegiate Conference,Lisle,Illinois,Zach Supanich,OH,Sophomore,2028
Benedictine University,NCAA Division III,Northern Athletics Collegiate Conference,Lisle,Illinois,Eoin O'Toole,MH,Senior,2026
Benedictine University,NCAA Division III,Northern Athletics Collegiate Conference,Lisle,Illinois,Tucker Lambert,OH,Junior,2027
Benedictine University,NCAA Division III,Northern Athletics Collegiate Conference,Lisle,Illinois,Tyler Sioco,N/A,Freshman,2029
Concordia University - Chicago,NCAA Division III,Northern Athletics Collegiate Conference,River Forest,Illinois,Tristan Caminar,OH,Sophomore,2028
Concordia University - Chicago,NCAA Division III,Northern Athletics Collegiate Conference,River Forest,Illinois,Michael Cardines,L,Sophomore,2028
Concordia University - Chicago,NCAA Division III,Northern Athletics Collegiate Conference,River Forest,Illinois,Ayaaz Arif,MB,Junior,2027
Concordia University - Chicago,NCAA Division III,Northern Athletics Collegiate Conference,River Forest,Illinois,Tyrise Armstrong,OPP/OH,Sophomore,2028
Concordia University - Chicago,NCAA Division III,Northern Athletics Collegiate Conference,River Forest,Illinois,Alexander Ford,MB,Sophomore,2028
Concordia University - Chicago,NCAA Division III,Northern Athletics Collegiate Conference,River Forest,Illinois,Tyler Holubek,OPP,Graduate Student,2026
Concordia University - Chicago,NCAA Division III,Northern Athletics Collegiate Conference,River Forest,Illinois,Marcin Hoffman,OH,Junior,2027
Concordia University - Chicago,NCAA Division III,Northern Athletics Collegiate Conference,River Forest,Illinois,Elijah Mosher,S,Senior,2026
Concordia University - Chicago,NCAA Division III,Northern Athletics Collegiate Conference,River Forest,Illinois,Tate Johnson,OPP/OH,Sophomore,2028
Concordia University - Chicago,NCAA Division III,Northern Athletics Collegiate Conference,River Forest,Illinois,Grayson Arn,S,Freshman,2029
Concordia University - Chicago,NCAA Division III,Northern Athletics Collegiate Conference,River Forest,Illinois,Van Gaetto,L,Senior,2026
Concordia University - Chicago,NCAA Division III,Northern Athletics Collegiate Conference,River Forest,Illinois,Jackson Stella,OH,Junior,2027
Concordia University - Chicago,NCAA Division III,Northern Athletics Collegiate Conference,River Forest,Illinois,Leon Gudzovski,MB,Junior,2027
Concordia University - Chicago,NCAA Division III,Northern Athletics Collegiate Conference,River Forest,Illinois,Ildeu Damasceno,OH,Sophomore,2028
Concordia University - Chicago,NCAA Division III,Northern Athletics Collegiate Conference,River Forest,Illinois,Ares Villa,S,Freshman,2029
Concordia University - Chicago,NCAA Division III,Northern Athletics Collegiate Conference,River Forest,Illinois,Wyatt Anzenberger-Shea,MB,Freshman,2029
Concordia University - Chicago,NCAA Division III,Northern Athletics Collegiate Conference,River Forest,Illinois,Avery Ekstrom,MB,Sophomore,2028
Concordia University - Chicago,NCAA Division III,Northern Athletics Collegiate Conference,River Forest,Illinois,Aaron Dennie,OH,Freshman,2029
Dominican University - Illinois,NCAA Division III,Northern Athletics Collegiate Conference,Mequon,Wisconsin,Richie Johnson,OH,Junior,2027
Dominican University - Illinois,NCAA Division III,Northern Athletics Collegiate Conference,Mequon,Wisconsin,Dylan Roszak,OH,Freshman,2029
Dominican University - Illinois,NCAA Division III,Northern Athletics Collegiate Conference,Mequon,Wisconsin,Andrew Gunara,S,Freshman,2029
Dominican University - Illinois,NCAA Division III,Northern Athletics Collegiate Conference,Mequon,Wisconsin,Eli Rodda,OPP,Freshman,2029
Dominican University - Illinois,NCAA Division III,Northern Athletics Collegiate Conference,Mequon,Wisconsin,Landon Diaz,MB,Sophomore,2028
Dominican University - Illinois,NCAA Division III,Northern Athletics Collegiate Conference,Mequon,Wisconsin,Ty Geschke,OH,Junior,2027
Dominican University - Illinois,NCAA Division III,Northern Athletics Collegiate Conference,Mequon,Wisconsin,Tyler Vrska,L,Senior,2026
Dominican University - Illinois,NCAA Division III,Northern Athletics Collegiate Conference,Mequon,Wisconsin,Grant Henderson,L,Junior,2027
Dominican University - Illinois,NCAA Division III,Northern Athletics Collegiate Conference,Mequon,Wisconsin,Michael Greco,MB,Senior,2026
Dominican University - Illinois,NCAA Division III,Northern Athletics Collegiate Conference,Mequon,Wisconsin,Landon Kassulke,S,Sophomore,2028
Dominican University - Illinois,NCAA Division III,Northern Athletics Collegiate Conference,Mequon,Wisconsin,Paxton De Tenley,OPP,Freshman,2029
Dominican University - Illinois,NCAA Division III,Northern Athletics Collegiate Conference,Mequon,Wisconsin,Thomas Hirsch,MB,Junior,2027
Dominican University - Illinois,NCAA Division III,Northern Athletics Collegiate Conference,Mequon,Wisconsin,David Valdez,S,Senior,2026
Dominican University - Illinois,NCAA Division III,Northern Athletics Collegiate Conference,Mequon,Wisconsin,Kendall Esparza,OH,Sophomore,2028
Dominican University - Illinois,NCAA Division III,Northern Athletics Collegiate Conference,Mequon,Wisconsin,Brendan Rushton,MB,Sophomore,2028
Dominican University - Illinois,NCAA Division III,Northern Athletics Collegiate Conference,Mequon,Wisconsin,Casey Goss,OPP,Graduate Student,2026
Dominican University - Illinois,NCAA Division III,Northern Athletics Collegiate Conference,Mequon,Wisconsin,Austin Rynberg,OH,Freshman,2029
Eureka College,NCAA Division III,St. Louis Intercollegiate Athletic Conference,Eureka,Illinois,Mason Johnson,OH,Freshman,2029
Eureka College,NCAA Division III,St. Louis Intercollegiate Athletic Conference,Eureka,Illinois,Kendall Killins,L,Sophomore,2028
Eureka College,NCAA Division III,St. Louis Intercollegiate Athletic Conference,Eureka,Illinois,Reece Smith,OPP,Sophomore,2028
Eureka College,NCAA Division III,St. Louis Intercollegiate Athletic Conference,Eureka,Illinois,Jayden Belanger,S,Freshman,2029
Eureka College,NCAA Division III,St. Louis Intercollegiate Athletic Conference,Eureka,Illinois,Jayden Miyahira,MB,Freshman,2029
Eureka College,NCAA Division III,St. Louis Intercollegiate Athletic Conference,Eureka,Illinois,Kawehi Kaneakua,S,Freshman,2029
Eureka College,NCAA Division III,St. Louis Intercollegiate Athletic Conference,Eureka,Illinois,Claude Paras,OH,Freshman,2029
Eureka College,NCAA Division III,St. Louis Intercollegiate Athletic Conference,Eureka,Illinois,Jake Potter,OH,Senior,2026
Eureka College,NCAA Division III,St. Louis Intercollegiate Athletic Conference,Eureka,Illinois,Zamian Freeman,OH,Freshman,2029
Eureka College,NCAA Division III,St. Louis Intercollegiate Athletic Conference,Eureka,Illinois,Javier Polacio,OH,Freshman,2029
Eureka College,NCAA Division III,St. Louis Intercollegiate Athletic Conference,Eureka,Illinois,Ignacio Hernandez,OH,Freshman,2029
Eureka College,NCAA Division III,St. Louis Intercollegiate Athletic Conference,Eureka,Illinois,Kayler Erazo,L,Freshman,2029
Eureka College,NCAA Division III,St. Louis Intercollegiate Athletic Conference,Eureka,Illinois,Dyson Wutzke,OPP,Junior,2027
Eureka College,NCAA Division III,St. Louis Intercollegiate Athletic Conference,Eureka,Illinois,Maddox Kluesner,MB,Freshman,2029
Eureka College,NCAA Division III,St. Louis Intercollegiate Athletic Conference,Eureka,Illinois,Kenyel Vazquez Ortiz,S,Freshman,2029
Greenville University,NCAA Division III,St. Louis Intercollegiate Athletic Conference,Greenville,Illinois,Nick Martin,OH,Freshman,2029
Greenville University,NCAA Division III,St. Louis Intercollegiate Athletic Conference,Greenville,Illinois,Caleb Day,MB,Sophomore,2028
Greenville University,NCAA Division III,St. Louis Intercollegiate Athletic Conference,Greenville,Illinois,Jay Ramirez,LB,Senior,2026
Greenville University,NCAA Division III,St. Louis Intercollegiate Athletic Conference,Greenville,Illinois,Sam Molitor,OH,Senior,2026
Greenville University,NCAA Division III,St. Louis Intercollegiate Athletic Conference,Greenville,Illinois,John Carl,OH,Freshman,2029
Greenville University,NCAA Division III,St. Louis Intercollegiate Athletic Conference,Greenville,Illinois,Carson Hulsey,OH,Freshman,2029
Greenville University,NCAA Division III,St. Louis Intercollegiate Athletic Conference,Greenville,Illinois,Kevin McGhee Jr.,S,Junior,2027
Greenville University,NCAA Division III,St. Louis Intercollegiate Athletic Conference,Greenville,Illinois,Martavis Hall,LB,Freshman,2029
Greenville University,NCAA Division III,St. Louis Intercollegiate Athletic Conference,Greenville,Illinois,Bo Parker,OH,Junior,2027
Greenville University,NCAA Division III,St. Louis Intercollegiate Athletic Conference,Greenville,Illinois,AJ Snyder,OPP,Freshman,2029
Greenville University,NCAA Division III,St. Louis Intercollegiate Athletic Conference,Greenville,Illinois,Andrew Weir,MB/OPP,Sophomore,2028
Greenville University,NCAA Division III,St. Louis Intercollegiate Athletic Conference,Greenville,Illinois,John Heater V,S/OPP,Sophomore,2028
Greenville University,NCAA Division III,St. Louis Intercollegiate Athletic Conference,Greenville,Illinois,Alijawon Sallis,OPP,Freshman,2029
Greenville University,NCAA Division III,St. Louis Intercollegiate Athletic Conference,Greenville,Illinois,Sergi Puigdevall,DS/LB,Sophomore,2028
Greenville University,NCAA Division III,St. Louis Intercollegiate Athletic Conference,Greenville,Illinois,Spencer Kelmel,OH,Freshman,2029
Greenville University,NCAA Division III,St. Louis Intercollegiate Athletic Conference,Greenville,Illinois,Freddy Townley,DS,Freshman,2029
Greenville University,NCAA Division III,St. Louis Intercollegiate Athletic Conference,Greenville,Illinois,Dane Thole,MB,Junior,2027
Greenville University,NCAA Division III,St. Louis Intercollegiate Athletic Conference,Greenville,Illinois,Brady Luechtefeld,OPP,Freshman,2029
Greenville University,NCAA Division III,St. Louis Intercollegiate Athletic Conference,Greenville,Illinois,Cortez Christmas,MB,Freshman,2029
Greenville University,NCAA Division III,St. Louis Intercollegiate Athletic Conference,Greenville,Illinois,Tyrone Ealy,OPP,Junior,2027
Illinois Institute of Technology,NCAA Division III,Northern Athletics Collegiate Conference,Chicago,Illinois,Samuel Goh,S,Freshman,2029
Illinois Institute of Technology,NCAA Division III,Northern Athletics Collegiate Conference,Chicago,Illinois,Elijah Johnson,S,Senior,2026
Illinois Institute of Technology,NCAA Division III,Northern Athletics Collegiate Conference,Chicago,Illinois,Jared Bergren,L,Sophomore,2028
Illinois Institute of Technology,NCAA Division III,Northern Athletics Collegiate Conference,Chicago,Illinois,Zachary Baus,DS/L,Junior,2027
Illinois Institute of Technology,NCAA Division III,Northern Athletics Collegiate Conference,Chicago,Illinois,Paul Henderson,OPP,Senior,2026
Illinois Institute of Technology,NCAA Division III,Northern Athletics Collegiate Conference,Chicago,Illinois,Erik Jones,MB,Sophomore,2028
Illinois Institute of Technology,NCAA Division III,Northern Athletics Collegiate Conference,Chicago,Illinois,Aaron Hanny,OPP,Junior,2027
Illinois Institute of Technology,NCAA Division III,Northern Athletics Collegiate Conference,Chicago,Illinois,Raul Matos,OH,Sophomore,2028
Illinois Institute of Technology,NCAA Division III,Northern Athletics Collegiate Conference,Chicago,Illinois,Bryan Evans,OH/OPP,Graduate Student,2026
Illinois Institute of Technology,NCAA Division III,Northern Athletics Collegiate Conference,Chicago,Illinois,Tyson Haufschild,OH,Freshman,2029
Illinois Institute of Technology,NCAA Division III,Northern Athletics Collegiate Conference,Chicago,Illinois,Kyler Russell,OPP,Sophomore,2028
Illinois Institute of Technology,NCAA Division III,Northern Athletics Collegiate Conference,Chicago,Illinois,Matthew Michler,S,Sophomore,2028
Illinois Institute of Technology,NCAA Division III,Northern Athletics Collegiate Conference,Chicago,Illinois,Beck Sanders,OH/OPP,Freshman,2029
Illinois Institute of Technology,NCAA Division III,Northern Athletics Collegiate Conference,Chicago,Illinois,Sebastian Dominguez,MB,Sophomore,2028
Illinois Institute of Technology,NCAA Division III,Northern Athletics Collegiate Conference,Chicago,Illinois,Maximo Dowling,OH,Sophomore,2028
Illinois Institute of Technology,NCAA Division III,Northern Athletics Collegiate Conference,Chicago,Illinois,Justin Barwind,OPP,Freshman,2029
Illinois Institute of Technology,NCAA Division III,Northern Athletics Collegiate Conference,Chicago,Illinois,Kyle Boger,MB,Freshman,2029
Illinois Institute of Technology,NCAA Division III,Northern Athletics Collegiate Conference,Chicago,Illinois,Jelani Kimoto,MB,Senior,2026
Illinois Wesleyan University,NCAA Division III,College Conference of Illinois and Wisconsin,Bloomington,Illinois,Colten Farrell,MB,Junior,2027
Illinois Wesleyan University,NCAA Division III,College Conference of Illinois and Wisconsin,Bloomington,Illinois,Patrick Dasbach,OH,Junior,2027
Illinois Wesleyan University,NCAA Division III,College Conference of Illinois and Wisconsin,Bloomington,Illinois,Ben Zima,L/OH,Sophomore,2028
Illinois Wesleyan University,NCAA Division III,College Conference of Illinois and Wisconsin,Bloomington,Illinois,Dylan McKeon,OH/OPP,Sophomore,2028
Illinois Wesleyan University,NCAA Division III,College Conference of Illinois and Wisconsin,Bloomington,Illinois,Jace Milka,OH/L,Senior,2026
Illinois Wesleyan University,NCAA Division III,College Conference of Illinois and Wisconsin,Bloomington,Illinois,Ethan Kuziela,S/OPP,Sophomore,2028
Illinois Wesleyan University,NCAA Division III,College Conference of Illinois and Wisconsin,Bloomington,Illinois,Cael Whitchurch,DS/L,Sophomore,2028
Illinois Wesleyan University,NCAA Division III,College Conference of Illinois and Wisconsin,Bloomington,Illinois,Dylan Brannigan,OH,Freshman,2029
Illinois Wesleyan University,NCAA Division III,College Conference of Illinois and Wisconsin,Bloomington,Illinois,Charlie Bialek,MB,Sophomore,2028
Illinois Wesleyan University,NCAA Division III,College Conference of Illinois and Wisconsin,Bloomington,Illinois,Lane Sunley,MB,Sophomore,2028
Illinois Wesleyan University,NCAA Division III,College Conference of Illinois and Wisconsin,Bloomington,Illinois,Wilson Spaulding,MB,Sophomore,2028
Illinois Wesleyan University,NCAA Division III,College Conference of Illinois and Wisconsin,Bloomington,Illinois,Gavin Rohlwing,MB,Sophomore,2028
Illinois Wesleyan University,NCAA Division III,College Conference of Illinois and Wisconsin,Bloomington,Illinois,Stan Peck,OPP,Freshman,2029
Illinois Wesleyan University,NCAA Division III,College Conference of Illinois and Wisconsin,Bloomington,Illinois,Will Arvizu,OH,Freshman,2029
Illinois Wesleyan University,NCAA Division III,College Conference of Illinois and Wisconsin,Bloomington,Illinois,Bram Eggen,OH,Freshman,2029
Illinois Wesleyan University,NCAA Division III,College Conference of Illinois and Wisconsin,Bloomington,Illinois,Jay Clifton,OPP,Freshman,2029
Illinois Wesleyan University,NCAA Division III,College Conference of Illinois and Wisconsin,Bloomington,Illinois,Dylan Quinn,MB,Freshman,2029
Illinois Wesleyan University,NCAA Division III,College Conference of Illinois and Wisconsin,Bloomington,Illinois,Angel Mendez,OH,Freshman,2029
Illinois Wesleyan University,NCAA Division III,College Conference of Illinois and Wisconsin,Bloomington,Illinois,Alex Alberstett,MB,Freshman,2029
Illinois Wesleyan University,NCAA Division III,College Conference of Illinois and Wisconsin,Bloomington,Illinois,Ryan Jilly,S,Freshman,2029
Illinois Wesleyan University,NCAA Division III,College Conference of Illinois and Wisconsin,Bloomington,Illinois,Daniel Overstreet,DS/L,Sophomore,2028
Illinois Wesleyan University,NCAA Division III,College Conference of Illinois and Wisconsin,Bloomington,Illinois,Owen Rollinson,S,Freshman,2029
Illinois Wesleyan University,NCAA Division III,College Conference of Illinois and Wisconsin,Bloomington,Illinois,Mark Meschi,OPP,Freshman,2029
Illinois Wesleyan University,NCAA Division III,College Conference of Illinois and Wisconsin,Bloomington,Illinois,Aydin Provost,OPP,Freshman,2029
Illinois Wesleyan University,NCAA Division III,College Conference of Illinois and Wisconsin,Bloomington,Illinois,Ethan Keutzer,S,Junior,2027
Illinois Wesleyan University,NCAA Division III,College Conference of Illinois and Wisconsin,Bloomington,Illinois,Bryce Williams,OH,Junior,2027
Illinois Wesleyan University,NCAA Division III,College Conference of Illinois and Wisconsin,Bloomington,Illinois,Brenden Reutter,S,Junior,2027
Lake Forest College,NCAA Division III,Midwest Conference,Lake Forest,Illinois,[FLAG] 2026-27 Inaugural Season; Currently Recruiting,N/A,N/A,N/A
North Central College,NCAA Division III,College Conference of Illinois and Wisconsin,Naperville,Illinois,Jonathan Brown,L,Junior,2027
North Central College,NCAA Division III,College Conference of Illinois and Wisconsin,Naperville,Illinois,Maddox Hardy,MB/OPP,Sophomore,2028
North Central College,NCAA Division III,College Conference of Illinois and Wisconsin,Naperville,Illinois,Connor Davis,MB,Senior,2026
North Central College,NCAA Division III,College Conference of Illinois and Wisconsin,Naperville,Illinois,James Bullock Jr.,MB,Sophomore,2028
North Central College,NCAA Division III,College Conference of Illinois and Wisconsin,Naperville,Illinois,Angelo Delgado,S,Freshman,2029
North Central College,NCAA Division III,College Conference of Illinois and Wisconsin,Naperville,Illinois,Jeffrey McEachern Jr.,OH,Senior,2026
North Central College,NCAA Division III,College Conference of Illinois and Wisconsin,Naperville,Illinois,Elijah Landeros,OPP,Freshman,2029
North Central College,NCAA Division III,College Conference of Illinois and Wisconsin,Naperville,Illinois,Evan Page,L,Freshman,2029
North Central College,NCAA Division III,College Conference of Illinois and Wisconsin,Naperville,Illinois,PJ Vaughan,S/OPP,Junior,2027
North Central College,NCAA Division III,College Conference of Illinois and Wisconsin,Naperville,Illinois,BK Bartlett,OH/OPP,Junior,2027
North Central College,NCAA Division III,College Conference of Illinois and Wisconsin,Naperville,Illinois,Jacob Starnawski,OH,Freshman,2029
North Central College,NCAA Division III,College Conference of Illinois and Wisconsin,Naperville,Illinois,Chris Mactal,MB,Sophomore,2028
North Central College,NCAA Division III,College Conference of Illinois and Wisconsin,Naperville,Illinois,Brannen Almarales,OPP,Senior,2026
North Central College,NCAA Division III,College Conference of Illinois and Wisconsin,Naperville,Illinois,Mitchell Hester,MB,Fifth Year,2026
North Park University,NCAA Division III,College Conference of Illinois and Wisconsin,Chicago,Illinois,Trey Phillips,L,Freshman,2029
North Park University,NCAA Division III,College Conference of Illinois and Wisconsin,Chicago,Illinois,David Akeju,OH,Freshman,2029
North Park University,NCAA Division III,College Conference of Illinois and Wisconsin,Chicago,Illinois,Gino Hamoy,S,Freshman,2029
North Park University,NCAA Division III,College Conference of Illinois and Wisconsin,Chicago,Illinois,Josiah Walker,OH/OPP,Freshman,2029
North Park University,NCAA Division III,College Conference of Illinois and Wisconsin,Chicago,Illinois,Elijah Jasso,OH,Sophomore,2028
North Park University,NCAA Division III,College Conference of Illinois and Wisconsin,Chicago,Illinois,"Kenneth Ervin, Jr.",OPP,Sophomore,2028
North Park University,NCAA Division III,College Conference of Illinois and Wisconsin,Chicago,Illinois,Gerald Buhain Malana,OH,Junior,2027
North Park University,NCAA Division III,College Conference of Illinois and Wisconsin,Chicago,Illinois,Raphael de Sousa Macedo,S,Junior,2027
North Park University,NCAA Division III,College Conference of Illinois and Wisconsin,Chicago,Illinois,Aidan Cook,L,Sophomore,2028
North Park University,NCAA Division III,College Conference of Illinois and Wisconsin,Chicago,Illinois,Adekunle Adebayo,OH,Senior,2026
North Park University,NCAA Division III,College Conference of Illinois and Wisconsin,Chicago,Illinois,Jonah Johnsamson,MB,Senior,2026
North Park University,NCAA Division III,College Conference of Illinois and Wisconsin,Chicago,Illinois,Sebastian Rivera-Azurdia,DS/L,Freshman,2029
North Park University,NCAA Division III,College Conference of Illinois and Wisconsin,Chicago,Illinois,Sebastian Castro,S,Freshman,2029
North Park University,NCAA Division III,College Conference of Illinois and Wisconsin,Chicago,Illinois,Isaac Vroom,OH,Freshman,2029
North Park University,NCAA Division III,College Conference of Illinois and Wisconsin,Chicago,Illinois,Giovanni Serafini,MB,Sophomore,2028
North Park University,NCAA Division III,College Conference of Illinois and Wisconsin,Chicago,Illinois,Nolan Edkin,L,Freshman,2029
North Park University,NCAA Division III,College Conference of Illinois and Wisconsin,Chicago,Illinois,Kevin Motallebi,S,Freshman,2029
North Park University,NCAA Division III,College Conference of Illinois and Wisconsin,Chicago,Illinois,Jan Dragan,OH,Sophomore,2028
North Park University,NCAA Division III,College Conference of Illinois and Wisconsin,Chicago,Illinois,Zachary Hayden,L,Senior,2026
North Park University,NCAA Division III,College Conference of Illinois and Wisconsin,Chicago,Illinois,Valentino Ramos,DS/L,Freshman,2029
North Park University,NCAA Division III,College Conference of Illinois and Wisconsin,Chicago,Illinois,Bobby Vaughn III,MB,Senior,2026
Rockford University,NCAA Division III,Northern Athletics Collegiate Conference,Rockford,Illinois,Ethan Pedroza,OH,Junior,2027
Rockford University,NCAA Division III,Northern Athletics Collegiate Conference,Rockford,Illinois,Zachary Lobue,MB/MB,Freshman,2029
Rockford University,NCAA Division III,Northern Athletics Collegiate Conference,Rockford,Illinois,Tucker Loegler Haig,OH/OPP,Freshman,2029
Rockford University,NCAA Division III,Northern Athletics Collegiate Conference,Rockford,Illinois,Joseis Dixon,OH,Sophomore,2028
Rockford University,NCAA Division III,Northern Athletics Collegiate Conference,Rockford,Illinois,Aaron John Reyes,MB/OPP,Freshman,2029
Rockford University,NCAA Division III,Northern Athletics Collegiate Conference,Rockford,Illinois,Jacob Brewster,L/DS,Sophomore,2028
Rockford University,NCAA Division III,Northern Athletics Collegiate Conference,Rockford,Illinois,Jordan Hurst,OPP/MB,Sophomore,2028
Rockford University,NCAA Division III,Northern Athletics Collegiate Conference,Rockford,Illinois,Carter Moore,OPP/MB/MB,Freshman,2029
Rockford University,NCAA Division III,Northern Athletics Collegiate Conference,Rockford,Illinois,Ethan Morhardt,OPP,Junior,2027
Rockford University,NCAA Division III,Northern Athletics Collegiate Conference,Rockford,Illinois,Josh Bowling,MB,Junior,2027
Rockford University,NCAA Division III,Northern Athletics Collegiate Conference,Rockford,Illinois,PJ Peden,S,Senior,2026
Rockford University,NCAA Division III,Northern Athletics Collegiate Conference,Rockford,Illinois,Nathan Simons,OH,Senior,2026
Rockford University,NCAA Division III,Northern Athletics Collegiate Conference,Rockford,Illinois,Tsubasa Namai,S,Junior,2027
Franklin College,NCAA Division III,Heartland Collegiate Athletic Conference,Franklin,Indiana,Jackson Campbell,S/OH,Sophomore,2028
Franklin College,NCAA Division III,Heartland Collegiate Athletic Conference,Franklin,Indiana,Corbin Deck,OH,Freshman,2029
Franklin College,NCAA Division III,Heartland Collegiate Athletic Conference,Franklin,Indiana,Demetric George,OPP,Freshman,2029
Franklin College,NCAA Division III,Heartland Collegiate Athletic Conference,Franklin,Indiana,Brayden Wells,DS,Sophomore,2028
Franklin College,NCAA Division III,Heartland Collegiate Athletic Conference,Franklin,Indiana,Gustavo Cornelius,OH/OPP,Sophomore,2028
Franklin College,NCAA Division III,Heartland Collegiate Athletic Conference,Franklin,Indiana,Eric Peiffer,MB,Sophomore,2028
Franklin College,NCAA Division III,Heartland Collegiate Athletic Conference,Franklin,Indiana,Leo Meseberg,MB,Freshman,2029
Franklin College,NCAA Division III,Heartland Collegiate Athletic Conference,Franklin,Indiana,Jonathan McCoy,OH,Sophomore,2028
Franklin College,NCAA Division III,Heartland Collegiate Athletic Conference,Franklin,Indiana,Simon Hmung,L,Sophomore,2028
Franklin College,NCAA Division III,Heartland Collegiate Athletic Conference,Franklin,Indiana,Matthew Becerra,S,Sophomore,2028
Franklin College,NCAA Division III,Heartland Collegiate Athletic Conference,Franklin,Indiana,Logan Martin,DS,Freshman,2029
Franklin College,NCAA Division III,Heartland Collegiate Athletic Conference,Franklin,Indiana,Jochem van der Beek,MB,Freshman,2029
Franklin College,NCAA Division III,Heartland Collegiate Athletic Conference,Franklin,Indiana,Nicolas Whitecotten,DS,Senior,2026
Franklin College,NCAA Division III,Heartland Collegiate Athletic Conference,Franklin,Indiana,Layne Pogue,OH/S,Freshman,2029
Franklin College,NCAA Division III,Heartland Collegiate Athletic Conference,Franklin,Indiana,Brody Bettag,DS,Freshman,2029
Franklin College,NCAA Division III,Heartland Collegiate Athletic Conference,Franklin,Indiana,Jacob Rowland,DS,Freshman,2029
Franklin College,NCAA Division III,Heartland Collegiate Athletic Conference,Franklin,Indiana,Kevin Braxton,OPP,Freshman,2029
Trine University,NCAA Division III,Michigan Intercollegiate Athletic Association,Angola,Indiana,Ty Freeman,OH,Sophomore,2028
Trine University,NCAA Division III,Michigan Intercollegiate Athletic Association,Angola,Indiana,Dalton Lutes,L/DS,Freshman,2029
Trine University,NCAA Division III,Michigan Intercollegiate Athletic Association,Angola,Indiana,Gage Petrock,L/DS,Senior,2026
Trine University,NCAA Division III,Michigan Intercollegiate Athletic Association,Angola,Indiana,Mehm Mon,DS,Junior,2027
Trine University,NCAA Division III,Michigan Intercollegiate Athletic Association,Angola,Indiana,Johnson-Kuhao Ho'okano-Pelekai,OH,Senior,2026
Trine University,NCAA Division III,Michigan Intercollegiate Athletic Association,Angola,Indiana,Chase Emberton,MB,Freshman,2029
Trine University,NCAA Division III,Michigan Intercollegiate Athletic Association,Angola,Indiana,Bryce Tupaz,S,Freshman,2029
Trine University,NCAA Division III,Michigan Intercollegiate Athletic Association,Angola,Indiana,Zach Mikrut,OH,Freshman,2029
Trine University,NCAA Division III,Michigan Intercollegiate Athletic Association,Angola,Indiana,Jaren Reyes,OH,Sophomore,2028
Trine University,NCAA Division III,Michigan Intercollegiate Athletic Association,Angola,Indiana,Trenton Gebben-Thompson,OPP/MB,Freshman,2029
Trine University,NCAA Division III,Michigan Intercollegiate Athletic Association,Angola,Indiana,Evan Prinssen,OH,Sophomore,2028
Trine University,NCAA Division III,Michigan Intercollegiate Athletic Association,Angola,Indiana,Grayson Barnhill,MB,Sophomore,2028
Trine University,NCAA Division III,Michigan Intercollegiate Athletic Association,Angola,Indiana,Xander Ikusz,S,Sophomore,2028
Trine University,NCAA Division III,Michigan Intercollegiate Athletic Association,Angola,Indiana,Nicholas Hulskotter,OH,Freshman,2029
Trine University,NCAA Division III,Michigan Intercollegiate Athletic Association,Angola,Indiana,Seth McDonald,MB,Junior,2027
Trine University,NCAA Division III,Michigan Intercollegiate Athletic Association,Angola,Indiana,Luke Trotter,L/DS,Sophomore,2028
Trine University,NCAA Division III,Michigan Intercollegiate Athletic Association,Angola,Indiana,Karl Both,MB,Junior,2027
Trine University,NCAA Division III,Michigan Intercollegiate Athletic Association,Angola,Indiana,John Mikrut,OPP,Freshman,2029
Trine University,NCAA Division III,Michigan Intercollegiate Athletic Association,Angola,Indiana,Nevin Kile,OPP,Freshman,2029
Trine University,NCAA Division III,Michigan Intercollegiate Athletic Association,Angola,Indiana,Ryan Ford,OPP,Sophomore,2028
Trine University,NCAA Division III,Michigan Intercollegiate Athletic Association,Angola,Indiana,Austin Pflugner,MB,Freshman,2029
Wabash College,NCAA Division III,North Coast Athletic Conference,Crawfordsville,Indiana,Leo Smith,MB,Freshman,2029
Wabash College,NCAA Division III,North Coast Athletic Conference,Crawfordsville,Indiana,Piotr Wolan,L,Sophomore,2028
Wabash College,NCAA Division III,North Coast Athletic Conference,Crawfordsville,Indiana,Zev Wolverton,OH,Junior,2027
Wabash College,NCAA Division III,North Coast Athletic Conference,Crawfordsville,Indiana,Andrew Hostetler,OH,Sophomore,2028
Wabash College,NCAA Division III,North Coast Athletic Conference,Crawfordsville,Indiana,Daniel Borges,DS,Freshman,2029
Wabash College,NCAA Division III,North Coast Athletic Conference,Crawfordsville,Indiana,Augusto Alvarez,DS,Freshman,2029
Wabash College,NCAA Division III,North Coast Athletic Conference,Crawfordsville,Indiana,Bawibawi Thang,OH,Junior,2027
Wabash College,NCAA Division III,North Coast Athletic Conference,Crawfordsville,Indiana,Ben Donaldson,MB,Freshman,2029
Wabash College,NCAA Division III,North Coast Athletic Conference,Crawfordsville,Indiana,Liam Boehme,OPP,Freshman,2029
Wabash College,NCAA Division III,North Coast Athletic Conference,Crawfordsville,Indiana,Shad Wilson,MB,Junior,2027
Wabash College,NCAA Division III,North Coast Athletic Conference,Crawfordsville,Indiana,Matthew Stitle,S,Sophomore,2028
Wabash College,NCAA Division III,North Coast Athletic Conference,Crawfordsville,Indiana,Gabriel Brandenburg,OPP,Sophomore,2028
Wabash College,NCAA Division III,North Coast Athletic Conference,Crawfordsville,Indiana,Trezdin Hair,DS,Junior,2027
Wabash College,NCAA Division III,North Coast Athletic Conference,Crawfordsville,Indiana,Jaden Greenwell,MB,Freshman,2029
Wabash College,NCAA Division III,North Coast Athletic Conference,Crawfordsville,Indiana,Graham Volk,S,Sophomore,2028
Wabash College,NCAA Division III,North Coast Athletic Conference,Crawfordsville,Indiana,Patrick Volk,OPP,Senior,2026
Wabash College,NCAA Division III,North Coast Athletic Conference,Crawfordsville,Indiana,Christopher Board,L,Junior,2027
Loras College,NCAA Division III,American Rivers Conference,Dubuque,Iowa,Aidan Peloquin,OH/L,Sophomore,2028
Loras College,NCAA Division III,American Rivers Conference,Dubuque,Iowa,William Vannoy,MB,Sophomore,2028
Loras College,NCAA Division III,American Rivers Conference,Dubuque,Iowa,Evan Dziadkowiec,S,Sophomore,2028
Loras College,NCAA Division III,American Rivers Conference,Dubuque,Iowa,Brady Oberfoell,L,Junior,2027
Loras College,NCAA Division III,American Rivers Conference,Dubuque,Iowa,Alejandro Burns,S,Freshman,2029
Loras College,NCAA Division III,American Rivers Conference,Dubuque,Iowa,Joe Garrett,S,Junior,2027
Loras College,NCAA Division III,American Rivers Conference,Dubuque,Iowa,Elijah Passey,OH,Junior,2027
Loras College,NCAA Division III,American Rivers Conference,Dubuque,Iowa,James Pirocanac,MB,Sophomore,2028
Loras College,NCAA Division III,American Rivers Conference,Dubuque,Iowa,Lucas Eckrose,OH/DS,Sophomore,2028
Loras College,NCAA Division III,American Rivers Conference,Dubuque,Iowa,Anthony Schwarz,OH,Junior,2027
Loras College,NCAA Division III,American Rivers Conference,Dubuque,Iowa,Jacob Strahan,OH,Sophomore,2028
Loras College,NCAA Division III,American Rivers Conference,Dubuque,Iowa,Connor Jaral,OH,Sophomore,2028
Loras College,NCAA Division III,American Rivers Conference,Dubuque,Iowa,Roman Rothermel,MB,Junior,2027
Loras College,NCAA Division III,American Rivers Conference,Dubuque,Iowa,Alex Claessens,S,Freshman,2029
Loras College,NCAA Division III,American Rivers Conference,Dubuque,Iowa,Nolan Krygsheld,OH,Senior,2026
Loras College,NCAA Division III,American Rivers Conference,Dubuque,Iowa,Bo Brainerd III,MB,Senior,2026
Simpson College,NCAA Division III,American Rivers Conference,Indianola,Iowa,Ignacio Aguado Herranz,OH,Junior,2027
Simpson College,NCAA Division III,American Rivers Conference,Indianola,Iowa,Adria Galve,OH,Freshman,2029
Simpson College,NCAA Division III,American Rivers Conference,Indianola,Iowa,Joseph Wollum,OH,Junior,2027
Simpson College,NCAA Division III,American Rivers Conference,Indianola,Iowa,Rafael Hidalgo,DS,Sophomore,2028
Simpson College,NCAA Division III,American Rivers Conference,Indianola,Iowa,Daniel Garcia,OH,Sophomore,2028
Simpson College,NCAA Division III,American Rivers Conference,Indianola,Iowa,Hector Lopez Navarro,S,Sophomore,2028
Simpson College,NCAA Division III,American Rivers Conference,Indianola,Iowa,Jake Julianelle,MB,Freshman,2029
Simpson College,NCAA Division III,American Rivers Conference,Indianola,Iowa,Franklin Nola,OPP,Sophomore,2028
Simpson College,NCAA Division III,American Rivers Conference,Indianola,Iowa,Spencer Krantz,DS,Junior,2027
Simpson College,NCAA Division III,American Rivers Conference,Indianola,Iowa,Gabe Bruns,DS,Senior,2026
Simpson College,NCAA Division III,American Rivers Conference,Indianola,Iowa,Ryan Holladay,MB,Senior,2026
Spalding University,NCAA Division III,St. Louis Intercollegiate Athletic Conference,Louisville,Kentucky,Will Peterson,OH/MB,Freshman,2029
Spalding University,NCAA Division III,St. Louis Intercollegiate Athletic Conference,Louisville,Kentucky,Brayden Overberg,S,Freshman,2029
Spalding University,NCAA Division III,St. Louis Intercollegiate Athletic Conference,Louisville,Kentucky,Khoa Nguyen-Truong,MB,Freshman,2029
Spalding University,NCAA Division III,St. Louis Intercollegiate Athletic Conference,Louisville,Kentucky,Alex Gove,DS,Freshman,2029
Spalding University,NCAA Division III,St. Louis Intercollegiate Athletic Conference,Louisville,Kentucky,Yashua Beals,MB,Freshman,2029
Spalding University,NCAA Division III,St. Louis Intercollegiate Athletic Conference,Louisville,Kentucky,Tye-Anthony Curtis,OPP,Freshman,2029
Spalding University,NCAA Division III,St. Louis Intercollegiate Athletic Conference,Louisville,Kentucky,Max Atherton,OH,Freshman,2029
Spalding University,NCAA Division III,St. Louis Intercollegiate Athletic Conference,Louisville,Kentucky,Aakash Malvankar,OH,Freshman,2029
Spalding University,NCAA Division III,St. Louis Intercollegiate Athletic Conference,Louisville,Kentucky,Brock Venteicher,OH/MB,Freshman,2029
Spalding University,NCAA Division III,St. Louis Intercollegiate Athletic Conference,Louisville,Kentucky,Alex Brey,DS,Freshman,2029
Hood College,NCAA Division III,Middle Atlantic Conference,Frederick,Maryland,Dane Lyons,DS,Freshman,2029
Hood College,NCAA Division III,Middle Atlantic Conference,Frederick,Maryland,Zander Kirchner,MB,Junior,2027
Hood College,NCAA Division III,Middle Atlantic Conference,Frederick,Maryland,Cameron Nugent,S,Junior,2027
Hood College,NCAA Division III,Middle Atlantic Conference,Frederick,Maryland,Charles Casas,OH,Junior,2027
Hood College,NCAA Division III,Middle Atlantic Conference,Frederick,Maryland,Ryan Elias,MB,Freshman,2029
Hood College,NCAA Division III,Middle Atlantic Conference,Frederick,Maryland,Joel Wantz,OPP,Freshman,2029
Hood College,NCAA Division III,Middle Atlantic Conference,Frederick,Maryland,Blake Catts,MB/OPP,Sophomore,2028
Hood College,NCAA Division III,Middle Atlantic Conference,Frederick,Maryland,Ben Foster,DS,Senior,2026
Hood College,NCAA Division III,Middle Atlantic Conference,Frederick,Maryland,Rafael Riberas,DS,Freshman,2029
Hood College,NCAA Division III,Middle Atlantic Conference,Frederick,Maryland,Sean Seely,OH,Junior,2027
Stevenson University,NCAA Division III,Middle Atlantic Conference,Owings Mills,Maryland,Joaquim Cariaso,S,Sophomore,2028
Stevenson University,NCAA Division III,Middle Atlantic Conference,Owings Mills,Maryland,JD Sarmuksnis,L,Senior,2026
Stevenson University,NCAA Division III,Middle Atlantic Conference,Owings Mills,Maryland,Nathan Deha,MB,Freshman,2029
Stevenson University,NCAA Division III,Middle Atlantic Conference,Owings Mills,Maryland,Lance Simon,L,Sophomore,2028
Stevenson University,NCAA Division III,Middle Atlantic Conference,Owings Mills,Maryland,Connor Roth,S,Sophomore,2028
Stevenson University,NCAA Division III,Middle Atlantic Conference,Owings Mills,Maryland,Tanner Laukhuff,OH,Junior,2027
Stevenson University,NCAA Division III,Middle Atlantic Conference,Owings Mills,Maryland,RC Getteau,MB/OPP,Sophomore,2028
Stevenson University,NCAA Division III,Middle Atlantic Conference,Owings Mills,Maryland,Jackson Bones,L/OH,Sophomore,2028
Stevenson University,NCAA Division III,Middle Atlantic Conference,Owings Mills,Maryland,Corwin Trouteaud,MB,Senior,2026
Stevenson University,NCAA Division III,Middle Atlantic Conference,Owings Mills,Maryland,Aden Thompson,MB,Freshman,2029
Stevenson University,NCAA Division III,Middle Atlantic Conference,Owings Mills,Maryland,Adam DeRubertis,OH,Junior,2027
Stevenson University,NCAA Division III,Middle Atlantic Conference,Owings Mills,Maryland,Sutton Scoutelas,OH,Freshman,2029
Stevenson University,NCAA Division III,Middle Atlantic Conference,Owings Mills,Maryland,Patrick Siewert,OPP/OH,Freshman,2029
Stevenson University,NCAA Division III,Middle Atlantic Conference,Owings Mills,Maryland,Tommy Peisinger,OH,Freshman,2029
Stevenson University,NCAA Division III,Middle Atlantic Conference,Owings Mills,Maryland,Daniel Sledz,S,Freshman,2029
Stevenson University,NCAA Division III,Middle Atlantic Conference,Owings Mills,Maryland,Adam Sawyers,MB,Junior,2027
Stevenson University,NCAA Division III,Middle Atlantic Conference,Owings Mills,Maryland,Kyler Robinson,S,Freshman,2029
Stevenson University,NCAA Division III,Middle Atlantic Conference,Owings Mills,Maryland,Logan Thompson,L,Freshman,2029
Stevenson University,NCAA Division III,Middle Atlantic Conference,Owings Mills,Maryland,Michael Dixon,OH,Sophomore,2028
Stevenson University,NCAA Division III,Middle Atlantic Conference,Owings Mills,Maryland,Kevin Kouchoukos,S,Senior,2026
Stevenson University,NCAA Division III,Middle Atlantic Conference,Owings Mills,Maryland,Dean Holbrook,MB,Freshman,2029
Stevenson University,NCAA Division III,Middle Atlantic Conference,Owings Mills,Maryland,Ben Grove,OH,Sophomore,2028
Curry College,NCAA Division III,Conference of New England,Milton,Massachusetts,Connor Tran,OPP/OPP,Junior,2027
Curry College,NCAA Division III,Conference of New England,Milton,Massachusetts,Hashim Khan,OPP,Sophomore,2028
Curry College,NCAA Division III,Conference of New England,Milton,Massachusetts,Kean Jarvinen,OH,Freshman,2029
Curry College,NCAA Division III,Conference of New England,Milton,Massachusetts,LJ Hernandez,OH,Sophomore,2028
Curry College,NCAA Division III,Conference of New England,Milton,Massachusetts,Nyko Whitaker,S,Freshman,2029
Curry College,NCAA Division III,Conference of New England,Milton,Massachusetts,Braden Alpert,L,Freshman,2029
Curry College,NCAA Division III,Conference of New England,Milton,Massachusetts,Brayden Maloney,OH,Junior,2027
Curry College,NCAA Division III,Conference of New England,Milton,Massachusetts,Michael Swanigan,OH,Sophomore,2028
Curry College,NCAA Division III,Conference of New England,Milton,Massachusetts,Abdiel Ixlaj,DS/L,Senior,2026
Curry College,NCAA Division III,Conference of New England,Milton,Massachusetts,Chris Milfort,OH,Sophomore,2028
Curry College,NCAA Division III,Conference of New England,Milton,Massachusetts,Lyon Schoenthaler,OH,Sophomore,2028
Curry College,NCAA Division III,Conference of New England,Milton,Massachusetts,Ryan Damo,L,Sophomore,2028
Curry College,NCAA Division III,Conference of New England,Milton,Massachusetts,Milo Barry Young,MB,Sophomore,2028
Curry College,NCAA Division III,Conference of New England,Milton,Massachusetts,Justin Buckley,MB,Freshman,2029
Curry College,NCAA Division III,Conference of New England,Milton,Massachusetts,Connor Kennedy,MB,Junior,2027
Curry College,NCAA Division III,Conference of New England,Milton,Massachusetts,Jayden Garcia,MB,Freshman,2029
Curry College,NCAA Division III,Conference of New England,Milton,Massachusetts,Brock Beggs,OPP,Freshman,2029
Curry College,NCAA Division III,Conference of New England,Milton,Massachusetts,Nicholas Watson,OH/L,Freshman,2029
Dean College,NCAA Division III,Great Northeast Athletic Conference,Franklin,Massachusetts,Rayan Echelh,OH,Sophomore,2028
Dean College,NCAA Division III,Great Northeast Athletic Conference,Franklin,Massachusetts,Arthur Felicio,OH,Senior,2026
Dean College,NCAA Division III,Great Northeast Athletic Conference,Franklin,Massachusetts,Jerney Price,OH,Senior,2026
Dean College,NCAA Division III,Great Northeast Athletic Conference,Franklin,Massachusetts,Preston Carmody,OH,Sophomore,2028
Dean College,NCAA Division III,Great Northeast Athletic Conference,Franklin,Massachusetts,Mason Rua,DS,Sophomore,2028
Dean College,NCAA Division III,Great Northeast Athletic Conference,Franklin,Massachusetts,Antonio Varela,OH,Freshman,2029
Dean College,NCAA Division III,Great Northeast Athletic Conference,Franklin,Massachusetts,Ayden Rogers,OH,Sophomore,2028
Dean College,NCAA Division III,Great Northeast Athletic Conference,Franklin,Massachusetts,Casey Dubois,S,Sophomore,2028
Dean College,NCAA Division III,Great Northeast Athletic Conference,Franklin,Massachusetts,Daniel Duggan,OH,Freshman,2029
Dean College,NCAA Division III,Great Northeast Athletic Conference,Franklin,Massachusetts,Travis Johnson,OH,Freshman,2029
Dean College,NCAA Division III,Great Northeast Athletic Conference,Franklin,Massachusetts,Hunter Armitage,S,Senior,2026
Dean College,NCAA Division III,Great Northeast Athletic Conference,Franklin,Massachusetts,Naya Phillip,OH,Freshman,2029
Dean College,NCAA Division III,Great Northeast Athletic Conference,Franklin,Massachusetts,Noah Allan,OH,Sophomore,2028
Dean College,NCAA Division III,Great Northeast Athletic Conference,Franklin,Massachusetts,Evan Boulay,S,Freshman,2029
Dean College,NCAA Division III,Great Northeast Athletic Conference,Franklin,Massachusetts,Will Wheatley,OH,Sophomore,2028
Dean College,NCAA Division III,Great Northeast Athletic Conference,Franklin,Massachusetts,James Carley,DS,Sophomore,2028
Dean College,NCAA Division III,Great Northeast Athletic Conference,Franklin,Massachusetts,Brandon Mimande,OH,Freshman,2029
Elms College,NCAA Division III,Great Northeast Athletic Conference,Chicopee,Massachusetts,Al Sánchez,L,Junior,2027
Elms College,NCAA Division III,Great Northeast Athletic Conference,Chicopee,Massachusetts,Chris Bousquet,L,Freshman,2029
Elms College,NCAA Division III,Great Northeast Athletic Conference,Chicopee,Massachusetts,David Dzhenzherukha,OH/S,Freshman,2029
Elms College,NCAA Division III,Great Northeast Athletic Conference,Chicopee,Massachusetts,John Centeno Pagan,OH,Freshman,2029
Elms College,NCAA Division III,Great Northeast Athletic Conference,Chicopee,Massachusetts,David Tompkins,L/DS/MB,Senior,2026
Elms College,NCAA Division III,Great Northeast Athletic Conference,Chicopee,Massachusetts,Nick Uschmann,OPP,Junior,2027
Elms College,NCAA Division III,Great Northeast Athletic Conference,Chicopee,Massachusetts,Hunter Ladouceur,S,Sophomore,2028
Elms College,NCAA Division III,Great Northeast Athletic Conference,Chicopee,Massachusetts,Juan Jones,MB/OPP,Freshman,2029
Elms College,NCAA Division III,Great Northeast Athletic Conference,Chicopee,Massachusetts,Daviel Roman,DS/L/S,Freshman,2029
Elms College,NCAA Division III,Great Northeast Athletic Conference,Chicopee,Massachusetts,Joe Culhane,OH,Freshman,2029
Elms College,NCAA Division III,Great Northeast Athletic Conference,Chicopee,Massachusetts,Rafa Artero,MB,Senior,2026
Elms College,NCAA Division III,Great Northeast Athletic Conference,Chicopee,Massachusetts,John Bellafronte,MB,Junior,2027
Elms College,NCAA Division III,Great Northeast Athletic Conference,Chicopee,Massachusetts,Taahir Busaidy,DS,Graduate Student,2026
Emerson College,NCAA Division III,NEWMAC,Boston,Massachusetts,Semaj' Byrd,DS,Senior,2026
Emerson College,NCAA Division III,NEWMAC,Boston,Massachusetts,Cade Ott,OPP,Freshman,2029
Emerson College,NCAA Division III,NEWMAC,Boston,Massachusetts,Jack Ferrie,MB,Freshman,2029
Emerson College,NCAA Division III,NEWMAC,Boston,Massachusetts,Ryan Chen,S,Freshman,2029
Emerson College,NCAA Division III,NEWMAC,Boston,Massachusetts,Mario Cielo-Salinas,OH,Sophomore,2028
Emerson College,NCAA Division III,NEWMAC,Boston,Massachusetts,Tucker Sanders,DS,Freshman,2029
Emerson College,NCAA Division III,NEWMAC,Boston,Massachusetts,Cash Muse,MB,Sophomore,2028
Emerson College,NCAA Division III,NEWMAC,Boston,Massachusetts,Riley Goldman,OH,Junior,2027
Emerson College,NCAA Division III,NEWMAC,Boston,Massachusetts,Nathan Kikonyogo,DS,Freshman,2029
Emerson College,NCAA Division III,NEWMAC,Boston,Massachusetts,Davin Clement,S,Freshman,2029
Emmanuel College - Massachusetts,NCAA Division III,Great Northeast Athletic Conference,Boston,Massachusetts,Nick Sciabica,L,Senior,2026
Emmanuel College - Massachusetts,NCAA Division III,Great Northeast Athletic Conference,Boston,Massachusetts,Loden Broe,S,Sophomore,2028
Emmanuel College - Massachusetts,NCAA Division III,Great Northeast Athletic Conference,Boston,Massachusetts,Nathan Sierra-Suan,DS/L,Sophomore,2028
Emmanuel College - Massachusetts,NCAA Division III,Great Northeast Athletic Conference,Boston,Massachusetts,Kane Lum,DS/L,Freshman,2029
Emmanuel College - Massachusetts,NCAA Division III,Great Northeast Athletic Conference,Boston,Massachusetts,Eric Barcelos,MB,Sophomore,2028
Emmanuel College - Massachusetts,NCAA Division III,Great Northeast Athletic Conference,Boston,Massachusetts,Declan Morrison,OPP/MB,Junior,2027
Emmanuel College - Massachusetts,NCAA Division III,Great Northeast Athletic Conference,Boston,Massachusetts,Rob Moore,MB,Senior,2026
Emmanuel College - Massachusetts,NCAA Division III,Great Northeast Athletic Conference,Boston,Massachusetts,Christopher Escobar Veliz,DS/L,Sophomore,2028
Emmanuel College - Massachusetts,NCAA Division III,Great Northeast Athletic Conference,Boston,Massachusetts,Cayson Branconier,OH,Junior,2027
Emmanuel College - Massachusetts,NCAA Division III,Great Northeast Athletic Conference,Boston,Massachusetts,Trey Guest,OPP,Senior,2026
Emmanuel College - Massachusetts,NCAA Division III,Great Northeast Athletic Conference,Boston,Massachusetts,Brendan McGinley,OH,Freshman,2029
Emmanuel College - Massachusetts,NCAA Division III,Great Northeast Athletic Conference,Boston,Massachusetts,Tye Barrett,S,Freshman,2029
Emmanuel College - Massachusetts,NCAA Division III,Great Northeast Athletic Conference,Boston,Massachusetts,Carlton Cummings,OH,Junior,2027
Emmanuel College - Massachusetts,NCAA Division III,Great Northeast Athletic Conference,Boston,Massachusetts,Sam Chaucer,S,Freshman,2029
Emmanuel College - Massachusetts,NCAA Division III,Great Northeast Athletic Conference,Boston,Massachusetts,Collin Martin,OH/OPP,Freshman,2029
Emmanuel College - Massachusetts,NCAA Division III,Great Northeast Athletic Conference,Boston,Massachusetts,Cody Gibendi,OPP,Freshman,2029
Endicott College,NCAA Division III,Conference of New England,Beverly,Massachusetts,Tyler Dolan,OH,Sophomore,2028
Endicott College,NCAA Division III,Conference of New England,Beverly,Massachusetts,Anderson Piller,L,Sophomore,2028
Endicott College,NCAA Division III,Conference of New England,Beverly,Massachusetts,Adin Jepsky,L,Senior,2026
Endicott College,NCAA Division III,Conference of New England,Beverly,Massachusetts,Collin Heath,L,Sophomore,2028
Endicott College,NCAA Division III,Conference of New England,Beverly,Massachusetts,Alex Bui,S/OPP,Junior,2027
Endicott College,NCAA Division III,Conference of New England,Beverly,Massachusetts,Thomas Matchett,MB,Sophomore,2028
Endicott College,NCAA Division III,Conference of New England,Beverly,Massachusetts,Aaron Bennett,OPP/MB,Junior,2027
Endicott College,NCAA Division III,Conference of New England,Beverly,Massachusetts,Nicholas Pascual,OH,Senior,2026
Endicott College,NCAA Division III,Conference of New England,Beverly,Massachusetts,Luke Madson,OH,Junior,2027
Endicott College,NCAA Division III,Conference of New England,Beverly,Massachusetts,Dan Battista,L/S,Junior,2027
Endicott College,NCAA Division III,Conference of New England,Beverly,Massachusetts,Jackson Gray,MB,Sophomore,2028
Endicott College,NCAA Division III,Conference of New England,Beverly,Massachusetts,Jake Laborde,OH,Senior,2026
Endicott College,NCAA Division III,Conference of New England,Beverly,Massachusetts,Matty Tiernan,S,Junior,2027
Endicott College,NCAA Division III,Conference of New England,Beverly,Massachusetts,Ethan Norris,S/OPP,Freshman,2029
Endicott College,NCAA Division III,Conference of New England,Beverly,Massachusetts,Ian Hoskins,OPP,Sophomore,2028
Endicott College,NCAA Division III,Conference of New England,Beverly,Massachusetts,Aidan Iacovelli,OH,Senior,2026
Endicott College,NCAA Division III,Conference of New England,Beverly,Massachusetts,Eric Farnan,OH,Freshman,2029
Endicott College,NCAA Division III,Conference of New England,Beverly,Massachusetts,Avery Tyson,MB,Senior,2026
Endicott College,NCAA Division III,Conference of New England,Beverly,Massachusetts,Ben Hoose,OPP,Freshman,2029
Endicott College,NCAA Division III,Conference of New England,Beverly,Massachusetts,Aidan Barron,MB,Freshman,2029
Endicott College,NCAA Division III,Conference of New England,Beverly,Massachusetts,Brady Hoose,OH,Freshman,2029
Endicott College,NCAA Division III,Conference of New England,Beverly,Massachusetts,Cullen St. Cyr,MB,Freshman,2029
Lasell University,NCAA Division III,Great Northeast Athletic Conference,Newton,Massachusetts,Max Bautista,OH,Freshman,2029
Lasell University,NCAA Division III,Great Northeast Athletic Conference,Newton,Massachusetts,Matthew Mitko,OH,Freshman,2029
Lasell University,NCAA Division III,Great Northeast Athletic Conference,Newton,Massachusetts,Jasper Schultz,OH,Senior,2026
Lasell University,NCAA Division III,Great Northeast Athletic Conference,Newton,Massachusetts,Noah Thetford,OPP,Junior,2027
Lasell University,NCAA Division III,Great Northeast Athletic Conference,Newton,Massachusetts,Remy Cahalan,OH,Sophomore,2028
Lasell University,NCAA Division III,Great Northeast Athletic Conference,Newton,Massachusetts,Trystan Maloney,S,Sophomore,2028
Lasell University,NCAA Division III,Great Northeast Athletic Conference,Newton,Massachusetts,Branch Barnes,OPP,Freshman,2029
Lasell University,NCAA Division III,Great Northeast Athletic Conference,Newton,Massachusetts,Kili Hanakahi,OH,Freshman,2029
Lasell University,NCAA Division III,Great Northeast Athletic Conference,Newton,Massachusetts,Nathaniel Cobuzzi,MB,Sophomore,2028
Lasell University,NCAA Division III,Great Northeast Athletic Conference,Newton,Massachusetts,Teddy Teraszkiewicz,OH,Senior,2026
Lasell University,NCAA Division III,Great Northeast Athletic Conference,Newton,Massachusetts,Ryan Tierney,OH,Sophomore,2028
Lasell University,NCAA Division III,Great Northeast Athletic Conference,Newton,Massachusetts,Cody Bonilla,OPP/MB,Junior,2027
Lasell University,NCAA Division III,Great Northeast Athletic Conference,Newton,Massachusetts,Peyton Walter,OH,Junior,2027
Lasell University,NCAA Division III,Great Northeast Athletic Conference,Newton,Massachusetts,Paten Buckwalter,MB,Sophomore,2028
Lasell University,NCAA Division III,Great Northeast Athletic Conference,Newton,Massachusetts,Micah Nakasato,S,Sophomore,2028
Lasell University,NCAA Division III,Great Northeast Athletic Conference,Newton,Massachusetts,Cole Esterline,MB,Junior,2027
Lasell University,NCAA Division III,Great Northeast Athletic Conference,Newton,Massachusetts,Ryan Mesnik,L,Sophomore,2028
Lasell University,NCAA Division III,Great Northeast Athletic Conference,Newton,Massachusetts,Eric Chan,L,Freshman,2029
Massachusetts Institute of Technology - MIT,NCAA Division III,NEWMAC,Cambridge,Massachusetts,George Chang,L/DS,Senior,2026
Massachusetts Institute of Technology - MIT,NCAA Division III,NEWMAC,Cambridge,Massachusetts,Nate Toth,OH,Freshman,2029
Massachusetts Institute of Technology - MIT,NCAA Division III,NEWMAC,Cambridge,Massachusetts,Warren Nam,L/DS,Sophomore,2028
Massachusetts Institute of Technology - MIT,NCAA Division III,NEWMAC,Cambridge,Massachusetts,Nathaniel Black,S,Freshman,2029
Massachusetts Institute of Technology - MIT,NCAA Division III,NEWMAC,Cambridge,Massachusetts,Ryan Espinoza,OPP,Junior,2027
Massachusetts Institute of Technology - MIT,NCAA Division III,NEWMAC,Cambridge,Massachusetts,Alexander Garrett,OH,Freshman,2029
Massachusetts Institute of Technology - MIT,NCAA Division III,NEWMAC,Cambridge,Massachusetts,Jensen Fiskin,S,Junior,2027
Massachusetts Institute of Technology - MIT,NCAA Division III,NEWMAC,Cambridge,Massachusetts,Kristof Spellen,OH,Sophomore,2028
Massachusetts Institute of Technology - MIT,NCAA Division III,NEWMAC,Cambridge,Massachusetts,David Oladosu,MB,Freshman,2029
Massachusetts Institute of Technology - MIT,NCAA Division III,NEWMAC,Cambridge,Massachusetts,Matthew Louis,MB,Freshman,2029
Massachusetts Institute of Technology - MIT,NCAA Division III,NEWMAC,Cambridge,Massachusetts,Colin Zimmerman,S,Freshman,2029
Massachusetts Institute of Technology - MIT,NCAA Division III,NEWMAC,Cambridge,Massachusetts,Braeden Baker,OH,Sophomore,2028
Massachusetts Institute of Technology - MIT,NCAA Division III,NEWMAC,Cambridge,Massachusetts,Kevin Windisch,L/DS,Senior,2026
Massachusetts Institute of Technology - MIT,NCAA Division III,NEWMAC,Cambridge,Massachusetts,Henry Garewal,OPP,Freshman,2029
Massachusetts Institute of Technology - MIT,NCAA Division III,NEWMAC,Cambridge,Massachusetts,Carlos Rijos,MB,Freshman,2029
Massachusetts Institute of Technology - MIT,NCAA Division III,NEWMAC,Cambridge,Massachusetts,Hansen Fan,MB/OH,Sophomore,2028
Massachusetts Institute of Technology - MIT,NCAA Division III,NEWMAC,Cambridge,Massachusetts,Michael Rini,MB,Senior,2026
Massachusetts Institute of Technology - MIT,NCAA Division III,NEWMAC,Cambridge,Massachusetts,Maddox Brandenburg,MB,Sophomore,2028
Massachusetts Institute of Technology - MIT,NCAA Division III,NEWMAC,Cambridge,Massachusetts,Aden Adjei,MB,Junior,2027
Nichols College,NCAA Division III,Conference of New England,Dudley,Massachusetts,Adam Vincent,OH,Sophomore,2028
Nichols College,NCAA Division III,Conference of New England,Dudley,Massachusetts,Matt Hand,S,Freshman,2029
Nichols College,NCAA Division III,Conference of New England,Dudley,Massachusetts,Cade Bernardi,L,Junior,2027
Nichols College,NCAA Division III,Conference of New England,Dudley,Massachusetts,Bryce Bonville,OH,Junior,2027
Nichols College,NCAA Division III,Conference of New England,Dudley,Massachusetts,G'ovani Collazo,DS/L,Sophomore,2028
Nichols College,NCAA Division III,Conference of New England,Dudley,Massachusetts,Reece Baker,OH,Junior,2027
Nichols College,NCAA Division III,Conference of New England,Dudley,Massachusetts,Werner Lynes,OPP,Freshman,2029
Nichols College,NCAA Division III,Conference of New England,Dudley,Massachusetts,Parker Baldwin,MB,Freshman,2029
Nichols College,NCAA Division III,Conference of New England,Dudley,Massachusetts,Emmett Jackson,MB,Freshman,2029
Nichols College,NCAA Division III,Conference of New England,Dudley,Massachusetts,Evan Sachs,S/OPP,Junior,2027
Nichols College,NCAA Division III,Conference of New England,Dudley,Massachusetts,Connor DeSousa,DS/L,Sophomore,2028
Nichols College,NCAA Division III,Conference of New England,Dudley,Massachusetts,Bradyn Pomainville,MB/OPP,Junior,2027
Nichols College,NCAA Division III,Conference of New England,Dudley,Massachusetts,Sean Stamp,OH,Freshman,2029
Nichols College,NCAA Division III,Conference of New England,Dudley,Massachusetts,KG Bennett,MB,Senior,2026
Nichols College,NCAA Division III,Conference of New England,Dudley,Massachusetts,Austin Gavin,OPP,Sophomore,2028
Nichols College,NCAA Division III,Conference of New England,Dudley,Massachusetts,Connor Snow,MB,Sophomore,2028
Regis College,NCAA Division III,Great Northeast Athletic Conference,Weston,Massachusetts,Younes Suleiman,DS,Junior,2027
Regis College,NCAA Division III,Great Northeast Athletic Conference,Weston,Massachusetts,Logan Shattuck,L/DS,Sophomore,2028
Regis College,NCAA Division III,Great Northeast Athletic Conference,Weston,Massachusetts,Aeden Petrocelli,OPP,Sophomore,2028
Regis College,NCAA Division III,Great Northeast Athletic Conference,Weston,Massachusetts,Vincent Betonio,OH,Freshman,2029
Regis College,NCAA Division III,Great Northeast Athletic Conference,Weston,Massachusetts,Eli Dignazio,OH,Sophomore,2028
Regis College,NCAA Division III,Great Northeast Athletic Conference,Weston,Massachusetts,Erick Cordero-Hernandez,S,Freshman,2029
Regis College,NCAA Division III,Great Northeast Athletic Conference,Weston,Massachusetts,Evan Shank,S,Junior,2027
Regis College,NCAA Division III,Great Northeast Athletic Conference,Weston,Massachusetts,Eddie Djatcha,MB,Junior,2027
Regis College,NCAA Division III,Great Northeast Athletic Conference,Weston,Massachusetts,Adam Bonica,OH,Sophomore,2028
Regis College,NCAA Division III,Great Northeast Athletic Conference,Weston,Massachusetts,Thomas McCarthy,L,Junior,2027
Regis College,NCAA Division III,Great Northeast Athletic Conference,Weston,Massachusetts,Jalen Watt,OH/OPP,Senior,2026
Regis College,NCAA Division III,Great Northeast Athletic Conference,Weston,Massachusetts,Haden Houatchanthara,OH,Freshman,2029
Regis College,NCAA Division III,Great Northeast Athletic Conference,Weston,Massachusetts,Brandon Valdes,OH,Junior,2027
Regis College,NCAA Division III,Great Northeast Athletic Conference,Weston,Massachusetts,Jake Vessalico,L/DS,Sophomore,2028
Regis College,NCAA Division III,Great Northeast Athletic Conference,Weston,Massachusetts,John Nangle,MB,Senior,2026
Regis College,NCAA Division III,Great Northeast Athletic Conference,Weston,Massachusetts,Eric Alteus,MB,Sophomore,2028
Regis College,NCAA Division III,Great Northeast Athletic Conference,Weston,Massachusetts,Xavier Reyes,OPP,Freshman,2029
Regis College,NCAA Division III,Great Northeast Athletic Conference,Weston,Massachusetts,Albert Aweh,OPP/MB,Freshman,2029
Springfield College,NCAA Division III,NEWMAC,Springfield,Massachusetts,Carter Durivage,OH,Senior,2026
Springfield College,NCAA Division III,NEWMAC,Springfield,Massachusetts,Joey Preische,OH,Sophomore,2028
Springfield College,NCAA Division III,NEWMAC,Springfield,Massachusetts,Dylan Mulvaney,S,Senior,2026
Springfield College,NCAA Division III,NEWMAC,Springfield,Massachusetts,Ricardo Ortiz,L,Junior,2027
Springfield College,NCAA Division III,NEWMAC,Springfield,Massachusetts,Fabian Matos,OH,Sophomore,2028
Springfield College,NCAA Division III,NEWMAC,Springfield,Massachusetts,Tyler Rooi,L,Freshman,2029
Springfield College,NCAA Division III,NEWMAC,Springfield,Massachusetts,Dyllan Nguyen,S,Sophomore,2028
Springfield College,NCAA Division III,NEWMAC,Springfield,Massachusetts,Sam Levinson,OPP,Junior,2027
Springfield College,NCAA Division III,NEWMAC,Springfield,Massachusetts,Evan Costley,OH,Senior,2026
Springfield College,NCAA Division III,NEWMAC,Springfield,Massachusetts,Jake DesLauriers,OH,Senior,2026
Springfield College,NCAA Division III,NEWMAC,Springfield,Massachusetts,Domino Wishart,S,Sophomore,2028
Springfield College,NCAA Division III,NEWMAC,Springfield,Massachusetts,Caleb Alexis,OPP,Freshman,2029
Springfield College,NCAA Division III,NEWMAC,Springfield,Massachusetts,Roy Rodriguez Mendez,OH,Freshman,2029
Springfield College,NCAA Division III,NEWMAC,Springfield,Massachusetts,Nathan Goh,OH,Senior,2026
Springfield College,NCAA Division III,NEWMAC,Springfield,Massachusetts,Will Kirchhoff,MB,Senior,2026
Springfield College,NCAA Division III,NEWMAC,Springfield,Massachusetts,Ray Drennan,L,Freshman,2029
Springfield College,NCAA Division III,NEWMAC,Springfield,Massachusetts,Javi Sepulveda,MB,Freshman,2029
Springfield College,NCAA Division III,NEWMAC,Springfield,Massachusetts,Brennan Cutter,MB,Junior,2027
Springfield College,NCAA Division III,NEWMAC,Springfield,Massachusetts,Kyle Johnson,OPP,Sophomore,2028
Springfield College,NCAA Division III,NEWMAC,Springfield,Massachusetts,AJ Seveland,OPP,Senior,2026
Springfield College,NCAA Division III,NEWMAC,Springfield,Massachusetts,Billy Cavanagh,MB,Freshman,2029
Springfield College,NCAA Division III,NEWMAC,Springfield,Massachusetts,Richard Eber Jr.,OH,Senior,2026
Springfield College,NCAA Division III,NEWMAC,Springfield,Massachusetts,Nicolas Tse,L,Freshman,2029
Wentworth Institute of Technology,NCAA Division III,Conference of New England,Boston,Massachusetts,Temmy Argynbay,S,Sophomore,2028
Wentworth Institute of Technology,NCAA Division III,Conference of New England,Boston,Massachusetts,Alem Dubcak,OH/OPP,Junior,2027
Wentworth Institute of Technology,NCAA Division III,Conference of New England,Boston,Massachusetts,Mekhi Burns,L,Junior,2027
Wentworth Institute of Technology,NCAA Division III,Conference of New England,Boston,Massachusetts,Brayden Green,S,Senior,2026
Wentworth Institute of Technology,NCAA Division III,Conference of New England,Boston,Massachusetts,Dylan Johnson,MB,Freshman,2029
Wentworth Institute of Technology,NCAA Division III,Conference of New England,Boston,Massachusetts,Nicolai Bell,MB,Senior,2026
Wentworth Institute of Technology,NCAA Division III,Conference of New England,Boston,Massachusetts,Caleb Harrison,MB,Freshman,2029
Wentworth Institute of Technology,NCAA Division III,Conference of New England,Boston,Massachusetts,Eli Turner,OH/OPP,Sophomore,2028
Wentworth Institute of Technology,NCAA Division III,Conference of New England,Boston,Massachusetts,Aaron McRae,S,Freshman,2029
Wentworth Institute of Technology,NCAA Division III,Conference of New England,Boston,Massachusetts,Cody Popp,OH,Freshman,2029
Wentworth Institute of Technology,NCAA Division III,Conference of New England,Boston,Massachusetts,Mason Andrade,OH/L,Senior,2026
Wentworth Institute of Technology,NCAA Division III,Conference of New England,Boston,Massachusetts,Conner Foxwell,MB,Junior,2027
Wentworth Institute of Technology,NCAA Division III,Conference of New England,Boston,Massachusetts,Cody Harrison,S,Freshman,2029
Wentworth Institute of Technology,NCAA Division III,Conference of New England,Boston,Massachusetts,Luke McQuaid,OH,Sophomore,2028
Wentworth Institute of Technology,NCAA Division III,Conference of New England,Boston,Massachusetts,Juan Zuniga,L,Freshman,2029
Wentworth Institute of Technology,NCAA Division III,Conference of New England,Boston,Massachusetts,Krister Leya,MB,Freshman,2029
Wentworth Institute of Technology,NCAA Division III,Conference of New England,Boston,Massachusetts,Jed Whitaker,OPP,Sophomore,2028
Wentworth Institute of Technology,NCAA Division III,Conference of New England,Boston,Massachusetts,Gabe Tucker,OPP,Senior,2026
Wentworth Institute of Technology,NCAA Division III,Conference of New England,Boston,Massachusetts,Matthew Zegowitz,MB,Senior,2026
Wentworth Institute of Technology,NCAA Division III,Conference of New England,Boston,Massachusetts,Jeremy Macek,OH,Junior,2027
Wentworth Institute of Technology,NCAA Division III,Conference of New England,Boston,Massachusetts,Saurab Anjanapa,OH/OPP,Freshman,2029
Wentworth Institute of Technology,NCAA Division III,Conference of New England,Boston,Massachusetts,Ian Babcock,OPP,Junior,2027
Wentworth Institute of Technology,NCAA Division III,Conference of New England,Boston,Massachusetts,Kyle Antoine,MB,Freshman,2029
Wentworth Institute of Technology,NCAA Division III,Conference of New England,Boston,Massachusetts,William Biggs,OPP,Freshman,2029
Wentworth Institute of Technology,NCAA Division III,Conference of New England,Boston,Massachusetts,Benjamin Moughon,OH,Senior,2026
Wentworth Institute of Technology,NCAA Division III,Conference of New England,Boston,Massachusetts,Luke Sun,MB,Sophomore,2028
Wentworth Institute of Technology,NCAA Division III,Conference of New England,Boston,Massachusetts,Tony Kowalewski,OH,Freshman,2029
Wentworth Institute of Technology,NCAA Division III,Conference of New England,Boston,Massachusetts,Kaine Than,DS/L,Sophomore,2028
Wheaton College - Massachusetts,NCAA Division III,NEWMAC,Norton,Massachusetts,Evan Shea,L,Freshman,2029
Wheaton College - Massachusetts,NCAA Division III,NEWMAC,Norton,Massachusetts,Masiah Prak,OH,Freshman,2029
Wheaton College - Massachusetts,NCAA Division III,NEWMAC,Norton,Massachusetts,Landon Hanscom,MB,Freshman,2029
Wheaton College - Massachusetts,NCAA Division III,NEWMAC,Norton,Massachusetts,Jordan Rodriguez,OH,Freshman,2029
Wheaton College - Massachusetts,NCAA Division III,NEWMAC,Norton,Massachusetts,Jacob Hoy,S,Freshman,2029
Wheaton College - Massachusetts,NCAA Division III,NEWMAC,Norton,Massachusetts,Stephen Dufour,L,Freshman,2029
Wheaton College - Massachusetts,NCAA Division III,NEWMAC,Norton,Massachusetts,Cole Arsenault,OH,Sophomore,2028
Wheaton College - Massachusetts,NCAA Division III,NEWMAC,Norton,Massachusetts,Jackson Colton,MB,Freshman,2029
Wheaton College - Massachusetts,NCAA Division III,NEWMAC,Norton,Massachusetts,Jack Kenyon,OPP,Sophomore,2028
Wheaton College - Massachusetts,NCAA Division III,NEWMAC,Norton,Massachusetts,Jeremy Bullard-Smith,MB,Freshman,2029
Wheaton College - Massachusetts,NCAA Division III,NEWMAC,Norton,Massachusetts,Jimmy Ciummo,MB,Sophomore,2028
Wheaton College - Massachusetts,NCAA Division III,NEWMAC,Norton,Massachusetts,Sebastian DeCubellis,S,Freshman,2029
Wheaton College - Massachusetts,NCAA Division III,NEWMAC,Norton,Massachusetts,Ellis Vasquez,OH,Sophomore,2028
Wheaton College - Massachusetts,NCAA Division III,NEWMAC,Norton,Massachusetts,R. Bennett Chiappetta,OH,Freshman,2029
Wheaton College - Massachusetts,NCAA Division III,NEWMAC,Norton,Massachusetts,Ryan Rathbun,OPP,Freshman,2029
Wheaton College - Massachusetts,NCAA Division III,NEWMAC,Norton,Massachusetts,Sam Smith,L,Freshman,2029
Wheaton College - Massachusetts,NCAA Division III,NEWMAC,Norton,Massachusetts,Connor Lloyd,OH,Sophomore,2028
Adrian College,NCAA Division III,Michigan Intercollegiate Athletic Association,Adrian,Michigan,Micah Low,OPP/OH,Graduate Student,2026
Adrian College,NCAA Division III,Michigan Intercollegiate Athletic Association,Adrian,Michigan,Preston Talsma,L,Junior,2027
Adrian College,NCAA Division III,Michigan Intercollegiate Athletic Association,Adrian,Michigan,Landon Cabatbat,OH,Freshman,2029
Adrian College,NCAA Division III,Michigan Intercollegiate Athletic Association,Adrian,Michigan,Dominic Rees,OPP,Sophomore,2028
Adrian College,NCAA Division III,Michigan Intercollegiate Athletic Association,Adrian,Michigan,Hunter Ross,L,Sophomore,2028
Adrian College,NCAA Division III,Michigan Intercollegiate Athletic Association,Adrian,Michigan,Thomas Williams,OH,Sophomore,2028
Adrian College,NCAA Division III,Michigan Intercollegiate Athletic Association,Adrian,Michigan,Andrew Graczyk,S,Junior,2027
Adrian College,NCAA Division III,Michigan Intercollegiate Athletic Association,Adrian,Michigan,Sam Landers,OH/OPP,Junior,2027
Adrian College,NCAA Division III,Michigan Intercollegiate Athletic Association,Adrian,Michigan,Carles Baza,OH,Junior,2027
Adrian College,NCAA Division III,Michigan Intercollegiate Athletic Association,Adrian,Michigan,Jahryck Muliagatele,S,Sophomore,2028
Adrian College,NCAA Division III,Michigan Intercollegiate Athletic Association,Adrian,Michigan,Ethan Rusnica,MB,Freshman,2029
Adrian College,NCAA Division III,Michigan Intercollegiate Athletic Association,Adrian,Michigan,Garrett Leaver,S,Senior,2026
Adrian College,NCAA Division III,Michigan Intercollegiate Athletic Association,Adrian,Michigan,Rolen Maclin,L,Sophomore,2028
Adrian College,NCAA Division III,Michigan Intercollegiate Athletic Association,Adrian,Michigan,Andrew Vanover,OH,Freshman,2029
Adrian College,NCAA Division III,Michigan Intercollegiate Athletic Association,Adrian,Michigan,Logan Bender,OH/S,Freshman,2029
Adrian College,NCAA Division III,Michigan Intercollegiate Athletic Association,Adrian,Michigan,Carson Bell,MB,Senior,2026
Adrian College,NCAA Division III,Michigan Intercollegiate Athletic Association,Adrian,Michigan,David Cauley,OH,Junior,2027
Adrian College,NCAA Division III,Michigan Intercollegiate Athletic Association,Adrian,Michigan,William Morris,MB,Junior,2027
Adrian College,NCAA Division III,Michigan Intercollegiate Athletic Association,Adrian,Michigan,Marc Solans,OPP,Freshman,2029
Calvin College,NCAA Division III,Michigan Intercollegiate Athletic Association,Grand Rapids,Michigan,Ronald Young Jr.,L,Sophomore,2028
Calvin College,NCAA Division III,Michigan Intercollegiate Athletic Association,Grand Rapids,Michigan,Gavin Barber,OH,Sophomore,2028
Calvin College,NCAA Division III,Michigan Intercollegiate Athletic Association,Grand Rapids,Michigan,Owen Wise,S,Freshman,2029
Calvin College,NCAA Division III,Michigan Intercollegiate Athletic Association,Grand Rapids,Michigan,Brantley Tiede,L,Freshman,2029
Calvin College,NCAA Division III,Michigan Intercollegiate Athletic Association,Grand Rapids,Michigan,Evan Bachert,OPP/MB,Freshman,2029
Calvin College,NCAA Division III,Michigan Intercollegiate Athletic Association,Grand Rapids,Michigan,Landon Dykema,MB,Freshman,2029
Calvin College,NCAA Division III,Michigan Intercollegiate Athletic Association,Grand Rapids,Michigan,Gabriel Laughlin,OPP,Graduate Student,2026
Calvin College,NCAA Division III,Michigan Intercollegiate Athletic Association,Grand Rapids,Michigan,Jacob Kissinger,OH,Freshman,2029
Calvin College,NCAA Division III,Michigan Intercollegiate Athletic Association,Grand Rapids,Michigan,Carter Nicholes,OH,Sophomore,2028
Calvin College,NCAA Division III,Michigan Intercollegiate Athletic Association,Grand Rapids,Michigan,Ezekiel Jalan,S,Sophomore,2028
Calvin College,NCAA Division III,Michigan Intercollegiate Athletic Association,Grand Rapids,Michigan,Trevor Munk,OH,Freshman,2029
Calvin College,NCAA Division III,Michigan Intercollegiate Athletic Association,Grand Rapids,Michigan,Justus Barbel,MB,Junior,2027
Calvin College,NCAA Division III,Michigan Intercollegiate Athletic Association,Grand Rapids,Michigan,Bryce Broekhuizen,OPP,Sophomore,2028
Calvin College,NCAA Division III,Michigan Intercollegiate Athletic Association,Grand Rapids,Michigan,Brady Gudauskas,OH,Junior,2027
Calvin College,NCAA Division III,Michigan Intercollegiate Athletic Association,Grand Rapids,Michigan,Wyatt Burch,OH/OPP,Junior,2027
Calvin College,NCAA Division III,Michigan Intercollegiate Athletic Association,Grand Rapids,Michigan,Daniel Rua,OH,Junior,2027
Calvin College,NCAA Division III,Michigan Intercollegiate Athletic Association,Grand Rapids,Michigan,Cameron Dogger,S,Junior,2027
Calvin College,NCAA Division III,Michigan Intercollegiate Athletic Association,Grand Rapids,Michigan,Nick Bultje,MB/OPP,Junior,2027
Calvin College,NCAA Division III,Michigan Intercollegiate Athletic Association,Grand Rapids,Michigan,Micah Mackenzie,OH,Freshman,2029
University of Olivet,NCAA Division III,Michigan Intercollegiate Athletic Association,Olivet,Michigan,Austin Chamblee,S,Freshman,2029
University of Olivet,NCAA Division III,Michigan Intercollegiate Athletic Association,Olivet,Michigan,Andy Hok,DS,Junior,2027
University of Olivet,NCAA Division III,Michigan Intercollegiate Athletic Association,Olivet,Michigan,Aiden Chamblee,OH,Junior,2027
University of Olivet,NCAA Division III,Michigan Intercollegiate Athletic Association,Olivet,Michigan,Micah Stine,OH,Freshman,2029
University of Olivet,NCAA Division III,Michigan Intercollegiate Athletic Association,Olivet,Michigan,William Hall,OPP,Freshman,2029
University of Olivet,NCAA Division III,Michigan Intercollegiate Athletic Association,Olivet,Michigan,Ian Lamm,OPP,Sophomore,2028
University of Olivet,NCAA Division III,Michigan Intercollegiate Athletic Association,Olivet,Michigan,Hayden Olson,MB,Freshman,2029
University of Olivet,NCAA Division III,Michigan Intercollegiate Athletic Association,Olivet,Michigan,Alex Temple,OH,Freshman,2029
University of Olivet,NCAA Division III,Michigan Intercollegiate Athletic Association,Olivet,Michigan,Cecil Chieh,MB,Freshman,2029
University of Olivet,NCAA Division III,Michigan Intercollegiate Athletic Association,Olivet,Michigan,Brodye Buning,OH,Sophomore,2028
University of Olivet,NCAA Division III,Michigan Intercollegiate Athletic Association,Olivet,Michigan,Donovan Wilson,DS,Senior,2026
University of Olivet,NCAA Division III,Michigan Intercollegiate Athletic Association,Olivet,Michigan,KJ Snider,DS,Freshman,2029
University of Olivet,NCAA Division III,Michigan Intercollegiate Athletic Association,Olivet,Michigan,Silas Martin,OH,Sophomore,2028
University of Olivet,NCAA Division III,Michigan Intercollegiate Athletic Association,Olivet,Michigan,Jared Carter,S,Freshman,2029
University of Olivet,NCAA Division III,Michigan Intercollegiate Athletic Association,Olivet,Michigan,Matthew Tollar,DS,Senior,2026
University of Olivet,NCAA Division III,Michigan Intercollegiate Athletic Association,Olivet,Michigan,Payton Hastings,MB,Sophomore,2028
Westminster College - Missouri,NCAA Division III,St. Louis Intercollegiate Athletic Conference,Fulton,Missouri,Noah Naumann,S,Senior,2026
Westminster College - Missouri,NCAA Division III,St. Louis Intercollegiate Athletic Conference,Fulton,Missouri,Ryan Rhodes,L,Junior,2027
Westminster College - Missouri,NCAA Division III,St. Louis Intercollegiate Athletic Conference,Fulton,Missouri,Connor Johnson,S,Freshman,2029
Westminster College - Missouri,NCAA Division III,St. Louis Intercollegiate Athletic Conference,Fulton,Missouri,Derrick Turner,OH,Sophomore,2028
Westminster College - Missouri,NCAA Division III,St. Louis Intercollegiate Athletic Conference,Fulton,Missouri,Keegan Nase,S,Sophomore,2028
Westminster College - Missouri,NCAA Division III,St. Louis Intercollegiate Athletic Conference,Fulton,Missouri,Brady Sickles,N/A,Freshman,2029
Westminster College - Missouri,NCAA Division III,St. Louis Intercollegiate Athletic Conference,Fulton,Missouri,Brady Schumacher,N/A,Freshman,2029
Westminster College - Missouri,NCAA Division III,St. Louis Intercollegiate Athletic Conference,Fulton,Missouri,Adam Rosh,L,Sophomore,2028
Westminster College - Missouri,NCAA Division III,St. Louis Intercollegiate Athletic Conference,Fulton,Missouri,Collin Davis,N/A,Freshman,2029
Westminster College - Missouri,NCAA Division III,St. Louis Intercollegiate Athletic Conference,Fulton,Missouri,Dalio Taouil,OH,Sophomore,2028
Westminster College - Missouri,NCAA Division III,St. Louis Intercollegiate Athletic Conference,Fulton,Missouri,Demitrius Allen,OH,Senior,2026
Westminster College - Missouri,NCAA Division III,St. Louis Intercollegiate Athletic Conference,Fulton,Missouri,Aidan Ortmann,OH,Sophomore,2028
Westminster College - Missouri,NCAA Division III,St. Louis Intercollegiate Athletic Conference,Fulton,Missouri,Khalil Peterson,MB,Sophomore,2028
Westminster College - Missouri,NCAA Division III,St. Louis Intercollegiate Athletic Conference,Fulton,Missouri,Xander Werthmuller,S,Freshman,2029
Westminster College - Missouri,NCAA Division III,St. Louis Intercollegiate Athletic Conference,Fulton,Missouri,Ethan Floyd,OH,Sophomore,2028
Westminster College - Missouri,NCAA Division III,St. Louis Intercollegiate Athletic Conference,Fulton,Missouri,Juan Pico,DS,Sophomore,2028
Westminster College - Missouri,NCAA Division III,St. Louis Intercollegiate Athletic Conference,Fulton,Missouri,Charlie Haas,MB,Sophomore,2028
Westminster College - Missouri,NCAA Division III,St. Louis Intercollegiate Athletic Conference,Fulton,Missouri,Connor Layman,OH,Sophomore,2028
Westminster College - Missouri,NCAA Division III,St. Louis Intercollegiate Athletic Conference,Fulton,Missouri,Luke Rohrbach,MB,Sophomore,2028
Westminster College - Missouri,NCAA Division III,St. Louis Intercollegiate Athletic Conference,Fulton,Missouri,Lucas Brown,OPP,Junior,2027
Rivier University,NCAA Division III,Great Northeast Athletic Conference,Nashua,New Hampshire,Anderson Arias,L/DS,Sophomore,2028
Rivier University,NCAA Division III,Great Northeast Athletic Conference,Nashua,New Hampshire,Kaden Layne,OH,Freshman,2029
Rivier University,NCAA Division III,Great Northeast Athletic Conference,Nashua,New Hampshire,Luis Cruz,L,Freshman,2029
Rivier University,NCAA Division III,Great Northeast Athletic Conference,Nashua,New Hampshire,Kody Sodoyer,OH/OPP,Junior,2027
Rivier University,NCAA Division III,Great Northeast Athletic Conference,Nashua,New Hampshire,Theodore Addesa,MB,Freshman,2029
Rivier University,NCAA Division III,Great Northeast Athletic Conference,Nashua,New Hampshire,Cade Barron,S/OPP,Sophomore,2028
Rivier University,NCAA Division III,Great Northeast Athletic Conference,Nashua,New Hampshire,Matthew McCloskey,MB,Senior,2026
Rivier University,NCAA Division III,Great Northeast Athletic Conference,Nashua,New Hampshire,James Levesque,OH,Sophomore,2028
Rivier University,NCAA Division III,Great Northeast Athletic Conference,Nashua,New Hampshire,Cody Fitzpatrick,OH,Sophomore,2028
Rivier University,NCAA Division III,Great Northeast Athletic Conference,Nashua,New Hampshire,Nathan Adham,L,Freshman,2029
Rivier University,NCAA Division III,Great Northeast Athletic Conference,Nashua,New Hampshire,Tyler Dickinson,MB,Junior,2027
Rivier University,NCAA Division III,Great Northeast Athletic Conference,Nashua,New Hampshire,Bassam Awde,MB,Senior,2026
Rivier University,NCAA Division III,Great Northeast Athletic Conference,Nashua,New Hampshire,Justin Barish,S,Junior,2027
Rivier University,NCAA Division III,Great Northeast Athletic Conference,Nashua,New Hampshire,Everett Boyer,OH,Freshman,2029
Rivier University,NCAA Division III,Great Northeast Athletic Conference,Nashua,New Hampshire,Aidan Combs,OH,Junior,2027
Rivier University,NCAA Division III,Great Northeast Athletic Conference,Nashua,New Hampshire,Wilfredo Castillo,OH/OPP,Freshman,2029
Rivier University,NCAA Division III,Great Northeast Athletic Conference,Nashua,New Hampshire,Shawn Laduke,S,Freshman,2029
Rivier University,NCAA Division III,Great Northeast Athletic Conference,Nashua,New Hampshire,Kenji Clark,S/OPP,Freshman,2029
Rivier University,NCAA Division III,Great Northeast Athletic Conference,Nashua,New Hampshire,Joseph Cruz,L/DS,Junior,2027
Drew University,NCAA Division III,Landmark Conference,Madison,New Jersey,Gavin Cantada,L/DS,Sophomore,2028
Drew University,NCAA Division III,Landmark Conference,Madison,New Jersey,Pablo Stein,DS,Junior,2027
Drew University,NCAA Division III,Landmark Conference,Madison,New Jersey,Gio Martin,OH,Sophomore,2028
Drew University,NCAA Division III,Landmark Conference,Madison,New Jersey,Jayden Huber,S,Sophomore,2028
Drew University,NCAA Division III,Landmark Conference,Madison,New Jersey,Quinn Donahue,S,Sophomore,2028
Drew University,NCAA Division III,Landmark Conference,Madison,New Jersey,Michael Shipman,MB/OPP,Sophomore,2028
Drew University,NCAA Division III,Landmark Conference,Madison,New Jersey,Matthew Adegbite,OH/OPP,Sophomore,2028
Drew University,NCAA Division III,Landmark Conference,Madison,New Jersey,Eric Forget,L,Sophomore,2028
Drew University,NCAA Division III,Landmark Conference,Madison,New Jersey,Nathaniel Fisbeck,OH,Sophomore,2028
Drew University,NCAA Division III,Landmark Conference,Madison,New Jersey,James Kovac,L,Sophomore,2028
Drew University,NCAA Division III,Landmark Conference,Madison,New Jersey,Jason Barbosa,MB/OPP,Senior,2026
Drew University,NCAA Division III,Landmark Conference,Madison,New Jersey,Isaiah Harris,MB,Freshman,2029
Drew University,NCAA Division III,Landmark Conference,Madison,New Jersey,Roger Chavez,S,Freshman,2029
Drew University,NCAA Division III,Landmark Conference,Madison,New Jersey,Lucas Mondin,OH,Freshman,2029
Drew University,NCAA Division III,Landmark Conference,Madison,New Jersey,Barend Oostdam,MB/OH,Senior,2026
Kean University,NCAA Division III,Skyline Conference,Union,New Jersey,Wady Duran,S,Sophomore,2028
Kean University,NCAA Division III,Skyline Conference,Union,New Jersey,Carson Cruver,S,Freshman,2029
Kean University,NCAA Division III,Skyline Conference,Union,New Jersey,Jeremy Rivera,S,Freshman,2029
Kean University,NCAA Division III,Skyline Conference,Union,New Jersey,Vaughn Turner,MB,Freshman,2029
Kean University,NCAA Division III,Skyline Conference,Union,New Jersey,David Flores,S,Senior,2026
Kean University,NCAA Division III,Skyline Conference,Union,New Jersey,Tyler Iozzi,OH,Senior,2026
Kean University,NCAA Division III,Skyline Conference,Union,New Jersey,Aidan Flinn,OH/DS,Senior,2026
Kean University,NCAA Division III,Skyline Conference,Union,New Jersey,Sean Murphy,OH,Sophomore,2028
Kean University,NCAA Division III,Skyline Conference,Union,New Jersey,Chris Mitchell,OH,Senior,2026
Kean University,NCAA Division III,Skyline Conference,Union,New Jersey,Christian Lopez,L/DS,Freshman,2029
Kean University,NCAA Division III,Skyline Conference,Union,New Jersey,Danny Pugliano,MB,Senior,2026
Kean University,NCAA Division III,Skyline Conference,Union,New Jersey,Samir Conte,MB,Sophomore,2028
Kean University,NCAA Division III,Skyline Conference,Union,New Jersey,Caden Krzyzak,MB,Freshman,2029
Kean University,NCAA Division III,Skyline Conference,Union,New Jersey,Nazar Bilomar,OH,Freshman,2029
Kean University,NCAA Division III,Skyline Conference,Union,New Jersey,Tonio Guglietta,OPP/OH,Freshman,2029
Kean University,NCAA Division III,Skyline Conference,Union,New Jersey,Tyler Quinn,L,Junior,2027
Kean University,NCAA Division III,Skyline Conference,Union,New Jersey,Jake Spring,OH,Freshman,2029
Kean University,NCAA Division III,Skyline Conference,Union,New Jersey,Zach Marcheschi,OPP,Junior,2027
New Jersey City University,NCAA Division III,Skyline Conference,Jersey City,New Jersey,Erick Bacuilima,L/S,Sophomore,2028
New Jersey City University,NCAA Division III,Skyline Conference,Jersey City,New Jersey,Nasir Paige,OH,Sophomore,2028
New Jersey City University,NCAA Division III,Skyline Conference,Jersey City,New Jersey,Mikey Harte,OH,Senior,2026
New Jersey City University,NCAA Division III,Skyline Conference,Jersey City,New Jersey,Anthony Matute,L,Sophomore,2028
New Jersey City University,NCAA Division III,Skyline Conference,Jersey City,New Jersey,Faraz Bhatti,S,Junior,2027
New Jersey City University,NCAA Division III,Skyline Conference,Jersey City,New Jersey,Matt Peralta,OH,Sophomore,2028
New Jersey City University,NCAA Division III,Skyline Conference,Jersey City,New Jersey,Kevin Phan,L,Sophomore,2028
New Jersey City University,NCAA Division III,Skyline Conference,Jersey City,New Jersey,Gabriel Montoya,OH,Freshman,2029
New Jersey City University,NCAA Division III,Skyline Conference,Jersey City,New Jersey,Victor De Souza,MB,Senior,2026
New Jersey City University,NCAA Division III,Skyline Conference,Jersey City,New Jersey,Marcus Pardasie,OH,Junior,2027
New Jersey City University,NCAA Division III,Skyline Conference,Jersey City,New Jersey,Djani Pasagic,OPP,Junior,2027
New Jersey City University,NCAA Division III,Skyline Conference,Jersey City,New Jersey,Solomon Brown,OPP,Junior,2027
New Jersey City University,NCAA Division III,Skyline Conference,Jersey City,New Jersey,Alaittim De Leon,MB,Freshman,2029
New Jersey City University,NCAA Division III,Skyline Conference,Jersey City,New Jersey,Matthew McSorley,OPP,Sophomore,2028
New Jersey City University,NCAA Division III,Skyline Conference,Jersey City,New Jersey,Amaru Perales,MB,Senior,2026
New Jersey City University,NCAA Division III,Skyline Conference,Jersey City,New Jersey,Jonathan Mundaray,L,Sophomore,2028
New Jersey City University,NCAA Division III,Skyline Conference,Jersey City,New Jersey,Johan Vaidyan,MB,Sophomore,2028
New Jersey City University,NCAA Division III,Skyline Conference,Jersey City,New Jersey,Keandre Henderson,MB,Freshman,2029
New Jersey City University,NCAA Division III,Skyline Conference,Jersey City,New Jersey,Alex Casais,S,Senior,2026
New Jersey City University,NCAA Division III,Skyline Conference,Jersey City,New Jersey,Mike McGehee,OPP,Fifth Year,2026
Ramapo College of New Jersey,NCAA Division III,Skyline Conference,Mahwah,New Jersey,Jan Tracz,OPP,Sophomore,2028
Ramapo College of New Jersey,NCAA Division III,Skyline Conference,Mahwah,New Jersey,Logan Lindstrom,MB,Sophomore,2028
Ramapo College of New Jersey,NCAA Division III,Skyline Conference,Mahwah,New Jersey,Abe Yap,L/DS,Sophomore,2028
Ramapo College of New Jersey,NCAA Division III,Skyline Conference,Mahwah,New Jersey,Ryan Westrich,S,Junior,2027
Ramapo College of New Jersey,NCAA Division III,Skyline Conference,Mahwah,New Jersey,Amari Menter,OH,Sophomore,2028
Ramapo College of New Jersey,NCAA Division III,Skyline Conference,Mahwah,New Jersey,Joseph Duca,S,Junior,2027
Ramapo College of New Jersey,NCAA Division III,Skyline Conference,Mahwah,New Jersey,Sebastian Rodriguez,OH,Junior,2027
Ramapo College of New Jersey,NCAA Division III,Skyline Conference,Mahwah,New Jersey,Sean McNally,L,Junior,2027
Ramapo College of New Jersey,NCAA Division III,Skyline Conference,Mahwah,New Jersey,Xavier Fabre,MB,Freshman,2029
Ramapo College of New Jersey,NCAA Division III,Skyline Conference,Mahwah,New Jersey,Josh Barrett,OH,Junior,2027
Ramapo College of New Jersey,NCAA Division III,Skyline Conference,Mahwah,New Jersey,Johan Cortina,S/DS,Freshman,2029
Ramapo College of New Jersey,NCAA Division III,Skyline Conference,Mahwah,New Jersey,Mateo Roman,OPP,Sophomore,2028
Ramapo College of New Jersey,NCAA Division III,Skyline Conference,Mahwah,New Jersey,Caleb Ford,MB,Junior,2027
Ramapo College of New Jersey,NCAA Division III,Skyline Conference,Mahwah,New Jersey,Justin Hidalgo,OH,Sophomore,2028
Ramapo College of New Jersey,NCAA Division III,Skyline Conference,Mahwah,New Jersey,Trevor Van Valkenburgh,OH,Sophomore,2028
Ramapo College of New Jersey,NCAA Division III,Skyline Conference,Mahwah,New Jersey,Sebastian Hernandez,S,Freshman,2029
Ramapo College of New Jersey,NCAA Division III,Skyline Conference,Mahwah,New Jersey,Jake Farley,MB,Freshman,2029
Ramapo College of New Jersey,NCAA Division III,Skyline Conference,Mahwah,New Jersey,Shah Nasher,OPP,Sophomore,2028
Rutgers University - Newark,NCAA Division III,New Jersey Athletic Conference,Newark,New Jersey,John Femiano,L,Freshman,2029
Rutgers University - Newark,NCAA Division III,New Jersey Athletic Conference,Newark,New Jersey,Vincent Lopez,MB,Junior,2027
Rutgers University - Newark,NCAA Division III,New Jersey Athletic Conference,Newark,New Jersey,Graylon Ody,OH,Freshman,2029
Rutgers University - Newark,NCAA Division III,New Jersey Athletic Conference,Newark,New Jersey,Logan Fernandes,OH,Freshman,2029
Rutgers University - Newark,NCAA Division III,New Jersey Athletic Conference,Newark,New Jersey,Sean Spring,OH,Senior,2026
Rutgers University - Newark,NCAA Division III,New Jersey Athletic Conference,Newark,New Jersey,Joseph Novellino,S,Freshman,2029
Rutgers University - Newark,NCAA Division III,New Jersey Athletic Conference,Newark,New Jersey,Evan Jazmin,DS/L,Junior,2027
Rutgers University - Newark,NCAA Division III,New Jersey Athletic Conference,Newark,New Jersey,Yann Gomes,L,Senior,2026
Rutgers University - Newark,NCAA Division III,New Jersey Athletic Conference,Newark,New Jersey,Harry Takyi,OH,Freshman,2029
Rutgers University - Newark,NCAA Division III,New Jersey Athletic Conference,Newark,New Jersey,Duncan Sturt,S,Freshman,2029
Rutgers University - Newark,NCAA Division III,New Jersey Athletic Conference,Newark,New Jersey,Alex Boulin,OH,Sophomore,2028
Rutgers University - Newark,NCAA Division III,New Jersey Athletic Conference,Newark,New Jersey,Juan Silva,MB,Senior,2026
Rutgers University - Newark,NCAA Division III,New Jersey Athletic Conference,Newark,New Jersey,Aleks Kolodziej,OPP,Junior,2027
Rutgers University - Newark,NCAA Division III,New Jersey Athletic Conference,Newark,New Jersey,Zach Pakis,MB/OPP,Freshman,2029
Rutgers University - Newark,NCAA Division III,New Jersey Athletic Conference,Newark,New Jersey,Kaden Komine,S,Junior,2027
Rutgers University - Newark,NCAA Division III,New Jersey Athletic Conference,Newark,New Jersey,Ali Chaudary,L,Freshman,2029
Rutgers University - Newark,NCAA Division III,New Jersey Athletic Conference,Newark,New Jersey,Alex Solodky,OH,Sophomore,2028
Rutgers University - Newark,NCAA Division III,New Jersey Athletic Conference,Newark,New Jersey,Massimo Roco,MB,Sophomore,2028
Rutgers University - Newark,NCAA Division III,New Jersey Athletic Conference,Newark,New Jersey,Adrian Marke,MB,Freshman,2029
Rutgers University - Newark,NCAA Division III,New Jersey Athletic Conference,Newark,New Jersey,Michael Suarez,OH,Sophomore,2028
Saint Elizabeth University,NCAA Division III,United East Conference,Morristown,New Jersey,Jameel Wright,OH/L,Senior,2026
Saint Elizabeth University,NCAA Division III,United East Conference,Morristown,New Jersey,Carlos Saldana,OPP,Junior,2027
Saint Elizabeth University,NCAA Division III,United East Conference,Morristown,New Jersey,Ih'Jamir Williams,OH,Freshman,2029
Saint Elizabeth University,NCAA Division III,United East Conference,Morristown,New Jersey,Kennedy Ibezim,MB,Senior,2026
Saint Elizabeth University,NCAA Division III,United East Conference,Morristown,New Jersey,Enock Joachim,OPP,Senior,2026
Saint Elizabeth University,NCAA Division III,United East Conference,Morristown,New Jersey,Raoul-Michel Bouzi,OH/L,Freshman,2029
Saint Elizabeth University,NCAA Division III,United East Conference,Morristown,New Jersey,Nyjier Lewis,OPP,Freshman,2029
Saint Elizabeth University,NCAA Division III,United East Conference,Morristown,New Jersey,Randel Romero,S,Sophomore,2028
Saint Elizabeth University,NCAA Division III,United East Conference,Morristown,New Jersey,Akash Jenkins,MB,Freshman,2029
Saint Elizabeth University,NCAA Division III,United East Conference,Morristown,New Jersey,Kyzier Kelly,OH,Senior,2026
Stevens Institute of Technology,NCAA Division III,Middle Atlantic Freedom Conference,Hoboken,New Jersey,Alex Olcott,OH,Junior,2027
Stevens Institute of Technology,NCAA Division III,Middle Atlantic Freedom Conference,Hoboken,New Jersey,Tyler Hoke,MB,Senior,2026
Stevens Institute of Technology,NCAA Division III,Middle Atlantic Freedom Conference,Hoboken,New Jersey,Sean Marvuglio,S,Freshman,2029
Stevens Institute of Technology,NCAA Division III,Middle Atlantic Freedom Conference,Hoboken,New Jersey,Phillip Bone,OH,Senior,2026
Stevens Institute of Technology,NCAA Division III,Middle Atlantic Freedom Conference,Hoboken,New Jersey,Dominic Ambrose,OH,Junior,2027
Stevens Institute of Technology,NCAA Division III,Middle Atlantic Freedom Conference,Hoboken,New Jersey,Cade Allen,OPP,Sophomore,2028
Stevens Institute of Technology,NCAA Division III,Middle Atlantic Freedom Conference,Hoboken,New Jersey,Titus Rodz,OH/L,Sophomore,2028
Stevens Institute of Technology,NCAA Division III,Middle Atlantic Freedom Conference,Hoboken,New Jersey,Holden Findley,S,Freshman,2029
Stevens Institute of Technology,NCAA Division III,Middle Atlantic Freedom Conference,Hoboken,New Jersey,Ryan Schmid,OPP,Junior,2027
Stevens Institute of Technology,NCAA Division III,Middle Atlantic Freedom Conference,Hoboken,New Jersey,Joshua Levandoske,OH,Junior,2027
Stevens Institute of Technology,NCAA Division III,Middle Atlantic Freedom Conference,Hoboken,New Jersey,Greg Li,MB,Sophomore,2028
Stevens Institute of Technology,NCAA Division III,Middle Atlantic Freedom Conference,Hoboken,New Jersey,Jacob Lobdell,MB,Freshman,2029
Stevens Institute of Technology,NCAA Division III,Middle Atlantic Freedom Conference,Hoboken,New Jersey,Nick Schmidt,S,Junior,2027
Stevens Institute of Technology,NCAA Division III,Middle Atlantic Freedom Conference,Hoboken,New Jersey,Quinn Bozarth,S,Sophomore,2028
Stevens Institute of Technology,NCAA Division III,Middle Atlantic Freedom Conference,Hoboken,New Jersey,Colin Holden,MB,Freshman,2029
Stevens Institute of Technology,NCAA Division III,Middle Atlantic Freedom Conference,Hoboken,New Jersey,Esteban Schmitt,MB,Junior,2027
Stevens Institute of Technology,NCAA Division III,Middle Atlantic Freedom Conference,Hoboken,New Jersey,Bennett Heydorn,OH/OPP,Sophomore,2028
Stevens Institute of Technology,NCAA Division III,Middle Atlantic Freedom Conference,Hoboken,New Jersey,Alfredo Bolado,L,Freshman,2029
Stevens Institute of Technology,NCAA Division III,Middle Atlantic Freedom Conference,Hoboken,New Jersey,Julius Stiemer,OPP,Graduate Student,2026
Stevens Institute of Technology,NCAA Division III,Middle Atlantic Freedom Conference,Hoboken,New Jersey,Jack Hershman,OH/L,Senior,2026
Stevens Institute of Technology,NCAA Division III,Middle Atlantic Freedom Conference,Hoboken,New Jersey,Colin Hughes,OH,Freshman,2029
Bard College,NCAA Division III,Liberty League,Annandale-On-Hudson,New York,Damiel Batista,OH/OPP,Freshman,2029
Bard College,NCAA Division III,Liberty League,Annandale-On-Hudson,New York,Ansel Waisler,OH,Sophomore,2028
Bard College,NCAA Division III,Liberty League,Annandale-On-Hudson,New York,Reza Afzali,OH/MB,Senior,2026
Bard College,NCAA Division III,Liberty League,Annandale-On-Hudson,New York,Georgi Chikolov,S,Senior,2026
Bard College,NCAA Division III,Liberty League,Annandale-On-Hudson,New York,Lincoln Grisso,MB,Junior,2027
Bard College,NCAA Division III,Liberty League,Annandale-On-Hudson,New York,Sidney Stein,OH,Sophomore,2028
Bard College,NCAA Division III,Liberty League,Annandale-On-Hudson,New York,Gideon Jacob,S,Sophomore,2028
Bard College,NCAA Division III,Liberty League,Annandale-On-Hudson,New York,Pearse Esposito,S/OPP,Sophomore,2028
Bard College,NCAA Division III,Liberty League,Annandale-On-Hudson,New York,Evan McMahon,OH/OPP,Graduate Student,2026
Bard College,NCAA Division III,Liberty League,Annandale-On-Hudson,New York,Will Beane-Rosenberg,MB,Sophomore,2028
Bard College,NCAA Division III,Liberty League,Annandale-On-Hudson,New York,Amadéo Pinto,L,Freshman,2029
Bard College,NCAA Division III,Liberty League,Annandale-On-Hudson,New York,Moises Arteaga,L,Senior,2026
Bard College,NCAA Division III,Liberty League,Annandale-On-Hudson,New York,Zach Butler,MB,Freshman,2029
Baruch College,NCAA Division III,City University of New York Athletic Conference,New York,New York,Argjend Osmanaj,OPP,Senior,2026
Baruch College,NCAA Division III,City University of New York Athletic Conference,New York,New York,Ari Osmanaj,S,Senior,2026
Baruch College,NCAA Division III,City University of New York Athletic Conference,New York,New York,Brennan O'Connor,MB,Freshman,2029
Baruch College,NCAA Division III,City University of New York Athletic Conference,New York,New York,Evan Kang,OH/DS,Freshman,2029
Baruch College,NCAA Division III,City University of New York Athletic Conference,New York,New York,Lucas Maziarz,OH,Freshman,2029
Baruch College,NCAA Division III,City University of New York Athletic Conference,New York,New York,Michael Terolli,L,Freshman,2029
Baruch College,NCAA Division III,City University of New York Athletic Conference,New York,New York,Peter Gavroff,OH,Senior,2026
Baruch College,NCAA Division III,City University of New York Athletic Conference,New York,New York,Zachary Yao,L,Senior,2026
Baruch College,NCAA Division III,City University of New York Athletic Conference,New York,New York,Valentin Rodriguez,S,Sophomore,2028
Baruch College,NCAA Division III,City University of New York Athletic Conference,New York,New York,Caeleb Lee-Wen,L/DS,Sophomore,2028
Baruch College,NCAA Division III,City University of New York Athletic Conference,New York,New York,Benjamin Nirenstein,OH,Freshman,2029
Baruch College,NCAA Division III,City University of New York Athletic Conference,New York,New York,Ismael Sanogo,MB,Freshman,2029
Baruch College,NCAA Division III,City University of New York Athletic Conference,New York,New York,Aaron Clarke,MB,Junior,2027
Baruch College,NCAA Division III,City University of New York Athletic Conference,New York,New York,Omar Noaman,OPP,Freshman,2029
Baruch College,NCAA Division III,City University of New York Athletic Conference,New York,New York,Alen Nurbayev,MB,Freshman,2029
Baruch College,NCAA Division III,City University of New York Athletic Conference,New York,New York,Charlie Nguyen,DS,Junior,2027
Brooklyn College,NCAA Division III,City University of New York Athletic Conference,Brooklyn,New York,Waleed Alamri,S,Freshman,2029
Brooklyn College,NCAA Division III,City University of New York Athletic Conference,Brooklyn,New York,Kevin Quan,L,Freshman,2029
Brooklyn College,NCAA Division III,City University of New York Athletic Conference,Brooklyn,New York,Joel Hernandez,OH/S,Freshman,2029
Brooklyn College,NCAA Division III,City University of New York Athletic Conference,Brooklyn,New York,Gabriel Minchala,OPP,Freshman,2029
Brooklyn College,NCAA Division III,City University of New York Athletic Conference,Brooklyn,New York,Franciso Gutierrez,OPP/L,Freshman,2029
Brooklyn College,NCAA Division III,City University of New York Athletic Conference,Brooklyn,New York,Sunny Nguyen,S,Freshman,2029
Brooklyn College,NCAA Division III,City University of New York Athletic Conference,Brooklyn,New York,Miguel Trejo,S,Junior,2027
Brooklyn College,NCAA Division III,City University of New York Athletic Conference,Brooklyn,New York,Lior Amromin,OPP,Freshman,2029
Brooklyn College,NCAA Division III,City University of New York Athletic Conference,Brooklyn,New York,Ali Zandani,OH,Junior,2027
Brooklyn College,NCAA Division III,City University of New York Athletic Conference,Brooklyn,New York,Armand Kaloshi,OH,Senior,2026
Brooklyn College,NCAA Division III,City University of New York Athletic Conference,Brooklyn,New York,Aaron Siu,OH,Senior,2026
Brooklyn College,NCAA Division III,City University of New York Athletic Conference,Brooklyn,New York,Tylar Pina,DS,Junior,2027
Brooklyn College,NCAA Division III,City University of New York Athletic Conference,Brooklyn,New York,Jiaian Flanders,OH,Senior,2026
Brooklyn College,NCAA Division III,City University of New York Athletic Conference,Brooklyn,New York,Aiden Melecio,MB,Freshman,2029
Brooklyn College,NCAA Division III,City University of New York Athletic Conference,Brooklyn,New York,Donovan De La Rosa,MB,Junior,2027
Brooklyn College,NCAA Division III,City University of New York Athletic Conference,Brooklyn,New York,Matthew Kadatskiy,MB,Freshman,2029
Brooklyn College,NCAA Division III,City University of New York Athletic Conference,Brooklyn,New York,Joaquin Calderon,OH/OPP,Sophomore,2028
Elmira College,NCAA Division III,Empire 8 Conference,Elmira,New York,Jeremiah Matthew,OH/OPP,Freshman,2029
Elmira College,NCAA Division III,Empire 8 Conference,Elmira,New York,Erik Ziemblicki,S,Freshman,2029
Elmira College,NCAA Division III,Empire 8 Conference,Elmira,New York,Austin Hoopes,L,Freshman,2029
Elmira College,NCAA Division III,Empire 8 Conference,Elmira,New York,Anthony D'Amore,S/L,Freshman,2029
Elmira College,NCAA Division III,Empire 8 Conference,Elmira,New York,George Flores,OH/OPP,Freshman,2029
Elmira College,NCAA Division III,Empire 8 Conference,Elmira,New York,Caden Sims,MB,Sophomore,2028
Elmira College,NCAA Division III,Empire 8 Conference,Elmira,New York,Nick Rohman,S,Sophomore,2028
Elmira College,NCAA Division III,Empire 8 Conference,Elmira,New York,Gabriel Staron,OH/OPP,Junior,2027
Elmira College,NCAA Division III,Empire 8 Conference,Elmira,New York,Ethan Davenport,MB/OPP,Sophomore,2028
Elmira College,NCAA Division III,Empire 8 Conference,Elmira,New York,Connor Barton,L,Junior,2027
Elmira College,NCAA Division III,Empire 8 Conference,Elmira,New York,Dylan Vargas,MB,Junior,2027
Elmira College,NCAA Division III,Empire 8 Conference,Elmira,New York,Luke Jata,OH/OPP,Junior,2027
Elmira College,NCAA Division III,Empire 8 Conference,Elmira,New York,Drake Connors,OPP,Sophomore,2028
Hartwick College,NCAA Division III,Empire 8 Conference,Oneonta,New York,Colby Myers,L,Sophomore,2028
Hartwick College,NCAA Division III,Empire 8 Conference,Oneonta,New York,Carl DeDominicis,MB/OPP,Freshman,2029
Hartwick College,NCAA Division III,Empire 8 Conference,Oneonta,New York,Anthony Ruggiero,OH,Freshman,2029
Hartwick College,NCAA Division III,Empire 8 Conference,Oneonta,New York,Badr Aly,MB,Freshman,2029
Hartwick College,NCAA Division III,Empire 8 Conference,Oneonta,New York,Keegan Doherty,OH,Freshman,2029
Hartwick College,NCAA Division III,Empire 8 Conference,Oneonta,New York,Nate Roorbach,S,Freshman,2029
Hartwick College,NCAA Division III,Empire 8 Conference,Oneonta,New York,Xander Steadham,MB,Freshman,2029
Hartwick College,NCAA Division III,Empire 8 Conference,Oneonta,New York,Pedro Martins,OPP,Freshman,2029
Hartwick College,NCAA Division III,Empire 8 Conference,Oneonta,New York,Ethan McCaw,OH,Freshman,2029
Hartwick College,NCAA Division III,Empire 8 Conference,Oneonta,New York,Matt Ramirez,MB,Freshman,2029
Hilbert College,NCAA Division III,Allegheny Mountain Collegiate Conference,Hamburg,New York,Joshua Shaw,OH,Freshman,2029
Hilbert College,NCAA Division III,Allegheny Mountain Collegiate Conference,Hamburg,New York,Sam Rastelli,L,Freshman,2029
Hilbert College,NCAA Division III,Allegheny Mountain Collegiate Conference,Hamburg,New York,Austin Thurlow,MB,Freshman,2029
Hilbert College,NCAA Division III,Allegheny Mountain Collegiate Conference,Hamburg,New York,Michael Pozzuto,OH,Junior,2027
Hilbert College,NCAA Division III,Allegheny Mountain Collegiate Conference,Hamburg,New York,Brinton McClain,S,Freshman,2029
Hilbert College,NCAA Division III,Allegheny Mountain Collegiate Conference,Hamburg,New York,Jacob Sehn,L,Junior,2027
Hilbert College,NCAA Division III,Allegheny Mountain Collegiate Conference,Hamburg,New York,Stephen Winans,MB,Sophomore,2028
Hilbert College,NCAA Division III,Allegheny Mountain Collegiate Conference,Hamburg,New York,Nikolas D'Andrea,OPP,Senior,2026
Hilbert College,NCAA Division III,Allegheny Mountain Collegiate Conference,Hamburg,New York,Xavier Edwards,OPP,Freshman,2029
Hilbert College,NCAA Division III,Allegheny Mountain Collegiate Conference,Hamburg,New York,Mehkai Francis,OH/MB,Senior,2026
Hilbert College,NCAA Division III,Allegheny Mountain Collegiate Conference,Hamburg,New York,Justin Veal,OPP/MB,Sophomore,2028
Hilbert College,NCAA Division III,Allegheny Mountain Collegiate Conference,Hamburg,New York,Garyson Gaud,OH,Senior,2026
Hobart & William Smith Colleges,NCAA Division III,Liberty League,Geneva,New York,Gavin Meador,L,Junior,2027
Hobart & William Smith Colleges,NCAA Division III,Liberty League,Geneva,New York,Nate Magni,OPP/MB,Junior,2027
Hobart & William Smith Colleges,NCAA Division III,Liberty League,Geneva,New York,Rex McDowell,DS/OH,Freshman,2029
Hobart & William Smith Colleges,NCAA Division III,Liberty League,Geneva,New York,Tyler Lavell,L,Freshman,2029
Hobart & William Smith Colleges,NCAA Division III,Liberty League,Geneva,New York,Lawson Drabik,OH,Sophomore,2028
Hobart & William Smith Colleges,NCAA Division III,Liberty League,Geneva,New York,John Healy,MB,Junior,2027
Hobart & William Smith Colleges,NCAA Division III,Liberty League,Geneva,New York,Harrison Keena,L/DS,Senior,2026
Hobart & William Smith Colleges,NCAA Division III,Liberty League,Geneva,New York,Daniel Sappia,OH,Junior,2027
Hobart & William Smith Colleges,NCAA Division III,Liberty League,Geneva,New York,Nico Diaz-Aguilar,DS/L,Senior,2026
Hobart & William Smith Colleges,NCAA Division III,Liberty League,Geneva,New York,Alain Malcolm,MB,Sophomore,2028
Hobart & William Smith Colleges,NCAA Division III,Liberty League,Geneva,New York,Zack Farren,S,Junior,2027
Hobart & William Smith Colleges,NCAA Division III,Liberty League,Geneva,New York,Grayson Getz,MB,Junior,2027
Hobart & William Smith Colleges,NCAA Division III,Liberty League,Geneva,New York,Nathan Deller,MB,Junior,2027
Hobart & William Smith Colleges,NCAA Division III,Liberty League,Geneva,New York,Noah DeLong,OPP,Junior,2027
Hobart & William Smith Colleges,NCAA Division III,Liberty League,Geneva,New York,Kian Kischke,MB,Sophomore,2028
Hobart & William Smith Colleges,NCAA Division III,Liberty League,Geneva,New York,Maxwell Stotsky,OH,Freshman,2029
Hobart & William Smith Colleges,NCAA Division III,Liberty League,Geneva,New York,Aiden Kemora,OH/OPP,Junior,2027
Hobart & William Smith Colleges,NCAA Division III,Liberty League,Geneva,New York,Tor Boughal,S,Freshman,2029
Hobart & William Smith Colleges,NCAA Division III,Liberty League,Geneva,New York,Nicholas Humphries,OPP,Freshman,2029
Hobart & William Smith Colleges,NCAA Division III,Liberty League,Geneva,New York,Harry Fromberg,OH,Freshman,2029
Hobart & William Smith Colleges,NCAA Division III,Liberty League,Geneva,New York,Roberto Munoz,DS/L,Sophomore,2028
Hobart & William Smith Colleges,NCAA Division III,Liberty League,Geneva,New York,Josh Reilly,MB,Sophomore,2028
Hobart & William Smith Colleges,NCAA Division III,Liberty League,Geneva,New York,Charlie Dugan,S,Freshman,2029
Hobart & William Smith Colleges,NCAA Division III,Liberty League,Geneva,New York,Ben Welsh,MB/OPP,Freshman,2029
Houghton College,NCAA Division III,Empire 8 Conference,Houghton,New York,Tywala Stafford,DS,Freshman,2029
Houghton College,NCAA Division III,Empire 8 Conference,Houghton,New York,Michael McGlynn,MB,Sophomore,2028
Houghton College,NCAA Division III,Empire 8 Conference,Houghton,New York,Seth Yoder,OH/DS,Junior,2027
Houghton College,NCAA Division III,Empire 8 Conference,Houghton,New York,Josh Thiesen,OPP/S,Senior,2026
Houghton College,NCAA Division III,Empire 8 Conference,Houghton,New York,Jonah Sissel,OH,Junior,2027
Houghton College,NCAA Division III,Empire 8 Conference,Houghton,New York,Devin Cline,OH,Junior,2027
Houghton College,NCAA Division III,Empire 8 Conference,Houghton,New York,Caleb Stephens,OH,Sophomore,2028
Houghton College,NCAA Division III,Empire 8 Conference,Houghton,New York,Judah Kennel,L/DS,Sophomore,2028
Houghton College,NCAA Division III,Empire 8 Conference,Houghton,New York,Reid Cockle,OPP,Sophomore,2028
Houghton College,NCAA Division III,Empire 8 Conference,Houghton,New York,Ferron Mitchell,DS/L,Sophomore,2028
Houghton College,NCAA Division III,Empire 8 Conference,Houghton,New York,Jared Wright,MB,Senior,2026
Houghton College,NCAA Division III,Empire 8 Conference,Houghton,New York,Jerry Buno,S,Junior,2027
Houghton College,NCAA Division III,Empire 8 Conference,Houghton,New York,Timothy Murray,OPP,Sophomore,2028
Hunter College,NCAA Division III,City University of New York Athletic Conference,New York,New York,Wyatt Kotuk,MB/OPP,Sophomore,2028
Hunter College,NCAA Division III,City University of New York Athletic Conference,New York,New York,Emanuel Cochran,MB/OPP,Sophomore,2028
Hunter College,NCAA Division III,City University of New York Athletic Conference,New York,New York,Ahmed Mohamed,OH/OPP,Junior,2027
Hunter College,NCAA Division III,City University of New York Athletic Conference,New York,New York,Jaidan LaSalle,OPP/OH/L,Junior,2027
Hunter College,NCAA Division III,City University of New York Athletic Conference,New York,New York,Bradley Campos,L,Sophomore,2028
Hunter College,NCAA Division III,City University of New York Athletic Conference,New York,New York,Brandon Yeh,S/L,Junior,2027
Hunter College,NCAA Division III,City University of New York Athletic Conference,New York,New York,Eddy Kang,OH,Freshman,2029
Hunter College,NCAA Division III,City University of New York Athletic Conference,New York,New York,Crisostomo Ibarra,L,Sophomore,2028
Hunter College,NCAA Division III,City University of New York Athletic Conference,New York,New York,Lenny Arbitman,S/OPP,Sophomore,2028
Hunter College,NCAA Division III,City University of New York Athletic Conference,New York,New York,K-Ci Akwandoh,MB,Freshman,2029
Hunter College,NCAA Division III,City University of New York Athletic Conference,New York,New York,Sebastian Gomez,OH/OPP,Sophomore,2028
Hunter College,NCAA Division III,City University of New York Athletic Conference,New York,New York,Alex Fulgencio,MB,Freshman,2029
Hunter College,NCAA Division III,City University of New York Athletic Conference,New York,New York,Anthony Bardales,MB,Junior,2027
Hunter College,NCAA Division III,City University of New York Athletic Conference,New York,New York,Andy Ren,OH,Freshman,2029
Hunter College,NCAA Division III,City University of New York Athletic Conference,New York,New York,Jon Domingo,DS/OH,Junior,2027
Hunter College,NCAA Division III,City University of New York Athletic Conference,New York,New York,Wesley Stubbs,S/OPP,Sophomore,2028
Hunter College,NCAA Division III,City University of New York Athletic Conference,New York,New York,Demetri Gournelos,OPP/OH/S,Junior,2027
John Jay College of Criminial Justice,NCAA Division III,City University of New York Athletic Conference,New York,New York,Nate Whyte,L,Junior,2027
John Jay College of Criminial Justice,NCAA Division III,City University of New York Athletic Conference,New York,New York,Eugene Villarruz,L,Junior,2027
John Jay College of Criminial Justice,NCAA Division III,City University of New York Athletic Conference,New York,New York,Joshua Acevedo,OPP,Sophomore,2028
John Jay College of Criminial Justice,NCAA Division III,City University of New York Athletic Conference,New York,New York,Micah Rossman,L/OH,Junior,2027
John Jay College of Criminial Justice,NCAA Division III,City University of New York Athletic Conference,New York,New York,Sebastian Rodriguez,OH,Senior,2026
John Jay College of Criminial Justice,NCAA Division III,City University of New York Athletic Conference,New York,New York,Jayden Ferril,OH/OPP,Freshman,2029
John Jay College of Criminial Justice,NCAA Division III,City University of New York Athletic Conference,New York,New York,Nick Fuentes,OH,Sophomore,2028
John Jay College of Criminial Justice,NCAA Division III,City University of New York Athletic Conference,New York,New York,Brandon Roman,OPP,Freshman,2029
John Jay College of Criminial Justice,NCAA Division III,City University of New York Athletic Conference,New York,New York,Jimmy Thinlay,S,Sophomore,2028
John Jay College of Criminial Justice,NCAA Division III,City University of New York Athletic Conference,New York,New York,Logan Ramos,L/S,Graduate Student,2026
John Jay College of Criminial Justice,NCAA Division III,City University of New York Athletic Conference,New York,New York,Daniel Gonzalez Verdejo,S,Graduate Student,2026
John Jay College of Criminial Justice,NCAA Division III,City University of New York Athletic Conference,New York,New York,Maxwell Law,S/OPP,Senior,2026
John Jay College of Criminial Justice,NCAA Division III,City University of New York Athletic Conference,New York,New York,Adria Galve,OH,Freshman,2029
John Jay College of Criminial Justice,NCAA Division III,City University of New York Athletic Conference,New York,New York,Steven Ajazi,MB,Senior,2026
John Jay College of Criminial Justice,NCAA Division III,City University of New York Athletic Conference,New York,New York,Adam Bainey,MB,Sophomore,2028
John Jay College of Criminial Justice,NCAA Division III,City University of New York Athletic Conference,New York,New York,Quez Martin,MB,Sophomore,2028
John Jay College of Criminial Justice,NCAA Division III,City University of New York Athletic Conference,New York,New York,Attila Nerette,MB,Junior,2027
Lehman College,NCAA Division III,City University of New York Athletic Conference,Bronx,New York,Levi Rosario,S,Sophomore,2028
Lehman College,NCAA Division III,City University of New York Athletic Conference,Bronx,New York,Jeremyah Henry,L,Freshman,2029
Lehman College,NCAA Division III,City University of New York Athletic Conference,Bronx,New York,Oscar Calderon,MB,Sophomore,2028
Lehman College,NCAA Division III,City University of New York Athletic Conference,Bronx,New York,Abdoylaye Kante,OH/OPP,Sophomore,2028
Lehman College,NCAA Division III,City University of New York Athletic Conference,Bronx,New York,Eric Lin,OH/S,Junior,2027
Lehman College,NCAA Division III,City University of New York Athletic Conference,Bronx,New York,Delano Moulton,OH/OPP,Freshman,2029
Lehman College,NCAA Division III,City University of New York Athletic Conference,Bronx,New York,Enea Doci,MB,Freshman,2029
Lehman College,NCAA Division III,City University of New York Athletic Conference,Bronx,New York,John Zerafa,S,Sophomore,2028
Lehman College,NCAA Division III,City University of New York Athletic Conference,Bronx,New York,Alain Abreu Esteva,OH,Senior,2026
Lehman College,NCAA Division III,City University of New York Athletic Conference,Bronx,New York,Daylan Peralta,OH/OPP,Sophomore,2028
Lehman College,NCAA Division III,City University of New York Athletic Conference,Bronx,New York,Nathaniel Matthie,OH/OPP,Sophomore,2028
Lehman College,NCAA Division III,City University of New York Athletic Conference,Bronx,New York,Jordan Johnson,OH,Junior,2027
Lehman College,NCAA Division III,City University of New York Athletic Conference,Bronx,New York,Almir Pepic,OH,Junior,2027
Manhattanville University,NCAA Division III,Skyline Conference,Purchase,New York,Evie Rapp,L/DS,Sophomore,2028
Manhattanville University,NCAA Division III,Skyline Conference,Purchase,New York,Wilton Martinez,OH,Junior,2027
Manhattanville University,NCAA Division III,Skyline Conference,Purchase,New York,Justin Lau,MB,Sophomore,2028
Manhattanville University,NCAA Division III,Skyline Conference,Purchase,New York,Nash Torres,L/DS,Junior,2027
Manhattanville University,NCAA Division III,Skyline Conference,Purchase,New York,Fernando Martinez,OH/DS,Freshman,2029
Manhattanville University,NCAA Division III,Skyline Conference,Purchase,New York,Matt Diamond,L/DS,Senior,2026
Manhattanville University,NCAA Division III,Skyline Conference,Purchase,New York,Luca Peterson,S,Freshman,2029
Manhattanville University,NCAA Division III,Skyline Conference,Purchase,New York,Camillo Maiocco,OPP,Sophomore,2028
Manhattanville University,NCAA Division III,Skyline Conference,Purchase,New York,Pedro Machado,S,Junior,2027
Manhattanville University,NCAA Division III,Skyline Conference,Purchase,New York,Joe Gandarillas,OH,Junior,2027
Manhattanville University,NCAA Division III,Skyline Conference,Purchase,New York,Trevor Kolar,OH,Freshman,2029
Manhattanville University,NCAA Division III,Skyline Conference,Purchase,New York,Adrian Bonilla,MB,Freshman,2029
Manhattanville University,NCAA Division III,Skyline Conference,Purchase,New York,Mason Moon,S,Senior,2026
Manhattanville University,NCAA Division III,Skyline Conference,Purchase,New York,Kyle Simmons,OPP,Sophomore,2028
Nazareth University,NCAA Division III,Empire 8 Conference,Rochester,New York,Gavin Sweet,L/DS,Senior,2026
Nazareth University,NCAA Division III,Empire 8 Conference,Rochester,New York,Brendan O'Brien,L/DS,Junior,2027
Nazareth University,NCAA Division III,Empire 8 Conference,Rochester,New York,Quintin Chiles,OH/DS,Freshman,2029
Nazareth University,NCAA Division III,Empire 8 Conference,Rochester,New York,AJ Burda,S,Senior,2026
Nazareth University,NCAA Division III,Empire 8 Conference,Rochester,New York,Sean Frawley,OPP,Freshman,2029
Nazareth University,NCAA Division III,Empire 8 Conference,Rochester,New York,Joe Seliger,OH/DS,Junior,2027
Nazareth University,NCAA Division III,Empire 8 Conference,Rochester,New York,Quinn Ringstad,MB/OPP,Sophomore,2028
Nazareth University,NCAA Division III,Empire 8 Conference,Rochester,New York,Allister Spiegel,S/OPP,Freshman,2029
Nazareth University,NCAA Division III,Empire 8 Conference,Rochester,New York,Ryan Murphy,MB,Sophomore,2028
Nazareth University,NCAA Division III,Empire 8 Conference,Rochester,New York,Daniel Mangan,S,Freshman,2029
Nazareth University,NCAA Division III,Empire 8 Conference,Rochester,New York,Austin Drews,MB/OPP,Freshman,2029
Nazareth University,NCAA Division III,Empire 8 Conference,Rochester,New York,Tristan Henderson,OH/MB,Junior,2027
Nazareth University,NCAA Division III,Empire 8 Conference,Rochester,New York,Joshua Warner,MB,Sophomore,2028
New York University,NCAA Division III,University Athletic Association,New York,New York,Dylan Hsu,L,Junior,2027
New York University,NCAA Division III,University Athletic Association,New York,New York,Ethan Garst,OH/L,Freshman,2029
New York University,NCAA Division III,University Athletic Association,New York,New York,Devyn Nguyen,S,Junior,2027
New York University,NCAA Division III,University Athletic Association,New York,New York,Matthew Matuszak,OH,Freshman,2029
New York University,NCAA Division III,University Athletic Association,New York,New York,Bennet Tchaikovsky,L,Sophomore,2028
New York University,NCAA Division III,University Athletic Association,New York,New York,Charlie Clifford,OH,Freshman,2029
New York University,NCAA Division III,University Athletic Association,New York,New York,Nick Shojaei,OH/MB,Freshman,2029
New York University,NCAA Division III,University Athletic Association,New York,New York,Artyom Derkach,OH,Freshman,2029
New York University,NCAA Division III,University Athletic Association,New York,New York,Angus Ebeling,OPP,Senior,2026
New York University,NCAA Division III,University Athletic Association,New York,New York,Jake Upham,OH,Senior,2026
New York University,NCAA Division III,University Athletic Association,New York,New York,Dhruv Prathipati,MB,Freshman,2029
New York University,NCAA Division III,University Athletic Association,New York,New York,Jerry Feng,OH,Senior,2026
New York University,NCAA Division III,University Athletic Association,New York,New York,Veer Agarwal,MB,Freshman,2029
New York University,NCAA Division III,University Athletic Association,New York,New York,Cade Miller,MB,Freshman,2029
New York University,NCAA Division III,University Athletic Association,New York,New York,Krish Vasan,S,Sophomore,2028
New York University,NCAA Division III,University Athletic Association,New York,New York,Jeremy Li,OH,Junior,2027
New York University,NCAA Division III,University Athletic Association,New York,New York,Gabriel Bialek,OPP,Sophomore,2028
New York University,NCAA Division III,University Athletic Association,New York,New York,Emerson Evans,OPP,Junior,2027
New York University,NCAA Division III,University Athletic Association,New York,New York,Ethan Du,MB,Junior,2027
New York University,NCAA Division III,University Athletic Association,New York,New York,Riley Schatz,MB,Freshman,2029
New York University,NCAA Division III,University Athletic Association,New York,New York,Matthew Warter,OH,Junior,2027
New York University,NCAA Division III,University Athletic Association,New York,New York,BoJameson Ebeling,OPP,Freshman,2029
Pratt Institute,NCAA Division III,Coast-to-Coast Athletic Conference,Brooklyn,New York,Lucas Lee,DS,Sophomore,2028
Pratt Institute,NCAA Division III,Coast-to-Coast Athletic Conference,Brooklyn,New York,Nathan Kim,L/S,Sophomore,2028
Pratt Institute,NCAA Division III,Coast-to-Coast Athletic Conference,Brooklyn,New York,Jude Fox,L,Senior,2026
Pratt Institute,NCAA Division III,Coast-to-Coast Athletic Conference,Brooklyn,New York,Raymond Liang,OH/DS,Freshman,2029
Pratt Institute,NCAA Division III,Coast-to-Coast Athletic Conference,Brooklyn,New York,Mohit Kariea,MB/OPP,Sophomore,2028
Pratt Institute,NCAA Division III,Coast-to-Coast Athletic Conference,Brooklyn,New York,Brooks Reid,OPP,Senior,2026
Pratt Institute,NCAA Division III,Coast-to-Coast Athletic Conference,Brooklyn,New York,Matthew Zhang,S,Freshman,2029
Pratt Institute,NCAA Division III,Coast-to-Coast Athletic Conference,Brooklyn,New York,Griffin Benkovszky,OH,Junior,2027
Pratt Institute,NCAA Division III,Coast-to-Coast Athletic Conference,Brooklyn,New York,Max Wang,OH,Senior,2026
Pratt Institute,NCAA Division III,Coast-to-Coast Athletic Conference,Brooklyn,New York,Nicco Prada,L,Sophomore,2028
Pratt Institute,NCAA Division III,Coast-to-Coast Athletic Conference,Brooklyn,New York,Morvens Regis,MB,Senior,2026
Pratt Institute,NCAA Division III,Coast-to-Coast Athletic Conference,Brooklyn,New York,Arturo Mata,OPP,Freshman,2029
Russell Sage College,NCAA Division III,Massachusetts Community College Athletic Conference,Troy,New York,Carlos Ilert,OH,Junior,2027
Russell Sage College,NCAA Division III,Massachusetts Community College Athletic Conference,Troy,New York,Deshawn Fleary,OPP,Graduate Student,2026
Russell Sage College,NCAA Division III,Massachusetts Community College Athletic Conference,Troy,New York,Dylan Fox,OH,Freshman,2029
Russell Sage College,NCAA Division III,Massachusetts Community College Athletic Conference,Troy,New York,Connor (CJ) Murphy,S,Sophomore,2028
Russell Sage College,NCAA Division III,Massachusetts Community College Athletic Conference,Troy,New York,Spencer Cooper,OPP,Freshman,2029
Russell Sage College,NCAA Division III,Massachusetts Community College Athletic Conference,Troy,New York,Jack McWilliam,L,Junior,2027
Russell Sage College,NCAA Division III,Massachusetts Community College Athletic Conference,Troy,New York,Alexander Bergman,MB,Sophomore,2028
Russell Sage College,NCAA Division III,Massachusetts Community College Athletic Conference,Troy,New York,Carlo Rossi A. Occeño,L,Freshman,2029
Russell Sage College,NCAA Division III,Massachusetts Community College Athletic Conference,Troy,New York,Michael Bruyette,MB,Freshman,2029
Russell Sage College,NCAA Division III,Massachusetts Community College Athletic Conference,Troy,New York,Marcus Gentile,MB,Junior,2027
Russell Sage College,NCAA Division III,Massachusetts Community College Athletic Conference,Troy,New York,Wylkins Occelin,OPP,Senior,2026
Russell Sage College,NCAA Division III,Massachusetts Community College Athletic Conference,Troy,New York,Jarod Martel,OH,Graduate Student,2026
Sarah Lawrence College,NCAA Division III,Skyline Conference,Bronxville,New York,Jack Cahill,OH,Freshman,2029
Sarah Lawrence College,NCAA Division III,Skyline Conference,Bronxville,New York,Ethan Look,OPP,Freshman,2029
Sarah Lawrence College,NCAA Division III,Skyline Conference,Bronxville,New York,Theo Black,S/DS,Freshman,2029
Sarah Lawrence College,NCAA Division III,Skyline Conference,Bronxville,New York,Kairos Diaz,OH,Freshman,2029
Sarah Lawrence College,NCAA Division III,Skyline Conference,Bronxville,New York,Chase Bolden,L/DS,Junior,2027
Sarah Lawrence College,NCAA Division III,Skyline Conference,Bronxville,New York,Aidan Roney,MB,Senior,2026
Sarah Lawrence College,NCAA Division III,Skyline Conference,Bronxville,New York,Jackson Perhaes,OPP,Junior,2027
Sarah Lawrence College,NCAA Division III,Skyline Conference,Bronxville,New York,Alex Xie,S,Sophomore,2028
Sarah Lawrence College,NCAA Division III,Skyline Conference,Bronxville,New York,Jozef Kandrac,MB,Junior,2027
Sarah Lawrence College,NCAA Division III,Skyline Conference,Bronxville,New York,Mikel Miller,MB/OPP,Freshman,2029
St. John Fisher College,NCAA Division III,Empire 8 Conference,Rochester,New York,Connor Holmes,MB,Junior,2027
St. John Fisher College,NCAA Division III,Empire 8 Conference,Rochester,New York,Archer Mist,S,Freshman,2029
St. John Fisher College,NCAA Division III,Empire 8 Conference,Rochester,New York,Coleton Welter,OH,Sophomore,2028
St. John Fisher College,NCAA Division III,Empire 8 Conference,Rochester,New York,Tyler Cohen,OH,Fifth Year,2026
St. John Fisher College,NCAA Division III,Empire 8 Conference,Rochester,New York,Casey Jackson,OH,Senior,2026
St. John Fisher College,NCAA Division III,Empire 8 Conference,Rochester,New York,Gabe La Robardiere,OH,Senior,2026
St. John Fisher College,NCAA Division III,Empire 8 Conference,Rochester,New York,Sonepith Keoviengsamay,OH,Junior,2027
St. John Fisher College,NCAA Division III,Empire 8 Conference,Rochester,New York,Jimmy Roberts,OH,Senior,2026
St. John Fisher College,NCAA Division III,Empire 8 Conference,Rochester,New York,James Barone,S,Junior,2027
St. John Fisher College,NCAA Division III,Empire 8 Conference,Rochester,New York,Aiden Calhoun,S,Senior,2026
St. John Fisher College,NCAA Division III,Empire 8 Conference,Rochester,New York,Jack DeMaria,DS,Senior,2026
St. John Fisher College,NCAA Division III,Empire 8 Conference,Rochester,New York,Dylan Leong,OH/L,Freshman,2029
St. John Fisher College,NCAA Division III,Empire 8 Conference,Rochester,New York,Connor Carwile,L,Sophomore,2028
St. John Fisher College,NCAA Division III,Empire 8 Conference,Rochester,New York,Nick Tartaglia,DS,Junior,2027
St. John Fisher College,NCAA Division III,Empire 8 Conference,Rochester,New York,Nathan Dreger,OH,Sophomore,2028
St. John Fisher College,NCAA Division III,Empire 8 Conference,Rochester,New York,Avery Kielbasinski,OH,Freshman,2029
St. John Fisher College,NCAA Division III,Empire 8 Conference,Rochester,New York,Evan Hernandez,OH/S,Sophomore,2028
St. John Fisher College,NCAA Division III,Empire 8 Conference,Rochester,New York,Alex Quinn,MB,Junior,2027
St. John Fisher College,NCAA Division III,Empire 8 Conference,Rochester,New York,Giancarlo Martinez,OH,Freshman,2029
St. John Fisher College,NCAA Division III,Empire 8 Conference,Rochester,New York,Guillermo Perez,MB,Junior,2027
St. John Fisher College,NCAA Division III,Empire 8 Conference,Rochester,New York,Luke Zimmermann,L,Freshman,2029
St. John Fisher College,NCAA Division III,Empire 8 Conference,Rochester,New York,Bryce Nickson,L/S,Junior,2027
St. Joseph's University - Brooklyn,NCAA Division III,Skyline Conference,Brooklyn,New York,Corey Zaccagna,DS/OH,Freshman,2029
St. Joseph's University - Brooklyn,NCAA Division III,Skyline Conference,Brooklyn,New York,Jeremias Martinez,OPP/OH,Sophomore,2028
St. Joseph's University - Brooklyn,NCAA Division III,Skyline Conference,Brooklyn,New York,Trey DeMeo,OH/S,Freshman,2029
St. Joseph's University - Brooklyn,NCAA Division III,Skyline Conference,Brooklyn,New York,Matthew Cottone,L/DS,Sophomore,2028
St. Joseph's University - Brooklyn,NCAA Division III,Skyline Conference,Brooklyn,New York,Keiran McMullan,L/DS,Senior,2026
St. Joseph's University - Brooklyn,NCAA Division III,Skyline Conference,Brooklyn,New York,Etvola Sango,OH/MB/OPP,Freshman,2029
St. Joseph's University - Brooklyn,NCAA Division III,Skyline Conference,Brooklyn,New York,Thomas Pinto,OH/OPP,Freshman,2029
St. Joseph's University - Brooklyn,NCAA Division III,Skyline Conference,Brooklyn,New York,Richard Ortega,MB/OPP,Graduate Student,2026
St. Joseph's University - Brooklyn,NCAA Division III,Skyline Conference,Brooklyn,New York,Xavier Belfon,MB/OPP,Sophomore,2028
St. Joseph's University - Brooklyn,NCAA Division III,Skyline Conference,Brooklyn,New York,Jack Buscaglia,S/OH,Freshman,2029
St. Joseph's University - Brooklyn,NCAA Division III,Skyline Conference,Brooklyn,New York,Lucky Ahmed,OH,Junior,2027
St. Joseph's University - Brooklyn,NCAA Division III,Skyline Conference,Brooklyn,New York,Mark Belov,MB,Sophomore,2028
St. Joseph's University - Brooklyn,NCAA Division III,Skyline Conference,Brooklyn,New York,Ian McIntosh,N/A,Sophomore,2028
St. Joseph's University - Brooklyn,NCAA Division III,Skyline Conference,Brooklyn,New York,James McNiece,MB,Freshman,2029
St. Joseph's University - Long Island,NCAA Division III,Skyline Conference,Patchogue,New York,Logan Meyer,OH,Senior,2026
St. Joseph's University - Long Island,NCAA Division III,Skyline Conference,Patchogue,New York,Connor Ruais,L,Senior,2026
St. Joseph's University - Long Island,NCAA Division III,Skyline Conference,Patchogue,New York,Sean Cantwell,MB,Sophomore,2028
St. Joseph's University - Long Island,NCAA Division III,Skyline Conference,Patchogue,New York,Robert Kohlmann,L,Senior,2026
St. Joseph's University - Long Island,NCAA Division III,Skyline Conference,Patchogue,New York,Dylan Palmer,MB,Junior,2027
St. Joseph's University - Long Island,NCAA Division III,Skyline Conference,Patchogue,New York,Logan DeLumen,OPP,Freshman,2029
St. Joseph's University - Long Island,NCAA Division III,Skyline Conference,Patchogue,New York,Cole Violi,OH,Sophomore,2028
St. Joseph's University - Long Island,NCAA Division III,Skyline Conference,Patchogue,New York,Chris Sarnicola,L,Senior,2026
St. Joseph's University - Long Island,NCAA Division III,Skyline Conference,Patchogue,New York,Chase Meyer,MB,Sophomore,2028
St. Joseph's University - Long Island,NCAA Division III,Skyline Conference,Patchogue,New York,Dominic Ruggiero,S,Senior,2026
St. Joseph's University - Long Island,NCAA Division III,Skyline Conference,Patchogue,New York,Declan Kerns,OH,Junior,2027
St. Joseph's University - Long Island,NCAA Division III,Skyline Conference,Patchogue,New York,Bryan Frascogna,OH,Sophomore,2028
St. Joseph's University - Long Island,NCAA Division III,Skyline Conference,Patchogue,New York,AJ Esposito,MB,Junior,2027
St. Joseph's University - Long Island,NCAA Division III,Skyline Conference,Patchogue,New York,Liam Booth,L,Sophomore,2028
St. Joseph's University - Long Island,NCAA Division III,Skyline Conference,Patchogue,New York,Jesse Renniesen,S,Junior,2027
St. Joseph's University - Long Island,NCAA Division III,Skyline Conference,Patchogue,New York,Brady Madden,L,Sophomore,2028
St. Joseph's University - Long Island,NCAA Division III,Skyline Conference,Patchogue,New York,Shaun Mischler,OH,Freshman,2029
St. Joseph's University - Long Island,NCAA Division III,Skyline Conference,Patchogue,New York,Mason Aylward,S,Sophomore,2028
St. Joseph's University - Long Island,NCAA Division III,Skyline Conference,Patchogue,New York,Logan Fig,OPP,Sophomore,2028
St. Joseph's University - Long Island,NCAA Division III,Skyline Conference,Patchogue,New York,Ben Donahue,MB,Sophomore,2028
SUNY Buffalo State University.,NCAA Division III,State University of New York Athletic Conference ,Buffalo,New York,Brady Bowman,OH/L,Sophomore,2028
SUNY Buffalo State University.,NCAA Division III,State University of New York Athletic Conference ,Buffalo,New York,Dom Schiavitti,L,Junior,2027
SUNY Buffalo State University.,NCAA Division III,State University of New York Athletic Conference ,Buffalo,New York,Jackson Stang,S,Junior,2027
SUNY Buffalo State University.,NCAA Division III,State University of New York Athletic Conference ,Buffalo,New York,Kaden Strong,MB,Junior,2027
SUNY Buffalo State University.,NCAA Division III,State University of New York Athletic Conference ,Buffalo,New York,Caleb Smith,OH,Freshman,2029
SUNY Buffalo State University.,NCAA Division III,State University of New York Athletic Conference ,Buffalo,New York,Kieran Eagen,OPP,Sophomore,2028
SUNY Buffalo State University.,NCAA Division III,State University of New York Athletic Conference ,Buffalo,New York,DeAngelo D'Aloise,OH/L,Sophomore,2028
SUNY Buffalo State University.,NCAA Division III,State University of New York Athletic Conference ,Buffalo,New York,Ke'Vaun Callier,OPP,Freshman,2029
SUNY Buffalo State University.,NCAA Division III,State University of New York Athletic Conference ,Buffalo,New York,Gavin Wilczewski,OH,Junior,2027
SUNY Buffalo State University.,NCAA Division III,State University of New York Athletic Conference ,Buffalo,New York,Drew Bowman,S,Sophomore,2028
SUNY Buffalo State University.,NCAA Division III,State University of New York Athletic Conference ,Buffalo,New York,Caden Crosier,OPP/OH,Junior,2027
SUNY Buffalo State University.,NCAA Division III,State University of New York Athletic Conference ,Buffalo,New York,Kellen Palmer,MB,Freshman,2029
SUNY Buffalo State University.,NCAA Division III,State University of New York Athletic Conference ,Buffalo,New York,Colton Brown,OPP,Freshman,2029
SUNY Buffalo State University.,NCAA Division III,State University of New York Athletic Conference ,Buffalo,New York,Ben Malicki,L/S,Senior,2026
SUNY Buffalo State University.,NCAA Division III,State University of New York Athletic Conference ,Buffalo,New York,Xzavier Vanderstouw,L/OH,Sophomore,2028
SUNY Buffalo State University.,NCAA Division III,State University of New York Athletic Conference ,Buffalo,New York,Sean Berrios,MB,Freshman,2029
SUNY Buffalo State University.,NCAA Division III,State University of New York Athletic Conference ,Buffalo,New York,Jamie Courtright,OPP,Graduate Student,2026
SUNY Buffalo State University.,NCAA Division III,State University of New York Athletic Conference ,Buffalo,New York,Hayden McCue,MB,Junior,2027
SUNY College at Old Westbury,NCAA Division III,State University of New York Athletic Conference ,Potsdam,New York,Kevin Alarcon,DS/L,Sophomore,2028
SUNY College at Old Westbury,NCAA Division III,State University of New York Athletic Conference ,Potsdam,New York,Ashel Santos,OH/S,Senior,2026
SUNY College at Old Westbury,NCAA Division III,State University of New York Athletic Conference ,Potsdam,New York,Lucas Rogers,S,Freshman,2029
SUNY College at Old Westbury,NCAA Division III,State University of New York Athletic Conference ,Potsdam,New York,Stephen Gilmartin,DS,Junior,2027
SUNY College at Old Westbury,NCAA Division III,State University of New York Athletic Conference ,Potsdam,New York,Torrence Fredericks,MB/OH,Sophomore,2028
SUNY College at Old Westbury,NCAA Division III,State University of New York Athletic Conference ,Potsdam,New York,Luke Vetack,MB,Freshman,2029
SUNY College at Old Westbury,NCAA Division III,State University of New York Athletic Conference ,Potsdam,New York,Jason Giles,MB,Freshman,2029
SUNY College at Old Westbury,NCAA Division III,State University of New York Athletic Conference ,Potsdam,New York,Damian Villamil,OH,Sophomore,2028
SUNY College at Old Westbury,NCAA Division III,State University of New York Athletic Conference ,Potsdam,New York,Kyle Singh-Gajadar,S,Junior,2027
SUNY College at Old Westbury,NCAA Division III,State University of New York Athletic Conference ,Potsdam,New York,Jonathan Jimenez,N/A,Freshman,2029
SUNY College at Old Westbury,NCAA Division III,State University of New York Athletic Conference ,Potsdam,New York,Julius Morales,OH/OPP,Freshman,2029
SUNY College at Old Westbury,NCAA Division III,State University of New York Athletic Conference ,Potsdam,New York,Shane Kielb,OPP/MB,Sophomore,2028
SUNY New Paltz,NCAA Division III,State University of New York Athletic Conference ,New Paltz,New York,Luke Hofer,L,Senior,2026
SUNY New Paltz,NCAA Division III,State University of New York Athletic Conference ,New Paltz,New York,Max DeBonis,L,Sophomore,2028
SUNY New Paltz,NCAA Division III,State University of New York Athletic Conference ,New Paltz,New York,Daniel Shanley,S,Senior,2026
SUNY New Paltz,NCAA Division III,State University of New York Athletic Conference ,New Paltz,New York,Matt Teplansky,OPP,Senior,2026
SUNY New Paltz,NCAA Division III,State University of New York Athletic Conference ,New Paltz,New York,Peter Brutschin,MB,Sophomore,2028
SUNY New Paltz,NCAA Division III,State University of New York Athletic Conference ,New Paltz,New York,Michael Spiegel,OPP,Junior,2027
SUNY New Paltz,NCAA Division III,State University of New York Athletic Conference ,New Paltz,New York,Geoff Ndoria,OH,Junior,2027
SUNY New Paltz,NCAA Division III,State University of New York Athletic Conference ,New Paltz,New York,Artair Kayser,MB,Sophomore,2028
SUNY New Paltz,NCAA Division III,State University of New York Athletic Conference ,New Paltz,New York,Nikko Tenedorio,OH,Sophomore,2028
SUNY New Paltz,NCAA Division III,State University of New York Athletic Conference ,New Paltz,New York,Krish Jain,MB,Senior,2026
SUNY New Paltz,NCAA Division III,State University of New York Athletic Conference ,New Paltz,New York,Tristan Rezza,MB,Sophomore,2028
SUNY New Paltz,NCAA Division III,State University of New York Athletic Conference ,New Paltz,New York,Mike Handell,MB,Senior,2026
SUNY New Paltz,NCAA Division III,State University of New York Athletic Conference ,New Paltz,New York,Brady Cascone,OH,Sophomore,2028
SUNY New Paltz,NCAA Division III,State University of New York Athletic Conference ,New Paltz,New York,John Giotis,OH,Freshman,2029
SUNY New Paltz,NCAA Division III,State University of New York Athletic Conference ,New Paltz,New York,Matt Marusza,S,Junior,2027
SUNY New Paltz,NCAA Division III,State University of New York Athletic Conference ,New Paltz,New York,Carl Clarke,OH,Sophomore,2028
SUNY New Paltz,NCAA Division III,State University of New York Athletic Conference ,New Paltz,New York,Matt Kudlinski,OH/OPP,Junior,2027
SUNY New Paltz,NCAA Division III,State University of New York Athletic Conference ,New Paltz,New York,Ethan Murray,OH,Freshman,2029
SUNY Polytechnic Institute,NCAA Division III,North Atlantic Conference,Utica,New York,Connor McDarby,OPP,Freshman,2029
SUNY Polytechnic Institute,NCAA Division III,North Atlantic Conference,Utica,New York,Nathan Zuber,L,Junior,2027
SUNY Polytechnic Institute,NCAA Division III,North Atlantic Conference,Utica,New York,Peter Gottler,OH,Senior,2026
SUNY Polytechnic Institute,NCAA Division III,North Atlantic Conference,Utica,New York,Joshua Slater,S,Senior,2026
SUNY Polytechnic Institute,NCAA Division III,North Atlantic Conference,Utica,New York,Eben Krein,S,Freshman,2029
SUNY Polytechnic Institute,NCAA Division III,North Atlantic Conference,Utica,New York,Forest Chaput,L/DS,Senior,2026
SUNY Polytechnic Institute,NCAA Division III,North Atlantic Conference,Utica,New York,Thomas McNulty,L,Senior,2026
SUNY Polytechnic Institute,NCAA Division III,North Atlantic Conference,Utica,New York,Dylan Wharton,MB,Freshman,2029
SUNY Polytechnic Institute,NCAA Division III,North Atlantic Conference,Utica,New York,Aaron Hennessy,OPP,Junior,2027
SUNY Polytechnic Institute,NCAA Division III,North Atlantic Conference,Utica,New York,Quincy Stayton,OH,Freshman,2029
SUNY Polytechnic Institute,NCAA Division III,North Atlantic Conference,Utica,New York,Aiden Passmore,OH,Sophomore,2028
SUNY Polytechnic Institute,NCAA Division III,North Atlantic Conference,Utica,New York,Derek Gottler,OH,Sophomore,2028
SUNY Polytechnic Institute,NCAA Division III,North Atlantic Conference,Utica,New York,Corey Hollingsworth,OH/DS,Sophomore,2028
SUNY Polytechnic Institute,NCAA Division III,North Atlantic Conference,Utica,New York,Jordan Prusky,MB,Freshman,2029
SUNY Polytechnic Institute,NCAA Division III,North Atlantic Conference,Utica,New York,Andrew Baaki,MB,Sophomore,2028
SUNY Polytechnic Institute,NCAA Division III,North Atlantic Conference,Utica,New York,Kaiden Ranger,MB,Sophomore,2028
SUNY Polytechnic Institute,NCAA Division III,North Atlantic Conference,Utica,New York,Jacob Svara,OH,Freshman,2029
SUNY Polytechnic Institute,NCAA Division III,North Atlantic Conference,Utica,New York,Joe Rehbit,S,Freshman,2029
SUNY Polytechnic Institute,NCAA Division III,North Atlantic Conference,Utica,New York,Vincenzo Geloso,OPP,Freshman,2029
SUNY Potsdam,NCAA Division III,State University of New York Athletic Conference ,Potsdam,New York,Alex Lombardo,S,Junior,2027
SUNY Potsdam,NCAA Division III,State University of New York Athletic Conference ,Potsdam,New York,Alexander Bholasing,OH,Sophomore,2028
SUNY Potsdam,NCAA Division III,State University of New York Athletic Conference ,Potsdam,New York,Duncan Tenhagen,OH,Senior,2026
SUNY Potsdam,NCAA Division III,State University of New York Athletic Conference ,Potsdam,New York,Rowan Root,L,Freshman,2029
SUNY Potsdam,NCAA Division III,State University of New York Athletic Conference ,Potsdam,New York,Jesse Schwartz,OH,Junior,2027
SUNY Potsdam,NCAA Division III,State University of New York Athletic Conference ,Potsdam,New York,Calum Anderson,OH/L,Junior,2027
SUNY Potsdam,NCAA Division III,State University of New York Athletic Conference ,Potsdam,New York,Shane Goldberg,S,Freshman,2029
SUNY Potsdam,NCAA Division III,State University of New York Athletic Conference ,Potsdam,New York,Matt Kilinski,MB/OPP,Graduate Student,2026
SUNY Potsdam,NCAA Division III,State University of New York Athletic Conference ,Potsdam,New York,Liam Yusko,OPP,Sophomore,2028
SUNY Potsdam,NCAA Division III,State University of New York Athletic Conference ,Potsdam,New York,Mike Kilinski,MB,Senior,2026
SUNY Potsdam,NCAA Division III,State University of New York Athletic Conference ,Potsdam,New York,Jonathan Kang,OH,Freshman,2029
SUNY Potsdam,NCAA Division III,State University of New York Athletic Conference ,Potsdam,New York,Brayden Kilinski,OPP/OH,Freshman,2029
SUNY Potsdam,NCAA Division III,State University of New York Athletic Conference ,Potsdam,New York,Connor McGovern,MB,Junior,2027
SUNY Potsdam,NCAA Division III,State University of New York Athletic Conference ,Potsdam,New York,Benson Jovel-Truong,OPP,Junior,2027
SUNY Potsdam,NCAA Division III,State University of New York Athletic Conference ,Potsdam,New York,Jack Orrange,MB,Junior,2027
SUNY Potsdam,NCAA Division III,State University of New York Athletic Conference ,Potsdam,New York,Dylan Murray,OH,Junior,2027
SUNY Purchase College,NCAA Division III,Skyline Conference,Purchase,New York,Jael Martinez,OH,Junior,2027
SUNY Purchase College,NCAA Division III,Skyline Conference,Purchase,New York,Matthew Ortiz,OH/OPP,Junior,2027
SUNY Purchase College,NCAA Division III,Skyline Conference,Purchase,New York,Hector Ruiz,OH/L,Sophomore,2028
SUNY Purchase College,NCAA Division III,Skyline Conference,Purchase,New York,Terry Bruno,MB,Freshman,2029
SUNY Purchase College,NCAA Division III,Skyline Conference,Purchase,New York,Joey Toscano,L/OH,Sophomore,2028
SUNY Purchase College,NCAA Division III,Skyline Conference,Purchase,New York,Luca Valeriano,OPP,Freshman,2029
SUNY Purchase College,NCAA Division III,Skyline Conference,Purchase,New York,Danny Kanner,S/OPP,Freshman,2029
SUNY Purchase College,NCAA Division III,Skyline Conference,Purchase,New York,Joey Dwyer,OH,Freshman,2029
SUNY Purchase College,NCAA Division III,Skyline Conference,Purchase,New York,Tae Rice,DS/L,Junior,2027
SUNY Purchase College,NCAA Division III,Skyline Conference,Purchase,New York,Kayden Grisham,MB/OPP,Freshman,2029
SUNY Purchase College,NCAA Division III,Skyline Conference,Purchase,New York,Anthony Pabellon,OH/DS,Freshman,2029
SUNY Purchase College,NCAA Division III,Skyline Conference,Purchase,New York,Julai Rawlins,MB,Freshman,2029
SUNY Purchase College,NCAA Division III,Skyline Conference,Purchase,New York,Joseph Ng,S/DS,Freshman,2029
SUNY Purchase College,NCAA Division III,Skyline Conference,Purchase,New York,Udel Phillips,MB,Junior,2027
SUNY Purchase College,NCAA Division III,Skyline Conference,Purchase,New York,Gregory Espinal,OH,Freshman,2029
SUNY Purchase College,NCAA Division III,Skyline Conference,Purchase,New York,Scott Rogers,L/DS,Sophomore,2028
SUNY Purchase College,NCAA Division III,Skyline Conference,Purchase,New York,Richie Walker,DS/L,Freshman,2029
SUNY Purchase College,NCAA Division III,Skyline Conference,Purchase,New York,Bennett Turner,MB,Freshman,2029
The City College of New York,NCAA Division III,City University of New York Athletic Conference,New York,New York,Nana Boateng,OH,Sophomore,2028
The City College of New York,NCAA Division III,City University of New York Athletic Conference,New York,New York,Adrian Campos Ponce,S,Freshman,2029
The City College of New York,NCAA Division III,City University of New York Athletic Conference,New York,New York,Diangelo Arias,DS/OH,Freshman,2029
The City College of New York,NCAA Division III,City University of New York Athletic Conference,New York,New York,Gabriel Linus,OPP/OH,Sophomore,2028
The City College of New York,NCAA Division III,City University of New York Athletic Conference,New York,New York,Moustafa Elsabagh,OH/MB,Freshman,2029
The City College of New York,NCAA Division III,City University of New York Athletic Conference,New York,New York,Antonio Oliveira-Nurse,MB,Graduate Student,2026
The City College of New York,NCAA Division III,City University of New York Athletic Conference,New York,New York,Bosco Dong,OH/DS,Freshman,2029
The City College of New York,NCAA Division III,City University of New York Athletic Conference,New York,New York,Alex Abraham,OH,Freshman,2029
The City College of New York,NCAA Division III,City University of New York Athletic Conference,New York,New York,Amir Nabiyev,OH/OPP,Freshman,2029
The City College of New York,NCAA Division III,City University of New York Athletic Conference,New York,New York,Brandon Green,MB,Junior,2027
The City College of New York,NCAA Division III,City University of New York Athletic Conference,New York,New York,Roman Dishmey,OH,Freshman,2029
The City College of New York,NCAA Division III,City University of New York Athletic Conference,New York,New York,Nheil Mortega,L/S,Freshman,2029
The City College of New York,NCAA Division III,City University of New York Athletic Conference,New York,New York,Alex Ortiz Mondragon,MB,Freshman,2029
The City College of New York,NCAA Division III,City University of New York Athletic Conference,New York,New York,Kyrylo Vysotskyy,S,Junior,2027
The City College of New York,NCAA Division III,City University of New York Athletic Conference,New York,New York,Ruben Santiago,S,Freshman,2029
The City College of New York,NCAA Division III,City University of New York Athletic Conference,New York,New York,Mahmoud Tayeh,MB,Sophomore,2028
University of Mount Saint Vincent,NCAA Division III,Conference Carolinas,Bronx,New York,Ethan Castro,OH/DS,Sophomore,2028
University of Mount Saint Vincent,NCAA Division III,Conference Carolinas,Bronx,New York,Terrence Short,OH/OPP,Sophomore,2028
University of Mount Saint Vincent,NCAA Division III,Conference Carolinas,Bronx,New York,Christian Ferrer,S,Freshman,2029
University of Mount Saint Vincent,NCAA Division III,Conference Carolinas,Bronx,New York,Yestro Luciano Jr.,MB,Junior,2027
University of Mount Saint Vincent,NCAA Division III,Conference Carolinas,Bronx,New York,Luis Urtarte,MB/OPP,Sophomore,2028
University of Mount Saint Vincent,NCAA Division III,Conference Carolinas,Bronx,New York,Jose Dominguez,OH/OPP,Freshman,2029
University of Mount Saint Vincent,NCAA Division III,Conference Carolinas,Bronx,New York,Matthew Barrancos,S,Senior,2026
University of Mount Saint Vincent,NCAA Division III,Conference Carolinas,Bronx,New York,Sean Schools,OH,Senior,2026
University of Mount Saint Vincent,NCAA Division III,Conference Carolinas,Bronx,New York,Roel Lucero,L/DS,Freshman,2029
University of Mount Saint Vincent,NCAA Division III,Conference Carolinas,Bronx,New York,Tyler Hanna,MB,Sophomore,2028
University of Mount Saint Vincent,NCAA Division III,Conference Carolinas,Bronx,New York,Raeden Nieves,OH/OPP,Freshman,2029
University of Mount Saint Vincent,NCAA Division III,Conference Carolinas,Bronx,New York,Miguel Calderon,L/DS,Sophomore,2028
University of Mount Saint Vincent,NCAA Division III,Conference Carolinas,Bronx,New York,Quinn Hohbein,L/DS,Freshman,2029
University of Mount Saint Vincent,NCAA Division III,Conference Carolinas,Bronx,New York,Brandon Zabolotsky,DS,Freshman,2029
University of Mount Saint Vincent,NCAA Division III,Conference Carolinas,Bronx,New York,Nathaniel Sealy,DS,Freshman,2029
University of Mount Saint Vincent,NCAA Division III,Conference Carolinas,Bronx,New York,Miguel Fierro,DS,Junior,2027
Vassar College,NCAA Division III,Liberty League,Poughkeepsie,New York,Peter Krackeler,OH,Freshman,2029
Vassar College,NCAA Division III,Liberty League,Poughkeepsie,New York,Carroll Jenkins,OPP,Freshman,2029
Vassar College,NCAA Division III,Liberty League,Poughkeepsie,New York,Tucker Shearn,L,Junior,2027
Vassar College,NCAA Division III,Liberty League,Poughkeepsie,New York,Parker Schoenl,S,Junior,2027
Vassar College,NCAA Division III,Liberty League,Poughkeepsie,New York,Enzo Bertini,OH,Junior,2027
Vassar College,NCAA Division III,Liberty League,Poughkeepsie,New York,Darwin Davis,OH,Freshman,2029
Vassar College,NCAA Division III,Liberty League,Poughkeepsie,New York,Casey McMenamin,L,Senior,2026
Vassar College,NCAA Division III,Liberty League,Poughkeepsie,New York,Henry Bonney,OPP,Sophomore,2028
Vassar College,NCAA Division III,Liberty League,Poughkeepsie,New York,Shawn Zheng,OH,Sophomore,2028
Vassar College,NCAA Division III,Liberty League,Poughkeepsie,New York,Walter Birnbaum,OH,Junior,2027
Vassar College,NCAA Division III,Liberty League,Poughkeepsie,New York,Mason Cochran,MB,Freshman,2029
Vassar College,NCAA Division III,Liberty League,Poughkeepsie,New York,Armaan Desai,MB,Junior,2027
Vassar College,NCAA Division III,Liberty League,Poughkeepsie,New York,Cannon Tucker,OPP,Senior,2026
Vassar College,NCAA Division III,Liberty League,Poughkeepsie,New York,Doug Chandler,MB,Senior,2026
Vassar College,NCAA Division III,Liberty League,Poughkeepsie,New York,George Idowu,MB,Freshman,2029
Vassar College,NCAA Division III,Liberty League,Poughkeepsie,New York,James Zuckerman,MB,Senior,2026
Vassar College,NCAA Division III,Liberty League,Poughkeepsie,New York,Petar Miocinovic,OH,Sophomore,2028
Vassar College,NCAA Division III,Liberty League,Poughkeepsie,New York,Stuart Dow,MB,Sophomore,2028
Vassar College,NCAA Division III,Liberty League,Poughkeepsie,New York,Kaden Chen,S,Freshman,2029
Vassar College,NCAA Division III,Liberty League,Poughkeepsie,New York,Ari Canahuati,DS,Freshman,2029
Vassar College,NCAA Division III,Liberty League,Poughkeepsie,New York,Matthew Leger,DS,Freshman,2029
Yeshiva University,NCAA Division III,Skyline Conference,New York,New York,Ari Shklyar,MB,Senior,2026
Yeshiva University,NCAA Division III,Skyline Conference,New York,New York,Yoni Rubin,L,Senior,2026
Yeshiva University,NCAA Division III,Skyline Conference,New York,New York,David Deutsch,OPP,Senior,2026
Yeshiva University,NCAA Division III,Skyline Conference,New York,New York,Sean Felderman,OH/MB,Sophomore,2028
Yeshiva University,NCAA Division III,Skyline Conference,New York,New York,Asher Sasin,OH/DS,Sophomore,2028
Yeshiva University,NCAA Division III,Skyline Conference,New York,New York,Eli Waxman,S,Senior,2026
Yeshiva University,NCAA Division III,Skyline Conference,New York,New York,Noam Narrowe,OH,Senior,2026
Yeshiva University,NCAA Division III,Skyline Conference,New York,New York,Amiti Trabelsi,OH,Junior,2027
Yeshiva University,NCAA Division III,Skyline Conference,New York,New York,Judah Frohlich,MB,Sophomore,2028
Yeshiva University,NCAA Division III,Skyline Conference,New York,New York,Maurice Nsiri,MB,Junior,2027
Yeshiva University,NCAA Division III,Skyline Conference,New York,New York,Massimo Bertini,MB,Senior,2026
Yeshiva University,NCAA Division III,Skyline Conference,New York,New York,Jarrett Lazarus,OH,Senior,2026
Yeshiva University,NCAA Division III,Skyline Conference,New York,New York,Mateusz Karpow,OPP,Junior,2027
Yeshiva University,NCAA Division III,Skyline Conference,New York,New York,Gabe Simon-Hakalir,DS,Junior,2027
Yeshiva University,NCAA Division III,Skyline Conference,New York,New York,Alex Kirievsky,MB,Freshman,2029
Yeshiva University,NCAA Division III,Skyline Conference,New York,New York,Peter Osen,OH,Senior,2026
Yeshiva University,NCAA Division III,Skyline Conference,New York,New York,Eli Mizrahi,N/A,Freshman,2029
York College,NCAA Division III,City University of New York Athletic Conference,York,Nebraska,Jesus Gomez,S,Freshman,2029
York College,NCAA Division III,City University of New York Athletic Conference,York,Nebraska,Enmanuel Guzman Urena,L,Freshman,2029
York College,NCAA Division III,City University of New York Athletic Conference,York,Nebraska,Bryan Godette,OH/MB,Freshman,2029
York College,NCAA Division III,City University of New York Athletic Conference,York,Nebraska,Brian Kim,OH/OPP,Freshman,2029
York College,NCAA Division III,City University of New York Athletic Conference,York,Nebraska,Han-Ming Mei,MB,Freshman,2029
York College,NCAA Division III,City University of New York Athletic Conference,York,Nebraska,Alexis Ramirez,OH/OPP,Junior,2027
York College,NCAA Division III,City University of New York Athletic Conference,York,Nebraska,George Molina,OPP,Junior,2027
York College,NCAA Division III,City University of New York Athletic Conference,York,Nebraska,Samiir Idlet,L,Freshman,2029
York College,NCAA Division III,City University of New York Athletic Conference,York,Nebraska,Keron Antoine,OPP/MB,Freshman,2029
York College,NCAA Division III,City University of New York Athletic Conference,York,Nebraska,Shady Kalil,OH,Freshman,2029
Warren Wilson College,NCAA Division III,Coast-to-Coast Athletic Conference,Swannanoa,North Carolina,Steve Moodie,MB,Freshman,2029
Warren Wilson College,NCAA Division III,Coast-to-Coast Athletic Conference,Swannanoa,North Carolina,Jahmari Hutchinson,DS/L,Freshman,2029
Warren Wilson College,NCAA Division III,Coast-to-Coast Athletic Conference,Swannanoa,North Carolina,Jaime Millan,DS/L,Freshman,2029
Warren Wilson College,NCAA Division III,Coast-to-Coast Athletic Conference,Swannanoa,North Carolina,William Bush,OH,Junior,2027
Warren Wilson College,NCAA Division III,Coast-to-Coast Athletic Conference,Swannanoa,North Carolina,Kaiyan Ivey,S,Freshman,2029
Warren Wilson College,NCAA Division III,Coast-to-Coast Athletic Conference,Swannanoa,North Carolina,Christian Gall,MB,Sophomore,2028
Warren Wilson College,NCAA Division III,Coast-to-Coast Athletic Conference,Swannanoa,North Carolina,RJ Daly,OH,Sophomore,2028
Warren Wilson College,NCAA Division III,Coast-to-Coast Athletic Conference,Swannanoa,North Carolina,Tucker Jeffrey,MB,Sophomore,2028
Warren Wilson College,NCAA Division III,Coast-to-Coast Athletic Conference,Swannanoa,North Carolina,Gabriel Farrai,OH/OPP,Freshman,2029
Warren Wilson College,NCAA Division III,Coast-to-Coast Athletic Conference,Swannanoa,North Carolina,Lleyton Starke,OH/OPP,Freshman,2029
Warren Wilson College,NCAA Division III,Coast-to-Coast Athletic Conference,Swannanoa,North Carolina,Archie Evans,MB,Freshman,2029
Warren Wilson College,NCAA Division III,Coast-to-Coast Athletic Conference,Swannanoa,North Carolina,Izayah Thomas,MB,Freshman,2029
William Peace University,NCAA Division III,USA South Athletic Conference,Raleigh,North Carolina,[FLAG] 2026-27 Inaugural Season; Currently Recruiting,N/A,N/A,N/A
Baldwin Wallace University,NCAA Division III,Ohio Athletic Conference,Berea,Ohio,Wyatt Killock,MB,Freshman,2029
Baldwin Wallace University,NCAA Division III,Ohio Athletic Conference,Berea,Ohio,David Abercrombie,L,Sophomore,2028
Baldwin Wallace University,NCAA Division III,Ohio Athletic Conference,Berea,Ohio,Tyler Harrington,OH,Freshman,2029
Baldwin Wallace University,NCAA Division III,Ohio Athletic Conference,Berea,Ohio,Tyler Schunk,OH,Freshman,2029
Baldwin Wallace University,NCAA Division III,Ohio Athletic Conference,Berea,Ohio,Jack Sullenberger,L,Junior,2027
Baldwin Wallace University,NCAA Division III,Ohio Athletic Conference,Berea,Ohio,Aiden Kim,L/DS,Senior,2026
Baldwin Wallace University,NCAA Division III,Ohio Athletic Conference,Berea,Ohio,Ethan Gundrum,S,Freshman,2029
Baldwin Wallace University,NCAA Division III,Ohio Athletic Conference,Berea,Ohio,David Thompson,OH,Freshman,2029
Baldwin Wallace University,NCAA Division III,Ohio Athletic Conference,Berea,Ohio,Owen Huynh,OH,Junior,2027
Baldwin Wallace University,NCAA Division III,Ohio Athletic Conference,Berea,Ohio,Colby Whiteside,MB,Senior,2026
Baldwin Wallace University,NCAA Division III,Ohio Athletic Conference,Berea,Ohio,Josh Steinitz,MB,Senior,2026
Baldwin Wallace University,NCAA Division III,Ohio Athletic Conference,Berea,Ohio,Michael Mihalov,MB,Junior,2027
Baldwin Wallace University,NCAA Division III,Ohio Athletic Conference,Berea,Ohio,Drew Jurcago,OPP,Sophomore,2028
Baldwin Wallace University,NCAA Division III,Ohio Athletic Conference,Berea,Ohio,Daniel Latham,OH,Junior,2027
Baldwin Wallace University,NCAA Division III,Ohio Athletic Conference,Berea,Ohio,Bobby Mayberry,MB,Junior,2027
Baldwin Wallace University,NCAA Division III,Ohio Athletic Conference,Berea,Ohio,Griffin Zgoda,OH,Freshman,2029
Baldwin Wallace University,NCAA Division III,Ohio Athletic Conference,Berea,Ohio,Jacob Esteves,OPP,Junior,2027
Franciscan University of Steubenville,NCAA Division III,Presidents Athletic Conference,Steubenville,Ohio,[FLAG] 2026-27 Inaugural Season; Currently Recruiting,N/A,N/A,N/A
Hiram College,NCAA Division III,North Coast Athletic Conference,Hiram,Ohio,Julian Singles-Torres,OH/DS,Sophomore,2028
Hiram College,NCAA Division III,North Coast Athletic Conference,Hiram,Ohio,Logan Cabrera-Rosales,DS/L,Senior,2026
Hiram College,NCAA Division III,North Coast Athletic Conference,Hiram,Ohio,Kekoa Tani,S/OPP,Freshman,2029
Hiram College,NCAA Division III,North Coast Athletic Conference,Hiram,Ohio,Emilio Largaespada,MB/OPP,Freshman,2029
Hiram College,NCAA Division III,North Coast Athletic Conference,Hiram,Ohio,Gavin Stewart,OH/OPP,Freshman,2029
Hiram College,NCAA Division III,North Coast Athletic Conference,Hiram,Ohio,Sam Noel,MB,Freshman,2029
Hiram College,NCAA Division III,North Coast Athletic Conference,Hiram,Ohio,Harry Soriano,DS/L,Sophomore,2028
Hiram College,NCAA Division III,North Coast Athletic Conference,Hiram,Ohio,Cullen Sivak,OH/OPP,Senior,2026
Hiram College,NCAA Division III,North Coast Athletic Conference,Hiram,Ohio,Colin Brooks,OPP/MB,Senior,2026
Hiram College,NCAA Division III,North Coast Athletic Conference,Hiram,Ohio,Liam Dwyer,MB/OPP,Freshman,2029
Hiram College,NCAA Division III,North Coast Athletic Conference,Hiram,Ohio,Dakotah Welsh,L,Junior,2027
Hiram College,NCAA Division III,North Coast Athletic Conference,Hiram,Ohio,Darren Chiang,S,Junior,2027
Hiram College,NCAA Division III,North Coast Athletic Conference,Hiram,Ohio,Derek Chiang,OH/OPP,Senior,2026
Mount St. Joseph University,NCAA Division III,Heartland Collegiate Athletic Conference,Cincinnati,Ohio,Will Croft,S,Freshman,2029
Mount St. Joseph University,NCAA Division III,Heartland Collegiate Athletic Conference,Cincinnati,Ohio,Brayden Bass,S,Sophomore,2028
Mount St. Joseph University,NCAA Division III,Heartland Collegiate Athletic Conference,Cincinnati,Ohio,Austin Barton,OPP,Junior,2027
Mount St. Joseph University,NCAA Division III,Heartland Collegiate Athletic Conference,Cincinnati,Ohio,JJ Rennekamp,OH,Senior,2026
Mount St. Joseph University,NCAA Division III,Heartland Collegiate Athletic Conference,Cincinnati,Ohio,Sean Murray,DS,Sophomore,2028
Mount St. Joseph University,NCAA Division III,Heartland Collegiate Athletic Conference,Cincinnati,Ohio,Luke Dwire,OPP,Senior,2026
Mount St. Joseph University,NCAA Division III,Heartland Collegiate Athletic Conference,Cincinnati,Ohio,Jimmy Steinriede,MB,Freshman,2029
Mount St. Joseph University,NCAA Division III,Heartland Collegiate Athletic Conference,Cincinnati,Ohio,Carson Reed,OH,Sophomore,2028
Mount St. Joseph University,NCAA Division III,Heartland Collegiate Athletic Conference,Cincinnati,Ohio,Jake Scherpenberg,DS,Freshman,2029
Mount St. Joseph University,NCAA Division III,Heartland Collegiate Athletic Conference,Cincinnati,Ohio,Jack Priestland,OH,Freshman,2029
Mount St. Joseph University,NCAA Division III,Heartland Collegiate Athletic Conference,Cincinnati,Ohio,Jude Lewis,OH,Senior,2026
Mount St. Joseph University,NCAA Division III,Heartland Collegiate Athletic Conference,Cincinnati,Ohio,Jonathan Schutte,OH,Sophomore,2028
Mount St. Joseph University,NCAA Division III,Heartland Collegiate Athletic Conference,Cincinnati,Ohio,Nicholas Shellman,DS,Senior,2026
Mount St. Joseph University,NCAA Division III,Heartland Collegiate Athletic Conference,Cincinnati,Ohio,Roger Wilcox,MB,Junior,2027
University of Mount Union,NCAA Division III,Ohio Athletic Conference,Alliance,Ohio,Jack Brown,S,Sophomore,2028
University of Mount Union,NCAA Division III,Ohio Athletic Conference,Alliance,Ohio,Brycen Colombo,OH/DS,Freshman,2029
University of Mount Union,NCAA Division III,Ohio Athletic Conference,Alliance,Ohio,Parker Hanson,OH/DS,Freshman,2029
University of Mount Union,NCAA Division III,Ohio Athletic Conference,Alliance,Ohio,Sam Morrison,OH,Freshman,2029
University of Mount Union,NCAA Division III,Ohio Athletic Conference,Alliance,Ohio,Maddox Snyder,OH,Sophomore,2028
University of Mount Union,NCAA Division III,Ohio Athletic Conference,Alliance,Ohio,Peyton Koszelak,L,Junior,2027
University of Mount Union,NCAA Division III,Ohio Athletic Conference,Alliance,Ohio,Brysen Armstrong,MB/OPP,Freshman,2029
University of Mount Union,NCAA Division III,Ohio Athletic Conference,Alliance,Ohio,Isaiah Vega,OPP,Freshman,2029
University of Mount Union,NCAA Division III,Ohio Athletic Conference,Alliance,Ohio,Michael Bowler,MB,Senior,2026
University of Mount Union,NCAA Division III,Ohio Athletic Conference,Alliance,Ohio,Bryce Dillard,MB,Sophomore,2028
University of Mount Union,NCAA Division III,Ohio Athletic Conference,Alliance,Ohio,Luke Pemberton,OH,Freshman,2029
University of Mount Union,NCAA Division III,Ohio Athletic Conference,Alliance,Ohio,Brandon Cabrera,DS,Freshman,2029
University of Mount Union,NCAA Division III,Ohio Athletic Conference,Alliance,Ohio,Ryan Lippert,OPP,Freshman,2029
University of Mount Union,NCAA Division III,Ohio Athletic Conference,Alliance,Ohio,Justin Dickson,MB,Sophomore,2028
University of Mount Union,NCAA Division III,Ohio Athletic Conference,Alliance,Ohio,Justin Peters,S,Freshman,2029
University of Mount Union,NCAA Division III,Ohio Athletic Conference,Alliance,Ohio,Kellen Ball,MB,Freshman,2029
University of Mount Union,NCAA Division III,Ohio Athletic Conference,Alliance,Ohio,Owen Geissman,OH,Sophomore,2028
University of Mount Union,NCAA Division III,Ohio Athletic Conference,Alliance,Ohio,Ike Patton,OH,Freshman,2029
University of Mount Union,NCAA Division III,Ohio Athletic Conference,Alliance,Ohio,Beckham Heller,DS,Sophomore,2028
University of Mount Union,NCAA Division III,Ohio Athletic Conference,Alliance,Ohio,Carson Jeffers,MB,Sophomore,2028
University of Mount Union,NCAA Division III,Ohio Athletic Conference,Alliance,Ohio,Drew Stein,S,Freshman,2029
Wittenberg University,NCAA Division III,North Coast Athletic Conference,Springfield,Ohio,Eli Halverson,OH,Senior,2026
Wittenberg University,NCAA Division III,North Coast Athletic Conference,Springfield,Ohio,Aidan Cunningham,OH,Sophomore,2028
Wittenberg University,NCAA Division III,North Coast Athletic Conference,Springfield,Ohio,Carson Hill,S,Sophomore,2028
Wittenberg University,NCAA Division III,North Coast Athletic Conference,Springfield,Ohio,Jake Schawo-McAlister,S,Graduate Student,2026
Wittenberg University,NCAA Division III,North Coast Athletic Conference,Springfield,Ohio,Noah Vencill,L,Freshman,2029
Wittenberg University,NCAA Division III,North Coast Athletic Conference,Springfield,Ohio,Ian Dawson,OH,Sophomore,2028
Wittenberg University,NCAA Division III,North Coast Athletic Conference,Springfield,Ohio,Gavin Hagerty,S,Sophomore,2028
Wittenberg University,NCAA Division III,North Coast Athletic Conference,Springfield,Ohio,Michael Yurk,OH,Senior,2026
Wittenberg University,NCAA Division III,North Coast Athletic Conference,Springfield,Ohio,Jake Downs,L,Senior,2026
Wittenberg University,NCAA Division III,North Coast Athletic Conference,Springfield,Ohio,Kyle Roney,OH,Freshman,2029
Wittenberg University,NCAA Division III,North Coast Athletic Conference,Springfield,Ohio,Trajan Kress,OH,Senior,2026
Wittenberg University,NCAA Division III,North Coast Athletic Conference,Springfield,Ohio,Harrison Mitchell,OH/MB,Sophomore,2028
Wittenberg University,NCAA Division III,North Coast Athletic Conference,Springfield,Ohio,Landon Wood,OPP,Freshman,2029
Wittenberg University,NCAA Division III,North Coast Athletic Conference,Springfield,Ohio,Zach Newton,OPP,Sophomore,2028
Wittenberg University,NCAA Division III,North Coast Athletic Conference,Springfield,Ohio,Reese Monnin,MB,Junior,2027
Wittenberg University,NCAA Division III,North Coast Athletic Conference,Springfield,Ohio,Greg Efaw,MB,Senior,2026
Wittenberg University,NCAA Division III,North Coast Athletic Conference,Springfield,Ohio,Anthony Carpenter,MB,Junior,2027
Wittenberg University,NCAA Division III,North Coast Athletic Conference,Springfield,Ohio,Christian Berling,OH,Sophomore,2028
Wittenberg University,NCAA Division III,North Coast Athletic Conference,Springfield,Ohio,Patterson Reed,MB,Sophomore,2028
Alvernia University,NCAA Division III,Middle Atlantic Conference,Reading,Pennsylvania,[FLAG] 2026-27 Inaugural Season; Currently Recruiting,N/A,N/A,N/A
Arcadia University,NCAA Division III,Middle Atlantic Freedom Conference,Glenside,Pennsylvania,Reece Dodd,MH,Sophomore,2028
Arcadia University,NCAA Division III,Middle Atlantic Freedom Conference,Glenside,Pennsylvania,Bryce Lewis,MB/OPP,Freshman,2029
Arcadia University,NCAA Division III,Middle Atlantic Freedom Conference,Glenside,Pennsylvania,Kelvin Cruz,OH,Freshman,2029
Arcadia University,NCAA Division III,Middle Atlantic Freedom Conference,Glenside,Pennsylvania,Luka Erickson,MB,Freshman,2029
Arcadia University,NCAA Division III,Middle Atlantic Freedom Conference,Glenside,Pennsylvania,Cameron Birch,L,Senior,2026
Arcadia University,NCAA Division III,Middle Atlantic Freedom Conference,Glenside,Pennsylvania,Aidan Mackowiak,OH,Freshman,2029
Arcadia University,NCAA Division III,Middle Atlantic Freedom Conference,Glenside,Pennsylvania,Riley Kodidek,S,Senior,2026
Arcadia University,NCAA Division III,Middle Atlantic Freedom Conference,Glenside,Pennsylvania,Tucker Curtis,OH,Sophomore,2028
Arcadia University,NCAA Division III,Middle Atlantic Freedom Conference,Glenside,Pennsylvania,Harrison McCleery,OH,Sophomore,2028
Arcadia University,NCAA Division III,Middle Atlantic Freedom Conference,Glenside,Pennsylvania,Pete Smith,MB,Freshman,2029
Arcadia University,NCAA Division III,Middle Atlantic Freedom Conference,Glenside,Pennsylvania,Josh Clendening,OPP,Senior,2026
Arcadia University,NCAA Division III,Middle Atlantic Freedom Conference,Glenside,Pennsylvania,Jayden Wacaster,OH,Sophomore,2028
Arcadia University,NCAA Division III,Middle Atlantic Freedom Conference,Glenside,Pennsylvania,John Valencia,L/DS,Senior,2026
Arcadia University,NCAA Division III,Middle Atlantic Freedom Conference,Glenside,Pennsylvania,John Eisenlauer,S/OPP,Sophomore,2028
Bryn Athyn College,NCAA Division III,United East Conference,Bryn Athyn,Pennsylvania,Lucas Dewees,OH,Freshman,2029
Bryn Athyn College,NCAA Division III,United East Conference,Bryn Athyn,Pennsylvania,Ryan Gihvan,OPP,Junior,2027
Bryn Athyn College,NCAA Division III,United East Conference,Bryn Athyn,Pennsylvania,Napolean Pizarro-Lind,S,Freshman,2029
Bryn Athyn College,NCAA Division III,United East Conference,Bryn Athyn,Pennsylvania,Adan Rodriguez-Sapien,OH/L,Sophomore,2028
Bryn Athyn College,NCAA Division III,United East Conference,Bryn Athyn,Pennsylvania,Ian Kistner,MB/OPP,Sophomore,2028
Bryn Athyn College,NCAA Division III,United East Conference,Bryn Athyn,Pennsylvania,Josiah Genzlinger,DS,Freshman,2029
Bryn Athyn College,NCAA Division III,United East Conference,Bryn Athyn,Pennsylvania,Laban Genzlinger,S,Senior,2026
Bryn Athyn College,NCAA Division III,United East Conference,Bryn Athyn,Pennsylvania,Bryan Choute,OH/MB,Sophomore,2028
Bryn Athyn College,NCAA Division III,United East Conference,Bryn Athyn,Pennsylvania,Miles Shepard,OPP/MB,Freshman,2029
Bryn Athyn College,NCAA Division III,United East Conference,Bryn Athyn,Pennsylvania,Owen Reuter,MB/OPP,Freshman,2029
Bryn Athyn College,NCAA Division III,United East Conference,Bryn Athyn,Pennsylvania,Atai Esenov,DS/S,Freshman,2029
Bryn Athyn College,NCAA Division III,United East Conference,Bryn Athyn,Pennsylvania,Rafe McQueen,DS,Freshman,2029
Bryn Athyn College,NCAA Division III,United East Conference,Bryn Athyn,Pennsylvania,Grant Swierczynski,MB/OPP,Freshman,2029
Cairn University,NCAA Division III,United East Conference,Langhorne,Pennsylvania,Reuben Bennett Leonard,MB,Freshman,2029
Cairn University,NCAA Division III,United East Conference,Langhorne,Pennsylvania,Josh Adler,S,Senior,2026
Cairn University,NCAA Division III,United East Conference,Langhorne,Pennsylvania,Micah Lee Taylor,S,Freshman,2029
Cairn University,NCAA Division III,United East Conference,Langhorne,Pennsylvania,Jesse Stuart,OH,Junior,2027
Cairn University,NCAA Division III,United East Conference,Langhorne,Pennsylvania,Josiah Wolf,L/DS,Sophomore,2028
Cairn University,NCAA Division III,United East Conference,Langhorne,Pennsylvania,Nehemiah Clark,OPP,Freshman,2029
Cairn University,NCAA Division III,United East Conference,Langhorne,Pennsylvania,Caleb Cabrera,MB,Senior,2026
Cairn University,NCAA Division III,United East Conference,Langhorne,Pennsylvania,Sam Poirier,OH,Junior,2027
Cairn University,NCAA Division III,United East Conference,Langhorne,Pennsylvania,Justin Panaia,OPP,Freshman,2029
Cairn University,NCAA Division III,United East Conference,Langhorne,Pennsylvania,David Larbi,MB/OPP,Senior,2026
Cairn University,NCAA Division III,United East Conference,Langhorne,Pennsylvania,Bogdan Mygovych,MB,Senior,2026
Cairn University,NCAA Division III,United East Conference,Langhorne,Pennsylvania,Elijah Griesser,MB,Freshman,2029
Carlow University,NCAA Division III,Allegheny Mountain Collegiate Conference,Pittsburgh,Pennsylvania,Connor Smith,OPP/DS,Junior,2027
Carlow University,NCAA Division III,Allegheny Mountain Collegiate Conference,Pittsburgh,Pennsylvania,Caio Matos Machado,OH/OPP,Senior,2026
Carlow University,NCAA Division III,Allegheny Mountain Collegiate Conference,Pittsburgh,Pennsylvania,Jake Marryott,DS,Sophomore,2028
Carlow University,NCAA Division III,Allegheny Mountain Collegiate Conference,Pittsburgh,Pennsylvania,Luke Campana,MB/OPP,Senior,2026
Carlow University,NCAA Division III,Allegheny Mountain Collegiate Conference,Pittsburgh,Pennsylvania,Jaden Michalski,OH,Junior,2027
Carlow University,NCAA Division III,Allegheny Mountain Collegiate Conference,Pittsburgh,Pennsylvania,Ryan Callahan,S,Junior,2027
Carlow University,NCAA Division III,Allegheny Mountain Collegiate Conference,Pittsburgh,Pennsylvania,Rohan Bhattarai,S/OPP,Freshman,2029
Carlow University,NCAA Division III,Allegheny Mountain Collegiate Conference,Pittsburgh,Pennsylvania,Angelo Fernandez,L,Junior,2027
Carlow University,NCAA Division III,Allegheny Mountain Collegiate Conference,Pittsburgh,Pennsylvania,John Rummel,DS,Sophomore,2028
Carlow University,NCAA Division III,Allegheny Mountain Collegiate Conference,Pittsburgh,Pennsylvania,David Valentino,OH,Sophomore,2028
Carlow University,NCAA Division III,Allegheny Mountain Collegiate Conference,Pittsburgh,Pennsylvania,Gavin McLain,MB,Junior,2027
Chatham University,NCAA Division III,Presidents Athletic Conference,Pittsburgh,Pennsylvania,Jacob Courts,MB/OH,Sophomore,2028
Chatham University,NCAA Division III,Presidents Athletic Conference,Pittsburgh,Pennsylvania,Alex Moncello,S/DS,Senior,2026
Chatham University,NCAA Division III,Presidents Athletic Conference,Pittsburgh,Pennsylvania,Mannix McKaveney,MB/OPP,Junior,2027
Chatham University,NCAA Division III,Presidents Athletic Conference,Pittsburgh,Pennsylvania,Brodey Fitzgerald,S,Freshman,2029
Chatham University,NCAA Division III,Presidents Athletic Conference,Pittsburgh,Pennsylvania,Josh Roncallo,OPP/OH,Sophomore,2028
Chatham University,NCAA Division III,Presidents Athletic Conference,Pittsburgh,Pennsylvania,Ben Shelestak,OH,Junior,2027
Chatham University,NCAA Division III,Presidents Athletic Conference,Pittsburgh,Pennsylvania,Evan Barrick,L,Freshman,2029
Chatham University,NCAA Division III,Presidents Athletic Conference,Pittsburgh,Pennsylvania,John Gasiorowski,DS/S,Sophomore,2028
Chatham University,NCAA Division III,Presidents Athletic Conference,Pittsburgh,Pennsylvania,Derek Paul,OH,Freshman,2029
Chatham University,NCAA Division III,Presidents Athletic Conference,Pittsburgh,Pennsylvania,Andrew Shepard,OH/S,Sophomore,2028
Chatham University,NCAA Division III,Presidents Athletic Conference,Pittsburgh,Pennsylvania,Tim McCabe,OPP/MB,Junior,2027
Chatham University,NCAA Division III,Presidents Athletic Conference,Pittsburgh,Pennsylvania,Jordan Haas,MB/OPP,Junior,2027
Chatham University,NCAA Division III,Presidents Athletic Conference,Pittsburgh,Pennsylvania,Alex Weiss,MB/OPP,Freshman,2029
Chatham University,NCAA Division III,Presidents Athletic Conference,Pittsburgh,Pennsylvania,RJ Nagg,S,Sophomore,2028
Chatham University,NCAA Division III,Presidents Athletic Conference,Pittsburgh,Pennsylvania,Armani George,MB,Freshman,2029
Chatham University,NCAA Division III,Presidents Athletic Conference,Pittsburgh,Pennsylvania,Derek Kintzer,OH/OPP,Freshman,2029
Eastern University,NCAA Division III,Middle Atlantic Conference,Saint Davids,Pennsylvania,Kaodi Wokocha,OH,Sophomore,2028
Eastern University,NCAA Division III,Middle Atlantic Conference,Saint Davids,Pennsylvania,Edwin Broussard,MB,Freshman,2029
Eastern University,NCAA Division III,Middle Atlantic Conference,Saint Davids,Pennsylvania,Symir Byrd,L/DS,Junior,2027
Eastern University,NCAA Division III,Middle Atlantic Conference,Saint Davids,Pennsylvania,Ian Leeds,MB,Freshman,2029
Eastern University,NCAA Division III,Middle Atlantic Conference,Saint Davids,Pennsylvania,Roman Hill,OPP,Freshman,2029
Eastern University,NCAA Division III,Middle Atlantic Conference,Saint Davids,Pennsylvania,Tiger Winston,OPP,Senior,2026
Eastern University,NCAA Division III,Middle Atlantic Conference,Saint Davids,Pennsylvania,Connor Tucholski,OPP,Junior,2027
Eastern University,NCAA Division III,Middle Atlantic Conference,Saint Davids,Pennsylvania,Colby Arvesen,OH,Sophomore,2028
Eastern University,NCAA Division III,Middle Atlantic Conference,Saint Davids,Pennsylvania,Daniel Carrillo,OH,Freshman,2029
Eastern University,NCAA Division III,Middle Atlantic Conference,Saint Davids,Pennsylvania,Kadin Kolstad,L/DS,Sophomore,2028
Eastern University,NCAA Division III,Middle Atlantic Conference,Saint Davids,Pennsylvania,Kino Tuitupou,OH/DS,Sophomore,2028
Eastern University,NCAA Division III,Middle Atlantic Conference,Saint Davids,Pennsylvania,Josh Hrabosky,S/DS,Junior,2027
Eastern University,NCAA Division III,Middle Atlantic Conference,Saint Davids,Pennsylvania,Landon Mattiace,MB,Freshman,2029
Eastern University,NCAA Division III,Middle Atlantic Conference,Saint Davids,Pennsylvania,Ronan Landis,S/OPP,Sophomore,2028
Elizabethtown College,NCAA Division III,Landmark Conference,Elizabethtown,Pennsylvania,Mason Boyer,OH,Junior,2027
Elizabethtown College,NCAA Division III,Landmark Conference,Elizabethtown,Pennsylvania,Patrick Neyer,S,Sophomore,2028
Elizabethtown College,NCAA Division III,Landmark Conference,Elizabethtown,Pennsylvania,Reid Maas,OH,Freshman,2029
Elizabethtown College,NCAA Division III,Landmark Conference,Elizabethtown,Pennsylvania,Alan Lisman,OH/DS,Junior,2027
Elizabethtown College,NCAA Division III,Landmark Conference,Elizabethtown,Pennsylvania,Braydon Ambruster,OH/S,Sophomore,2028
Elizabethtown College,NCAA Division III,Landmark Conference,Elizabethtown,Pennsylvania,Max Sears,MB,Sophomore,2028
Elizabethtown College,NCAA Division III,Landmark Conference,Elizabethtown,Pennsylvania,Samuel Ulrich,OH,Freshman,2029
Elizabethtown College,NCAA Division III,Landmark Conference,Elizabethtown,Pennsylvania,Cole Burkhardt,MB,Senior,2026
Elizabethtown College,NCAA Division III,Landmark Conference,Elizabethtown,Pennsylvania,Aiden Dietrich,L,Freshman,2029
Elizabethtown College,NCAA Division III,Landmark Conference,Elizabethtown,Pennsylvania,Brennan Bower,DS/L,Senior,2026
Elizabethtown College,NCAA Division III,Landmark Conference,Elizabethtown,Pennsylvania,Bailey Durofchalk,DS/S,Freshman,2029
Elizabethtown College,NCAA Division III,Landmark Conference,Elizabethtown,Pennsylvania,Dustin Hagin,L,Senior,2026
Elizabethtown College,NCAA Division III,Landmark Conference,Elizabethtown,Pennsylvania,Logan Smith,OH,Senior,2026
Elizabethtown College,NCAA Division III,Landmark Conference,Elizabethtown,Pennsylvania,Craig Patrick,MB,Senior,2026
Elizabethtown College,NCAA Division III,Landmark Conference,Elizabethtown,Pennsylvania,Arun Gopinath,OH,Sophomore,2028
Elizabethtown College,NCAA Division III,Landmark Conference,Elizabethtown,Pennsylvania,Declan Keller,OH,Sophomore,2028
Elizabethtown College,NCAA Division III,Landmark Conference,Elizabethtown,Pennsylvania,Hugh Rogers,OH/S,Freshman,2029
Elizabethtown College,NCAA Division III,Landmark Conference,Elizabethtown,Pennsylvania,Indi Singh,MB,Freshman,2029
Elizabethtown College,NCAA Division III,Landmark Conference,Elizabethtown,Pennsylvania,Josh McCoy,MB,Sophomore,2028
Geneva College,NCAA Division III,Presidents Athletic Conference,Beaver Falls,Pennsylvania,Aaron Villi,S/OH,Freshman,2029
Geneva College,NCAA Division III,Presidents Athletic Conference,Beaver Falls,Pennsylvania,Isaiah Jose,DS,Freshman,2029
Geneva College,NCAA Division III,Presidents Athletic Conference,Beaver Falls,Pennsylvania,Joshua Stowe,OH,Freshman,2029
Geneva College,NCAA Division III,Presidents Athletic Conference,Beaver Falls,Pennsylvania,John Cossin,OH,Freshman,2029
Geneva College,NCAA Division III,Presidents Athletic Conference,Beaver Falls,Pennsylvania,Hunter Mozley,OH,Freshman,2029
Geneva College,NCAA Division III,Presidents Athletic Conference,Beaver Falls,Pennsylvania,Matthew DeGraaf,MB,Sophomore,2028
Geneva College,NCAA Division III,Presidents Athletic Conference,Beaver Falls,Pennsylvania,Owen Kelley,OH,Junior,2027
Geneva College,NCAA Division III,Presidents Athletic Conference,Beaver Falls,Pennsylvania,Andrew Ubinger,OPP/S,Senior,2026
Geneva College,NCAA Division III,Presidents Athletic Conference,Beaver Falls,Pennsylvania,Evan Puhl,MB/OPP,Senior,2026
Geneva College,NCAA Division III,Presidents Athletic Conference,Beaver Falls,Pennsylvania,Alex Smith,DS/S,Junior,2027
Geneva College,NCAA Division III,Presidents Athletic Conference,Beaver Falls,Pennsylvania,Christian Parks,DS/L,Sophomore,2028
Geneva College,NCAA Division III,Presidents Athletic Conference,Beaver Falls,Pennsylvania,Paul O'Donnell,OPP,Senior,2026
Geneva College,NCAA Division III,Presidents Athletic Conference,Beaver Falls,Pennsylvania,Daniel Spear,MB/OPP,Junior,2027
Geneva College,NCAA Division III,Presidents Athletic Conference,Beaver Falls,Pennsylvania,Beck Harry,MB,Freshman,2029
Geneva College,NCAA Division III,Presidents Athletic Conference,Beaver Falls,Pennsylvania,Matthew Lamay,OH,Freshman,2029
Geneva College,NCAA Division III,Presidents Athletic Conference,Beaver Falls,Pennsylvania,Aiden Thomas,OH,Junior,2027
Geneva College,NCAA Division III,Presidents Athletic Conference,Beaver Falls,Pennsylvania,Nathan Sears,DS,Freshman,2029
Grove City College,NCAA Division III,Presidents Athletic Conference,Grove City,Pennsylvania,Craig Fair,S,Junior,2027
Grove City College,NCAA Division III,Presidents Athletic Conference,Grove City,Pennsylvania,Evan DiMalanta,OH,Freshman,2029
Grove City College,NCAA Division III,Presidents Athletic Conference,Grove City,Pennsylvania,Anderson Ross,MB,Freshman,2029
Grove City College,NCAA Division III,Presidents Athletic Conference,Grove City,Pennsylvania,Thomas Krahe,S,Freshman,2029
Grove City College,NCAA Division III,Presidents Athletic Conference,Grove City,Pennsylvania,Hayden McCreadie,OH,Junior,2027
Grove City College,NCAA Division III,Presidents Athletic Conference,Grove City,Pennsylvania,Joseph Allison,OPP,Freshman,2029
Grove City College,NCAA Division III,Presidents Athletic Conference,Grove City,Pennsylvania,Brayden DiMalanta,DS,Junior,2027
Grove City College,NCAA Division III,Presidents Athletic Conference,Grove City,Pennsylvania,Tieg Malcolm,MB,Senior,2026
Grove City College,NCAA Division III,Presidents Athletic Conference,Grove City,Pennsylvania,Max Gianneski,OH,Junior,2027
Grove City College,NCAA Division III,Presidents Athletic Conference,Grove City,Pennsylvania,Carson Good,OPP,Junior,2027
Grove City College,NCAA Division III,Presidents Athletic Conference,Grove City,Pennsylvania,Derrick Lambert,OH,Senior,2026
Grove City College,NCAA Division III,Presidents Athletic Conference,Grove City,Pennsylvania,Micah Wilding,MB,Freshman,2029
Grove City College,NCAA Division III,Presidents Athletic Conference,Grove City,Pennsylvania,Phillip Schweitzer,DS,Junior,2027
Grove City College,NCAA Division III,Presidents Athletic Conference,Grove City,Pennsylvania,Reese Malcolm,OPP,Sophomore,2028
Grove City College,NCAA Division III,Presidents Athletic Conference,Grove City,Pennsylvania,Keith Otto,OH,Sophomore,2028
Grove City College,NCAA Division III,Presidents Athletic Conference,Grove City,Pennsylvania,Andrew Kessler,MB,Junior,2027
Gwynedd Mercy University,NCAA Division III,Atlantic East Conference,Gwynedd Valley,Pennsylvania,[FLAG] 2026-27 Inaugural Season; Currently Recruiting,N/A,N/A,N/A
Immaculata University,NCAA Division III,Atlantic East Conference,Immaculata,Pennsylvania,Brandon Lieberman,OPP,Junior,2027
Immaculata University,NCAA Division III,Atlantic East Conference,Immaculata,Pennsylvania,Michael Prall,OPP/DS,Junior,2027
Immaculata University,NCAA Division III,Atlantic East Conference,Immaculata,Pennsylvania,Luke Dortenzo,S,Freshman,2029
Immaculata University,NCAA Division III,Atlantic East Conference,Immaculata,Pennsylvania,Anthony Fitch,L/DS,Sophomore,2028
Immaculata University,NCAA Division III,Atlantic East Conference,Immaculata,Pennsylvania,Jordan Brown,MB,Sophomore,2028
Immaculata University,NCAA Division III,Atlantic East Conference,Immaculata,Pennsylvania,Christian Lee,OPP,Junior,2027
Immaculata University,NCAA Division III,Atlantic East Conference,Immaculata,Pennsylvania,Josh McGurl,OH,Junior,2027
Immaculata University,NCAA Division III,Atlantic East Conference,Immaculata,Pennsylvania,J.P. Farrelly,L,Sophomore,2028
Immaculata University,NCAA Division III,Atlantic East Conference,Immaculata,Pennsylvania,Noah Zunski,OH,Sophomore,2028
Immaculata University,NCAA Division III,Atlantic East Conference,Immaculata,Pennsylvania,Nate Bailey,MB,Sophomore,2028
Immaculata University,NCAA Division III,Atlantic East Conference,Immaculata,Pennsylvania,Alex Corsones,OH,Junior,2027
Juniata College,NCAA Division III,Landmark Conference,Huntingdon,Pennsylvania,Gugu Del Toro,L,Sophomore,2028
Juniata College,NCAA Division III,Landmark Conference,Huntingdon,Pennsylvania,Noah Rosner,S/DS,Freshman,2029
Juniata College,NCAA Division III,Landmark Conference,Huntingdon,Pennsylvania,Joshua Nation,OH,Freshman,2029
Juniata College,NCAA Division III,Landmark Conference,Huntingdon,Pennsylvania,Dante Palombo,MB/OPP,Sophomore,2028
Juniata College,NCAA Division III,Landmark Conference,Huntingdon,Pennsylvania,David Dziekonski,OPP,Sophomore,2028
Juniata College,NCAA Division III,Landmark Conference,Huntingdon,Pennsylvania,Will Sierer,S,Junior,2027
Juniata College,NCAA Division III,Landmark Conference,Huntingdon,Pennsylvania,Chris Mellor,MB,Junior,2027
Juniata College,NCAA Division III,Landmark Conference,Huntingdon,Pennsylvania,Tyler Phillips,OH/OPP,Senior,2026
Juniata College,NCAA Division III,Landmark Conference,Huntingdon,Pennsylvania,Felix Baier,OH,Sophomore,2028
Juniata College,NCAA Division III,Landmark Conference,Huntingdon,Pennsylvania,Lance Shaffer,S,Freshman,2029
Juniata College,NCAA Division III,Landmark Conference,Huntingdon,Pennsylvania,Octavian Sperry,OH/OPP,Junior,2027
Juniata College,NCAA Division III,Landmark Conference,Huntingdon,Pennsylvania,Chase Robbins,OH,Junior,2027
Juniata College,NCAA Division III,Landmark Conference,Huntingdon,Pennsylvania,Chris Thomas,OH,Freshman,2029
Juniata College,NCAA Division III,Landmark Conference,Huntingdon,Pennsylvania,Jared Johnson,OH,Senior,2026
Juniata College,NCAA Division III,Landmark Conference,Huntingdon,Pennsylvania,Lukas Ricciardi,OH,Freshman,2029
Juniata College,NCAA Division III,Landmark Conference,Huntingdon,Pennsylvania,Andrew Byrne,DS/L,Junior,2027
Juniata College,NCAA Division III,Landmark Conference,Huntingdon,Pennsylvania,Deondre Sheffey,MB,Freshman,2029
Juniata College,NCAA Division III,Landmark Conference,Huntingdon,Pennsylvania,Logan Peterson,OH,Sophomore,2028
Juniata College,NCAA Division III,Landmark Conference,Huntingdon,Pennsylvania,Shawn Legge,OPP,Sophomore,2028
King's College - Pennsylvania,NCAA Division III,Middle Atlantic Freedom Conference,Wilkes-Barre,Pennsylvania,Alex Martellacci,OH,Junior,2027
King's College - Pennsylvania,NCAA Division III,Middle Atlantic Freedom Conference,Wilkes-Barre,Pennsylvania,Brian Weaver,S/OH,Freshman,2029
King's College - Pennsylvania,NCAA Division III,Middle Atlantic Freedom Conference,Wilkes-Barre,Pennsylvania,Logan Place,OH,Junior,2027
King's College - Pennsylvania,NCAA Division III,Middle Atlantic Freedom Conference,Wilkes-Barre,Pennsylvania,Aiden Glasgow,L,Sophomore,2028
King's College - Pennsylvania,NCAA Division III,Middle Atlantic Freedom Conference,Wilkes-Barre,Pennsylvania,Brady Taylor,S/DS,Freshman,2029
King's College - Pennsylvania,NCAA Division III,Middle Atlantic Freedom Conference,Wilkes-Barre,Pennsylvania,Logan Aikens,MB,Junior,2027
King's College - Pennsylvania,NCAA Division III,Middle Atlantic Freedom Conference,Wilkes-Barre,Pennsylvania,Alex Schoch,MB,Freshman,2029
King's College - Pennsylvania,NCAA Division III,Middle Atlantic Freedom Conference,Wilkes-Barre,Pennsylvania,Mason Lesher,L,Sophomore,2028
King's College - Pennsylvania,NCAA Division III,Middle Atlantic Freedom Conference,Wilkes-Barre,Pennsylvania,Frank Colson,S,Freshman,2029
King's College - Pennsylvania,NCAA Division III,Middle Atlantic Freedom Conference,Wilkes-Barre,Pennsylvania,Luke Hammond,OH,Sophomore,2028
King's College - Pennsylvania,NCAA Division III,Middle Atlantic Freedom Conference,Wilkes-Barre,Pennsylvania,Nathan Yelinko,OPP,Junior,2027
King's College - Pennsylvania,NCAA Division III,Middle Atlantic Freedom Conference,Wilkes-Barre,Pennsylvania,Greg Bousquet,OPP,Senior,2026
King's College - Pennsylvania,NCAA Division III,Middle Atlantic Freedom Conference,Wilkes-Barre,Pennsylvania,Antonio Tavarez,MB,Sophomore,2028
King's College - Pennsylvania,NCAA Division III,Middle Atlantic Freedom Conference,Wilkes-Barre,Pennsylvania,Ben Maskiell,S,Senior,2026
Lancaster Bible College,NCAA Division III,United East Conference,Lancaster,Pennsylvania,Devin Galloway,MB,Junior,2027
Lancaster Bible College,NCAA Division III,United East Conference,Lancaster,Pennsylvania,Matt Degan,L/DS,Freshman,2029
Lancaster Bible College,NCAA Division III,United East Conference,Lancaster,Pennsylvania,Braden Escover,OH,Freshman,2029
Lancaster Bible College,NCAA Division III,United East Conference,Lancaster,Pennsylvania,Cristian Villa,MB,Sophomore,2028
Lancaster Bible College,NCAA Division III,United East Conference,Lancaster,Pennsylvania,Zeke Clark,OH,Junior,2027
Lancaster Bible College,NCAA Division III,United East Conference,Lancaster,Pennsylvania,Carson Hoover,OH,Junior,2027
Lancaster Bible College,NCAA Division III,United East Conference,Lancaster,Pennsylvania,Roman Thompson,OPP/MB,Freshman,2029
Lancaster Bible College,NCAA Division III,United East Conference,Lancaster,Pennsylvania,Tyler Allen,S,Freshman,2029
Lancaster Bible College,NCAA Division III,United East Conference,Lancaster,Pennsylvania,Jaiden Flanagan,OPP,Junior,2027
Lancaster Bible College,NCAA Division III,United East Conference,Lancaster,Pennsylvania,Zion Valentine,MB,Freshman,2029
Lancaster Bible College,NCAA Division III,United East Conference,Lancaster,Pennsylvania,Timothy Fletcher,S,Sophomore,2028
Lancaster Bible College,NCAA Division III,United East Conference,Lancaster,Pennsylvania,Kevin Bryant,MB,Junior,2027
Lancaster Bible College,NCAA Division III,United East Conference,Lancaster,Pennsylvania,Nicholas Marion,L,Senior,2026
Lancaster Bible College,NCAA Division III,United East Conference,Lancaster,Pennsylvania,Isaac Deller,OH/OPP,Freshman,2029
Lancaster Bible College,NCAA Division III,United East Conference,Lancaster,Pennsylvania,Taylor Murlatt,L/DS,Freshman,2029
Lancaster Bible College,NCAA Division III,United East Conference,Lancaster,Pennsylvania,Gabe Dressler,L,Freshman,2029
Lancaster Bible College,NCAA Division III,United East Conference,Lancaster,Pennsylvania,Jacob Snyder,OH,Sophomore,2028
Lycoming College,NCAA Division III,Middle Atlantic Freedom Conference,Williamsport,Pennsylvania,[FLAG] 2026-27 Inaugural Season; Currently Recruiting,N/A,N/A,N/A
Messiah College,NCAA Division III,Middle Atlantic Conference,Mechanicsburg,Pennsylvania,Todd Snyder,MB,Sophomore,2028
Messiah College,NCAA Division III,Middle Atlantic Conference,Mechanicsburg,Pennsylvania,Tyler Good,OH,Freshman,2029
Messiah College,NCAA Division III,Middle Atlantic Conference,Mechanicsburg,Pennsylvania,Seth Graybill,DS/L,Senior,2026
Messiah College,NCAA Division III,Middle Atlantic Conference,Mechanicsburg,Pennsylvania,Alex Kagoro,OH,Senior,2026
Messiah College,NCAA Division III,Middle Atlantic Conference,Mechanicsburg,Pennsylvania,Aidan Dunwoody,DS/L,Freshman,2029
Messiah College,NCAA Division III,Middle Atlantic Conference,Mechanicsburg,Pennsylvania,Connor Himelfarb,OH,Freshman,2029
Messiah College,NCAA Division III,Middle Atlantic Conference,Mechanicsburg,Pennsylvania,Ethan Espenshade,L/DS,Senior,2026
Messiah College,NCAA Division III,Middle Atlantic Conference,Mechanicsburg,Pennsylvania,Tyler McConnell,OH,Senior,2026
Messiah College,NCAA Division III,Middle Atlantic Conference,Mechanicsburg,Pennsylvania,Brandon Sharp,S,Junior,2027
Messiah College,NCAA Division III,Middle Atlantic Conference,Mechanicsburg,Pennsylvania,Jonathan Nixon,S,Senior,2026
Messiah College,NCAA Division III,Middle Atlantic Conference,Mechanicsburg,Pennsylvania,Sean Gillespie,OH,Junior,2027
Messiah College,NCAA Division III,Middle Atlantic Conference,Mechanicsburg,Pennsylvania,Seth Rajnic,MB,Sophomore,2028
Messiah College,NCAA Division III,Middle Atlantic Conference,Mechanicsburg,Pennsylvania,Cooper Henseler,S,Sophomore,2028
Messiah College,NCAA Division III,Middle Atlantic Conference,Mechanicsburg,Pennsylvania,Jake Eby,MB,Junior,2027
Messiah College,NCAA Division III,Middle Atlantic Conference,Mechanicsburg,Pennsylvania,Connor Delaney,MB,Freshman,2029
Messiah College,NCAA Division III,Middle Atlantic Conference,Mechanicsburg,Pennsylvania,Everett Macurda,OPP,Freshman,2029
Messiah College,NCAA Division III,Middle Atlantic Conference,Mechanicsburg,Pennsylvania,Adam McGarvey,S,Freshman,2029
Messiah College,NCAA Division III,Middle Atlantic Conference,Mechanicsburg,Pennsylvania,Ethan Earhart,MB,Junior,2027
Misericordia University,NCAA Division III,Middle Atlantic Freedom Conference,Dallas,Pennsylvania,Chris U'Glay,PIN,Sophomore,2028
Misericordia University,NCAA Division III,Middle Atlantic Freedom Conference,Dallas,Pennsylvania,Tyler Knoop,MB,Junior,2027
Misericordia University,NCAA Division III,Middle Atlantic Freedom Conference,Dallas,Pennsylvania,Jackson Fehnel,PIN,Senior,2026
Misericordia University,NCAA Division III,Middle Atlantic Freedom Conference,Dallas,Pennsylvania,Will Stiles,S/L,Sophomore,2028
Misericordia University,NCAA Division III,Middle Atlantic Freedom Conference,Dallas,Pennsylvania,Benjamin Clendening,MB,Senior,2026
Misericordia University,NCAA Division III,Middle Atlantic Freedom Conference,Dallas,Pennsylvania,Richie Ragonese,L,Junior,2027
Misericordia University,NCAA Division III,Middle Atlantic Freedom Conference,Dallas,Pennsylvania,Peter Breski,S,Sophomore,2028
Misericordia University,NCAA Division III,Middle Atlantic Freedom Conference,Dallas,Pennsylvania,Logan Romeika,PIN,Senior,2026
Misericordia University,NCAA Division III,Middle Atlantic Freedom Conference,Dallas,Pennsylvania,Isaac Griffin,MB,Sophomore,2028
Misericordia University,NCAA Division III,Middle Atlantic Freedom Conference,Dallas,Pennsylvania,Isaac Drake,PIN,Sophomore,2028
Misericordia University,NCAA Division III,Middle Atlantic Freedom Conference,Dallas,Pennsylvania,Evan Schmidt,S,Sophomore,2028
Misericordia University,NCAA Division III,Middle Atlantic Freedom Conference,Dallas,Pennsylvania,Jackson Biechy,PIN,Freshman,2029
Misericordia University,NCAA Division III,Middle Atlantic Freedom Conference,Dallas,Pennsylvania,Christopher McKnight,L,Freshman,2029
Misericordia University,NCAA Division III,Middle Atlantic Freedom Conference,Dallas,Pennsylvania,Connor McGee,PIN,Junior,2027
Misericordia University,NCAA Division III,Middle Atlantic Freedom Conference,Dallas,Pennsylvania,Ryan Supancik,S,Sophomore,2028
Misericordia University,NCAA Division III,Middle Atlantic Freedom Conference,Dallas,Pennsylvania,Elias Drummond,MB,Freshman,2029
Misericordia University,NCAA Division III,Middle Atlantic Freedom Conference,Dallas,Pennsylvania,Andrew George,S/OPP,Junior,2027
Misericordia University,NCAA Division III,Middle Atlantic Freedom Conference,Dallas,Pennsylvania,Noah Reen,OPP,Sophomore,2028
Misericordia University,NCAA Division III,Middle Atlantic Freedom Conference,Dallas,Pennsylvania,Jacob McCue,MB,Freshman,2029
Misericordia University,NCAA Division III,Middle Atlantic Freedom Conference,Dallas,Pennsylvania,Isaac Drummond,S/OPP,Freshman,2029
Misericordia University,NCAA Division III,Middle Atlantic Freedom Conference,Dallas,Pennsylvania,Joe Kozak,MB,Senior,2026
Mount Aloysius College,NCAA Division III,Allegheny Mountain Collegiate Conference,Cresson,Pennsylvania,Bryson Brooks,OH,Freshman,2029
Mount Aloysius College,NCAA Division III,Allegheny Mountain Collegiate Conference,Cresson,Pennsylvania,Sam Denchfield,MB,Junior,2027
Mount Aloysius College,NCAA Division III,Allegheny Mountain Collegiate Conference,Cresson,Pennsylvania,Evan Sigel,MB,Senior,2026
Mount Aloysius College,NCAA Division III,Allegheny Mountain Collegiate Conference,Cresson,Pennsylvania,Zach Rosenwald,OH,Sophomore,2028
Mount Aloysius College,NCAA Division III,Allegheny Mountain Collegiate Conference,Cresson,Pennsylvania,Brady Diegelman,OPP,Sophomore,2028
Mount Aloysius College,NCAA Division III,Allegheny Mountain Collegiate Conference,Cresson,Pennsylvania,Jason Freed,MB,Senior,2026
Mount Aloysius College,NCAA Division III,Allegheny Mountain Collegiate Conference,Cresson,Pennsylvania,Owen Hildebrand,N/A,Freshman,2029
Mount Aloysius College,NCAA Division III,Allegheny Mountain Collegiate Conference,Cresson,Pennsylvania,Connor O'Mealia,S,Senior,2026
Neumann University,NCAA Division III,Atlantic East Conference,Aston,Pennsylvania,Christian DeMarco,L,Junior,2027
Neumann University,NCAA Division III,Atlantic East Conference,Aston,Pennsylvania,Trey Edmonds,OH,Junior,2027
Neumann University,NCAA Division III,Atlantic East Conference,Aston,Pennsylvania,Arian Santos,S/L,Freshman,2029
Neumann University,NCAA Division III,Atlantic East Conference,Aston,Pennsylvania,Kareem Galloway,OPP/MB,Freshman,2029
Neumann University,NCAA Division III,Atlantic East Conference,Aston,Pennsylvania,Noah Banaag,S,Sophomore,2028
Neumann University,NCAA Division III,Atlantic East Conference,Aston,Pennsylvania,Tyler Kelsall,OH/DS,Sophomore,2028
Neumann University,NCAA Division III,Atlantic East Conference,Aston,Pennsylvania,Aaron Williams,MB,Freshman,2029
Neumann University,NCAA Division III,Atlantic East Conference,Aston,Pennsylvania,Javi Santos,OH,Junior,2027
Neumann University,NCAA Division III,Atlantic East Conference,Aston,Pennsylvania,Isaiah Thomas,OH,Senior,2026
Neumann University,NCAA Division III,Atlantic East Conference,Aston,Pennsylvania,John Soeffing,MB,Freshman,2029
Penn State Altoona,NCAA Division III,Allegheny Mountain Collegiate Conference,Altoona,Pennsylvania,Chris U'Glay,PIN,Sophomore,2028
Penn State Altoona,NCAA Division III,Allegheny Mountain Collegiate Conference,Altoona,Pennsylvania,Tyler Knoop,MB,Junior,2027
Penn State Altoona,NCAA Division III,Allegheny Mountain Collegiate Conference,Altoona,Pennsylvania,Jackson Fehnel,PIN,Senior,2026
Penn State Altoona,NCAA Division III,Allegheny Mountain Collegiate Conference,Altoona,Pennsylvania,Will Stiles,S/L,Sophomore,2028
Penn State Altoona,NCAA Division III,Allegheny Mountain Collegiate Conference,Altoona,Pennsylvania,Benjamin Clendening,MB,Senior,2026
Penn State Altoona,NCAA Division III,Allegheny Mountain Collegiate Conference,Altoona,Pennsylvania,Richie Ragonese,L,Junior,2027
Penn State Altoona,NCAA Division III,Allegheny Mountain Collegiate Conference,Altoona,Pennsylvania,Peter Breski,S,Sophomore,2028
Penn State Altoona,NCAA Division III,Allegheny Mountain Collegiate Conference,Altoona,Pennsylvania,Logan Romeika,PIN,Senior,2026
Penn State Altoona,NCAA Division III,Allegheny Mountain Collegiate Conference,Altoona,Pennsylvania,Isaac Griffin,MB,Sophomore,2028
Penn State Altoona,NCAA Division III,Allegheny Mountain Collegiate Conference,Altoona,Pennsylvania,Isaac Drake,PIN,Sophomore,2028
Penn State Altoona,NCAA Division III,Allegheny Mountain Collegiate Conference,Altoona,Pennsylvania,Evan Schmidt,S,Sophomore,2028
Penn State Altoona,NCAA Division III,Allegheny Mountain Collegiate Conference,Altoona,Pennsylvania,Jackson Biechy,PIN,Freshman,2029
Penn State Altoona,NCAA Division III,Allegheny Mountain Collegiate Conference,Altoona,Pennsylvania,Christopher McKnight,L,Freshman,2029
Penn State Altoona,NCAA Division III,Allegheny Mountain Collegiate Conference,Altoona,Pennsylvania,Connor McGee,PIN,Junior,2027
Penn State Altoona,NCAA Division III,Allegheny Mountain Collegiate Conference,Altoona,Pennsylvania,Ryan Supancik,S,Sophomore,2028
Penn State Altoona,NCAA Division III,Allegheny Mountain Collegiate Conference,Altoona,Pennsylvania,Elias Drummond,MB,Freshman,2029
Penn State Altoona,NCAA Division III,Allegheny Mountain Collegiate Conference,Altoona,Pennsylvania,Andrew George,S/OPP,Junior,2027
Penn State Altoona,NCAA Division III,Allegheny Mountain Collegiate Conference,Altoona,Pennsylvania,Noah Reen,OPP,Sophomore,2028
Penn State Altoona,NCAA Division III,Allegheny Mountain Collegiate Conference,Altoona,Pennsylvania,Jacob McCue,MB,Freshman,2029
Penn State Altoona,NCAA Division III,Allegheny Mountain Collegiate Conference,Altoona,Pennsylvania,Isaac Drummond,S/OPP,Freshman,2029
Penn State Altoona,NCAA Division III,Allegheny Mountain Collegiate Conference,Altoona,Pennsylvania,Joe Kozak,MB,Senior,2026
Penn State Erie - The Behrend College,NCAA Division III,Allegheny Mountain Collegiate Conference,Erie,Pennsylvania,Daniel Easly,OH,Senior,2026
Penn State Erie - The Behrend College,NCAA Division III,Allegheny Mountain Collegiate Conference,Erie,Pennsylvania,Brady Davidson,OH,Freshman,2029
Penn State Erie - The Behrend College,NCAA Division III,Allegheny Mountain Collegiate Conference,Erie,Pennsylvania,Joseph Sciscio,MB,Senior,2026
Penn State Erie - The Behrend College,NCAA Division III,Allegheny Mountain Collegiate Conference,Erie,Pennsylvania,Cameron Schleicher,OH,Senior,2026
Penn State Erie - The Behrend College,NCAA Division III,Allegheny Mountain Collegiate Conference,Erie,Pennsylvania,Will Streicher,OPP,Freshman,2029
Penn State Erie - The Behrend College,NCAA Division III,Allegheny Mountain Collegiate Conference,Erie,Pennsylvania,Carter Calus,DS,Freshman,2029
Penn State Erie - The Behrend College,NCAA Division III,Allegheny Mountain Collegiate Conference,Erie,Pennsylvania,Eddie Cebula,OH/DS,Sophomore,2028
Penn State Erie - The Behrend College,NCAA Division III,Allegheny Mountain Collegiate Conference,Erie,Pennsylvania,Logan Unger,DS/S,Freshman,2029
Penn State Erie - The Behrend College,NCAA Division III,Allegheny Mountain Collegiate Conference,Erie,Pennsylvania,Mason Anderson,OH,Freshman,2029
Penn State Erie - The Behrend College,NCAA Division III,Allegheny Mountain Collegiate Conference,Erie,Pennsylvania,Jack Wilcox,OPP,Sophomore,2028
Penn State Erie - The Behrend College,NCAA Division III,Allegheny Mountain Collegiate Conference,Erie,Pennsylvania,Rafe Hankey,S,Freshman,2029
Penn State Erie - The Behrend College,NCAA Division III,Allegheny Mountain Collegiate Conference,Erie,Pennsylvania,Jack Steele,MB,Freshman,2029
Penn State Erie - The Behrend College,NCAA Division III,Allegheny Mountain Collegiate Conference,Erie,Pennsylvania,Caleb Daubenspeck,MB,Sophomore,2028
Penn State Erie - The Behrend College,NCAA Division III,Allegheny Mountain Collegiate Conference,Erie,Pennsylvania,Lewis Rhodes,MB,Senior,2026
Penn State Erie - The Behrend College,NCAA Division III,Allegheny Mountain Collegiate Conference,Erie,Pennsylvania,Luke Mumpower,DS/S,Senior,2026
Penn State Erie - The Behrend College,NCAA Division III,Allegheny Mountain Collegiate Conference,Erie,Pennsylvania,Tarendran Heyward,S/OH,Sophomore,2028
Saint Francis University,NCAA Division III,Presidents Athletic Conference,Loretto,Pennsylvania,Gianluca Gomez,OH,Freshman,2029
Saint Francis University,NCAA Division III,Presidents Athletic Conference,Loretto,Pennsylvania,Derek Piatek,OH,Freshman,2029
Saint Francis University,NCAA Division III,Presidents Athletic Conference,Loretto,Pennsylvania,Luke Bockius,L,Sophomore,2028
Saint Francis University,NCAA Division III,Presidents Athletic Conference,Loretto,Pennsylvania,Tate Myatt,MB,Freshman,2029
Saint Francis University,NCAA Division III,Presidents Athletic Conference,Loretto,Pennsylvania,Kyle Charles,S,Sophomore,2028
Saint Francis University,NCAA Division III,Presidents Athletic Conference,Loretto,Pennsylvania,Luke Colquette,OH,Freshman,2029
Saint Francis University,NCAA Division III,Presidents Athletic Conference,Loretto,Pennsylvania,Richard Kaminski,L,Graduate Student,2026
Saint Francis University,NCAA Division III,Presidents Athletic Conference,Loretto,Pennsylvania,Nathan Zini,OPP,Graduate Student,2026
Saint Francis University,NCAA Division III,Presidents Athletic Conference,Loretto,Pennsylvania,Nicholas Lynch,MB,Graduate Student,2026
Saint Francis University,NCAA Division III,Presidents Athletic Conference,Loretto,Pennsylvania,Jackson Decker,OH,Junior,2027
Saint Francis University,NCAA Division III,Presidents Athletic Conference,Loretto,Pennsylvania,Alexander Owens,MB,Freshman,2029
Saint Francis University,NCAA Division III,Presidents Athletic Conference,Loretto,Pennsylvania,Sam Lane,MB,Senior,2026
Saint Francis University,NCAA Division III,Presidents Athletic Conference,Loretto,Pennsylvania,Nate Duff,L,Freshman,2029
Saint Francis University,NCAA Division III,Presidents Athletic Conference,Loretto,Pennsylvania,Brady Stump,OH,Senior,2026
Saint Francis University,NCAA Division III,Presidents Athletic Conference,Loretto,Pennsylvania,Brayden Kuruzovich,S,Senior,2026
Saint Francis University,NCAA Division III,Presidents Athletic Conference,Loretto,Pennsylvania,Cole Dorn,OH,Senior,2026
Saint Francis University,NCAA Division III,Presidents Athletic Conference,Loretto,Pennsylvania,Deke Patton,L,Junior,2027
Saint Francis University,NCAA Division III,Presidents Athletic Conference,Loretto,Pennsylvania,Andre Pimienta,OH,Freshman,2029
Saint Francis University,NCAA Division III,Presidents Athletic Conference,Loretto,Pennsylvania,Jack Wolgemuth,L,Freshman,2029
Saint Francis University,NCAA Division III,Presidents Athletic Conference,Loretto,Pennsylvania,Brayden Gall,MB,Junior,2027
Saint Vincent College - Pennsylvania,NCAA Division III,Presidents Athletic Conference,Latrobe,Pennsylvania,Nick Sandrock,DS,Freshman,2029
Saint Vincent College - Pennsylvania,NCAA Division III,Presidents Athletic Conference,Latrobe,Pennsylvania,Jack Ryan,S,Freshman,2029
Saint Vincent College - Pennsylvania,NCAA Division III,Presidents Athletic Conference,Latrobe,Pennsylvania,Stephen Laun,DS,Senior,2026
Saint Vincent College - Pennsylvania,NCAA Division III,Presidents Athletic Conference,Latrobe,Pennsylvania,Jackson Genicola,DS,Sophomore,2028
Saint Vincent College - Pennsylvania,NCAA Division III,Presidents Athletic Conference,Latrobe,Pennsylvania,Dane Thompson,OPP,Freshman,2029
Saint Vincent College - Pennsylvania,NCAA Division III,Presidents Athletic Conference,Latrobe,Pennsylvania,Zebadiah Wyant,OH,Senior,2026
Saint Vincent College - Pennsylvania,NCAA Division III,Presidents Athletic Conference,Latrobe,Pennsylvania,Owen Ward,OH,Freshman,2029
Saint Vincent College - Pennsylvania,NCAA Division III,Presidents Athletic Conference,Latrobe,Pennsylvania,Nick Sikorski,MB,Sophomore,2028
Saint Vincent College - Pennsylvania,NCAA Division III,Presidents Athletic Conference,Latrobe,Pennsylvania,Braeden Artman,MB,Freshman,2029
Saint Vincent College - Pennsylvania,NCAA Division III,Presidents Athletic Conference,Latrobe,Pennsylvania,Tommy Barrick,OH/DS,Sophomore,2028
Saint Vincent College - Pennsylvania,NCAA Division III,Presidents Athletic Conference,Latrobe,Pennsylvania,Tyler Nelson,OH,Senior,2026
Saint Vincent College - Pennsylvania,NCAA Division III,Presidents Athletic Conference,Latrobe,Pennsylvania,Nicolas Serapiglia,S/DS,Senior,2026
Saint Vincent College - Pennsylvania,NCAA Division III,Presidents Athletic Conference,Latrobe,Pennsylvania,Kolton Butina,DS,Sophomore,2028
Saint Vincent College - Pennsylvania,NCAA Division III,Presidents Athletic Conference,Latrobe,Pennsylvania,Chrystiaan Sexton,OPP,Senior,2026
Saint Vincent College - Pennsylvania,NCAA Division III,Presidents Athletic Conference,Latrobe,Pennsylvania,Rocco Marino,MB,Junior,2027
Saint Vincent College - Pennsylvania,NCAA Division III,Presidents Athletic Conference,Latrobe,Pennsylvania,Shawn McSwiggen,OPP,Senior,2026
Saint Vincent College - Pennsylvania,NCAA Division III,Presidents Athletic Conference,Latrobe,Pennsylvania,Noah Wheeler,OH,Freshman,2029
Saint Vincent College - Pennsylvania,NCAA Division III,Presidents Athletic Conference,Latrobe,Pennsylvania,Cole Frischmann,OPP,Sophomore,2028
Thiel College,NCAA Division III,Presidents Athletic Conference,Greenville,Pennsylvania,Josh Hovan,L,Senior,2026
Thiel College,NCAA Division III,Presidents Athletic Conference,Greenville,Pennsylvania,Ezra Oesterling,OH,Sophomore,2028
Thiel College,NCAA Division III,Presidents Athletic Conference,Greenville,Pennsylvania,Jack Herter,S,Freshman,2029
Thiel College,NCAA Division III,Presidents Athletic Conference,Greenville,Pennsylvania,Daelan Brandon,MB,Freshman,2029
Thiel College,NCAA Division III,Presidents Athletic Conference,Greenville,Pennsylvania,Kafano Samm,OPP,Freshman,2029
Thiel College,NCAA Division III,Presidents Athletic Conference,Greenville,Pennsylvania,Sam Draa,OH,Sophomore,2028
Thiel College,NCAA Division III,Presidents Athletic Conference,Greenville,Pennsylvania,Rex Dugan,OPP,Junior,2027
Thiel College,NCAA Division III,Presidents Athletic Conference,Greenville,Pennsylvania,Brandon Gala,DS/L,Senior,2026
Thiel College,NCAA Division III,Presidents Athletic Conference,Greenville,Pennsylvania,Hayden Daubenspeck,S,Freshman,2029
Thiel College,NCAA Division III,Presidents Athletic Conference,Greenville,Pennsylvania,Noah Leffingwell,MB,Sophomore,2028
Thiel College,NCAA Division III,Presidents Athletic Conference,Greenville,Pennsylvania,Josh Pugh,L,Senior,2026
Thiel College,NCAA Division III,Presidents Athletic Conference,Greenville,Pennsylvania,Tyler Hussey,OPP,Senior,2026
Thiel College,NCAA Division III,Presidents Athletic Conference,Greenville,Pennsylvania,George Schwalm IV,OPP,Freshman,2029
Thiel College,NCAA Division III,Presidents Athletic Conference,Greenville,Pennsylvania,Will Zimmerman,OH,Senior,2026
Thiel College,NCAA Division III,Presidents Athletic Conference,Greenville,Pennsylvania,Ben Lowell,S,Junior,2027
Thiel College,NCAA Division III,Presidents Athletic Conference,Greenville,Pennsylvania,Eli Olszowka,S,Junior,2027
Thiel College,NCAA Division III,Presidents Athletic Conference,Greenville,Pennsylvania,Bryce Lizanich,MB,Junior,2027
Thiel College,NCAA Division III,Presidents Athletic Conference,Greenville,Pennsylvania,Kaleb Proudfoot,MB,Senior,2026
University of Valley Forge,NCAA Division III,United East Conference,Phoenixville,Pennsylvania,Jayce Blanton,OH/OPP,Freshman,2029
University of Valley Forge,NCAA Division III,United East Conference,Phoenixville,Pennsylvania,Jayden Le Hoang,DS/L,Freshman,2029
University of Valley Forge,NCAA Division III,United East Conference,Phoenixville,Pennsylvania,Samuel Pazos,L/DS,Freshman,2029
University of Valley Forge,NCAA Division III,United East Conference,Phoenixville,Pennsylvania,Dennis Lampreia,OPP/DS,Sophomore,2028
University of Valley Forge,NCAA Division III,United East Conference,Phoenixville,Pennsylvania,Tristian Blackwell,OPP,Freshman,2029
University of Valley Forge,NCAA Division III,United East Conference,Phoenixville,Pennsylvania,Jack Woebkenberg,OH/OPP,Sophomore,2028
University of Valley Forge,NCAA Division III,United East Conference,Phoenixville,Pennsylvania,Isaiah Reece,MB,Senior,2026
University of Valley Forge,NCAA Division III,United East Conference,Phoenixville,Pennsylvania,William Schmidheini,MB/OPP,Junior,2027
University of Valley Forge,NCAA Division III,United East Conference,Phoenixville,Pennsylvania,Tyler Patrick,S/OH,Freshman,2029
University of Valley Forge,NCAA Division III,United East Conference,Phoenixville,Pennsylvania,Ty Martin,OH/OPP,Sophomore,2028
University of Valley Forge,NCAA Division III,United East Conference,Phoenixville,Pennsylvania,Chris Brown,S/OPP,Senior,2026
University of Valley Forge,NCAA Division III,United East Conference,Phoenixville,Pennsylvania,Drew White,MB/OH,Sophomore,2028
Washington & Jefferson College,NCAA Division III,Presidents Athletic Conference,Washington,Pennsylvania,[FLAG] 2026-27 Inaugural Season; Currently Recruiting,N/A,N/A,N/A
Widener University,NCAA Division III,Middle Atlantic Conference,Chester,Pennsylvania,Christian Wannamaker,OH,Junior,2027
Widener University,NCAA Division III,Middle Atlantic Conference,Chester,Pennsylvania,Izaiah Rivera,OPP,Junior,2027
Widener University,NCAA Division III,Middle Atlantic Conference,Chester,Pennsylvania,Jason Sandberg,S,Sophomore,2028
Widener University,NCAA Division III,Middle Atlantic Conference,Chester,Pennsylvania,Anioma Njokanma,MB,Senior,2026
Widener University,NCAA Division III,Middle Atlantic Conference,Chester,Pennsylvania,Kevin Stubbs,DS,Senior,2026
Widener University,NCAA Division III,Middle Atlantic Conference,Chester,Pennsylvania,Jarrett Edwards,L/DS,Sophomore,2028
Widener University,NCAA Division III,Middle Atlantic Conference,Chester,Pennsylvania,Kevin Tinio,L,Freshman,2029
Widener University,NCAA Division III,Middle Atlantic Conference,Chester,Pennsylvania,Yavan Patel,OH,Junior,2027
Widener University,NCAA Division III,Middle Atlantic Conference,Chester,Pennsylvania,Brian Connelly,DS,Senior,2026
Widener University,NCAA Division III,Middle Atlantic Conference,Chester,Pennsylvania,Stephen Marquis,MB,Junior,2027
Widener University,NCAA Division III,Middle Atlantic Conference,Chester,Pennsylvania,Benjamin Heist,OH,Senior,2026
Widener University,NCAA Division III,Middle Atlantic Conference,Chester,Pennsylvania,Josh Akinwale,MB,Sophomore,2028
Widener University,NCAA Division III,Middle Atlantic Conference,Chester,Pennsylvania,Jason Dunn,S,Freshman,2029
Widener University,NCAA Division III,Middle Atlantic Conference,Chester,Pennsylvania,Kaden Massi,OH,Junior,2027
Widener University,NCAA Division III,Middle Atlantic Conference,Chester,Pennsylvania,Quinby Dahl,OH,Graduate Student,2026
Widener University,NCAA Division III,Middle Atlantic Conference,Chester,Pennsylvania,Matthew Randall,OPP/OH,Freshman,2029
Wilkes University,NCAA Division III,Middle Atlantic Freedom Conference,Wilkes-Barre,Pennsylvania,Carter Otto,OPP,Freshman,2029
Wilkes University,NCAA Division III,Middle Atlantic Freedom Conference,Wilkes-Barre,Pennsylvania,Marcus Binner,MB,Sophomore,2028
Wilkes University,NCAA Division III,Middle Atlantic Freedom Conference,Wilkes-Barre,Pennsylvania,Trey Tellier,L,Sophomore,2028
Wilkes University,NCAA Division III,Middle Atlantic Freedom Conference,Wilkes-Barre,Pennsylvania,Johnnathan Rocha,OPP,Sophomore,2028
Wilkes University,NCAA Division III,Middle Atlantic Freedom Conference,Wilkes-Barre,Pennsylvania,Aiden Amon,OH,Freshman,2029
Wilkes University,NCAA Division III,Middle Atlantic Freedom Conference,Wilkes-Barre,Pennsylvania,Joshua Conley,S,Sophomore,2028
Wilkes University,NCAA Division III,Middle Atlantic Freedom Conference,Wilkes-Barre,Pennsylvania,James Brust,S,Junior,2027
Wilkes University,NCAA Division III,Middle Atlantic Freedom Conference,Wilkes-Barre,Pennsylvania,Logan Maha,MB,Freshman,2029
Wilkes University,NCAA Division III,Middle Atlantic Freedom Conference,Wilkes-Barre,Pennsylvania,Aaron Ladd,MB,Sophomore,2028
Wilkes University,NCAA Division III,Middle Atlantic Freedom Conference,Wilkes-Barre,Pennsylvania,Evanston Myers,MB,Sophomore,2028
Wilkes University,NCAA Division III,Middle Atlantic Freedom Conference,Wilkes-Barre,Pennsylvania,Sam Winter,L,Senior,2026
Wilkes University,NCAA Division III,Middle Atlantic Freedom Conference,Wilkes-Barre,Pennsylvania,Aidan Hunter,OH,Junior,2027
Wilkes University,NCAA Division III,Middle Atlantic Freedom Conference,Wilkes-Barre,Pennsylvania,Zach Sheaffer,OH,Freshman,2029
Wilkes University,NCAA Division III,Middle Atlantic Freedom Conference,Wilkes-Barre,Pennsylvania,Logan Berger,MB,Freshman,2029
Wilkes University,NCAA Division III,Middle Atlantic Freedom Conference,Wilkes-Barre,Pennsylvania,Alex Derk,L,Senior,2026
Wilson College,NCAA Division III,United East Conference,Chambersburg,Pennsylvania,Scotty Zorn,OH,Freshman,2029
Wilson College,NCAA Division III,United East Conference,Chambersburg,Pennsylvania,Camden Sterner,L,Junior,2027
Wilson College,NCAA Division III,United East Conference,Chambersburg,Pennsylvania,Wes Reall Jr.,OH,Freshman,2029
Wilson College,NCAA Division III,United East Conference,Chambersburg,Pennsylvania,Vincent Natale,S/DS,Senior,2026
Wilson College,NCAA Division III,United East Conference,Chambersburg,Pennsylvania,Satvik Sharma,OPP/S,Sophomore,2028
Wilson College,NCAA Division III,United East Conference,Chambersburg,Pennsylvania,Ryan Koontz,OH,Junior,2027
Wilson College,NCAA Division III,United East Conference,Chambersburg,Pennsylvania,Jacob McCoy,MB,Senior,2026
Wilson College,NCAA Division III,United East Conference,Chambersburg,Pennsylvania,Jackson Wolfe,OH,Sophomore,2028
Wilson College,NCAA Division III,United East Conference,Chambersburg,Pennsylvania,Demetrius Simmons,MB,Senior,2026
Wilson College,NCAA Division III,United East Conference,Chambersburg,Pennsylvania,Adan Rodriguez-Sapien,L,Junior,2027
Wilson College,NCAA Division III,United East Conference,Chambersburg,Pennsylvania,Elijah Carter,OPP,Freshman,2029
Wilson College,NCAA Division III,United East Conference,Chambersburg,Pennsylvania,Peter Marston,S,Freshman,2029
Wilson College,NCAA Division III,United East Conference,Chambersburg,Pennsylvania,Max Bernier,MB,Freshman,2029
Wilson College,NCAA Division III,United East Conference,Chambersburg,Pennsylvania,Gaetano Davis,L,Freshman,2029
Vermont State University - Johnson,NCAA Division III,North Atlantic Conference,Randolph,Vermont,Jayda Dominguez,L,Freshman,2029
Vermont State University - Johnson,NCAA Division III,North Atlantic Conference,Randolph,Vermont,Alex Carter,MB,Freshman,2029
Vermont State University - Johnson,NCAA Division III,North Atlantic Conference,Randolph,Vermont,Luke Walters,OH,Senior,2026
Vermont State University - Johnson,NCAA Division III,North Atlantic Conference,Randolph,Vermont,Owen Marchessault,DS,Junior,2027
Vermont State University - Johnson,NCAA Division III,North Atlantic Conference,Randolph,Vermont,Carter Hubley,L/DS,Senior,2026
Vermont State University - Johnson,NCAA Division III,North Atlantic Conference,Randolph,Vermont,Sam Munson,OPP,Senior,2026
Vermont State University - Johnson,NCAA Division III,North Atlantic Conference,Randolph,Vermont,Zeek Pontiatowski,S/L,Freshman,2029
Vermont State University - Johnson,NCAA Division III,North Atlantic Conference,Randolph,Vermont,Io Binder,S/OH,Sophomore,2028
Vermont State University - Johnson,NCAA Division III,North Atlantic Conference,Randolph,Vermont,Liam Carrick,MB,Junior,2027
Vermont State University - Johnson,NCAA Division III,North Atlantic Conference,Randolph,Vermont,Aiden Briggs,MB,Freshman,2029
Averett University,NCAA Division III,Old Dominion Athletic Conference,Danville,Virginia,Jayda Dominguez,L,Freshman,2029
Averett University,NCAA Division III,Old Dominion Athletic Conference,Danville,Virginia,Alex Carter,MB,Freshman,2029
Averett University,NCAA Division III,Old Dominion Athletic Conference,Danville,Virginia,Luke Walters,OH,Senior,2026
Averett University,NCAA Division III,Old Dominion Athletic Conference,Danville,Virginia,Owen Marchessault,DS,Junior,2027
Averett University,NCAA Division III,Old Dominion Athletic Conference,Danville,Virginia,Carter Hubley,L/DS,Senior,2026
Averett University,NCAA Division III,Old Dominion Athletic Conference,Danville,Virginia,Sam Munson,OPP,Senior,2026
Averett University,NCAA Division III,Old Dominion Athletic Conference,Danville,Virginia,Zeek Pontiatowski,S/L,Freshman,2029
Averett University,NCAA Division III,Old Dominion Athletic Conference,Danville,Virginia,Io Binder,S/OH,Sophomore,2028
Averett University,NCAA Division III,Old Dominion Athletic Conference,Danville,Virginia,Liam Carrick,MB,Junior,2027
Averett University,NCAA Division III,Old Dominion Athletic Conference,Danville,Virginia,Aiden Briggs,MB,Freshman,2029
Bridgewater College,NCAA Division III,Old Dominion Athletic Conference,Bridgewater,Virginia,Jeffrey Prevost,OH,Senior,2026
Bridgewater College,NCAA Division III,Old Dominion Athletic Conference,Bridgewater,Virginia,Parker Dewell,L,Freshman,2029
Bridgewater College,NCAA Division III,Old Dominion Athletic Conference,Bridgewater,Virginia,Tomi Visgaitis,S,Freshman,2029
Bridgewater College,NCAA Division III,Old Dominion Athletic Conference,Bridgewater,Virginia,Jax Conley,OH,Freshman,2029
Bridgewater College,NCAA Division III,Old Dominion Athletic Conference,Bridgewater,Virginia,Joshua Krogstad,S,Freshman,2029
Bridgewater College,NCAA Division III,Old Dominion Athletic Conference,Bridgewater,Virginia,Jovan Lapera,OH/S,Freshman,2029
Bridgewater College,NCAA Division III,Old Dominion Athletic Conference,Bridgewater,Virginia,Jett Backer,OH,Freshman,2029
Bridgewater College,NCAA Division III,Old Dominion Athletic Conference,Bridgewater,Virginia,Connor Cayer,OPP,Junior,2027
Bridgewater College,NCAA Division III,Old Dominion Athletic Conference,Bridgewater,Virginia,Isaiah White,MB,Freshman,2029
Bridgewater College,NCAA Division III,Old Dominion Athletic Conference,Bridgewater,Virginia,Aiden Weaver,OPP,Freshman,2029
Bridgewater College,NCAA Division III,Old Dominion Athletic Conference,Bridgewater,Virginia,Corbin Green,MB,Freshman,2029
Bridgewater College,NCAA Division III,Old Dominion Athletic Conference,Bridgewater,Virginia,Jaxon McKnight,OH,Freshman,2029
Bridgewater College,NCAA Division III,Old Dominion Athletic Conference,Bridgewater,Virginia,Seth Williams,MB,Freshman,2029
Bridgewater College,NCAA Division III,Old Dominion Athletic Conference,Bridgewater,Virginia,Nic Verdi,L,Freshman,2029
Bridgewater College,NCAA Division III,Old Dominion Athletic Conference,Bridgewater,Virginia,Davian Hugh,L,Freshman,2029
Eastern Mennonite University,NCAA Division III,Middle Atlantic Conference,Saint Davids,Pennsylvania,Ricky Fernandez,S,Sophomore,2028
Eastern Mennonite University,NCAA Division III,Middle Atlantic Conference,Saint Davids,Pennsylvania,Rey De La Cruz,L/DS,Junior,2027
Eastern Mennonite University,NCAA Division III,Middle Atlantic Conference,Saint Davids,Pennsylvania,Gael Bravo,S,Junior,2027
Eastern Mennonite University,NCAA Division III,Middle Atlantic Conference,Saint Davids,Pennsylvania,James Powell,MB/OPP,Sophomore,2028
Eastern Mennonite University,NCAA Division III,Middle Atlantic Conference,Saint Davids,Pennsylvania,Ezekiel Awkward,OH,Sophomore,2028
Eastern Mennonite University,NCAA Division III,Middle Atlantic Conference,Saint Davids,Pennsylvania,Delan Wright,MB,Senior,2026
Eastern Mennonite University,NCAA Division III,Middle Atlantic Conference,Saint Davids,Pennsylvania,Diego Morales Torres,DS/OH,Sophomore,2028
Eastern Mennonite University,NCAA Division III,Middle Atlantic Conference,Saint Davids,Pennsylvania,Sebastian Clemente,OH/DS,Sophomore,2028
Eastern Mennonite University,NCAA Division III,Middle Atlantic Conference,Saint Davids,Pennsylvania,Derek Diaz,OH,Junior,2027
Eastern Mennonite University,NCAA Division III,Middle Atlantic Conference,Saint Davids,Pennsylvania,Johnathan Badowski,OPP,Freshman,2029
Eastern Mennonite University,NCAA Division III,Middle Atlantic Conference,Saint Davids,Pennsylvania,Daeman Odom,MB,Sophomore,2028
Eastern Mennonite University,NCAA Division III,Middle Atlantic Conference,Saint Davids,Pennsylvania,Gabriel Moreau,S,Freshman,2029
Eastern Mennonite University,NCAA Division III,Middle Atlantic Conference,Saint Davids,Pennsylvania,Pierce Donnelly,OH,Junior,2027
Eastern Mennonite University,NCAA Division III,Middle Atlantic Conference,Saint Davids,Pennsylvania,Jose Melendez,MB,Junior,2027
Eastern Mennonite University,NCAA Division III,Middle Atlantic Conference,Saint Davids,Pennsylvania,Bennett Barco,OH,Freshman,2029
Eastern Mennonite University,NCAA Division III,Middle Atlantic Conference,Saint Davids,Pennsylvania,Layne Kemp,MB,Freshman,2029
Eastern Mennonite University,NCAA Division III,Middle Atlantic Conference,Saint Davids,Pennsylvania,Jonas Stafford,S,Freshman,2029
Marymount University (VA),NCAA Division III,Atlantic East Conference,Arlington,Virginia,Callen Wolf,OH,Freshman,2029
Marymount University (VA),NCAA Division III,Atlantic East Conference,Arlington,Virginia,Evan Cao,S,Junior,2027
Marymount University (VA),NCAA Division III,Atlantic East Conference,Arlington,Virginia,Joseph Roche,L,Sophomore,2028
Marymount University (VA),NCAA Division III,Atlantic East Conference,Arlington,Virginia,Noah Sims,OPP,Freshman,2029
Marymount University (VA),NCAA Division III,Atlantic East Conference,Arlington,Virginia,Diego Peña,S,Senior,2026
Marymount University (VA),NCAA Division III,Atlantic East Conference,Arlington,Virginia,Micah Kiss,S/DS,Freshman,2029
Marymount University (VA),NCAA Division III,Atlantic East Conference,Arlington,Virginia,Ethan Li,OH,Sophomore,2028
Marymount University (VA),NCAA Division III,Atlantic East Conference,Arlington,Virginia,Carlos Morales-Pagan,L,Senior,2026
Marymount University (VA),NCAA Division III,Atlantic East Conference,Arlington,Virginia,Bryce Schkeeper,MB,Freshman,2029
Marymount University (VA),NCAA Division III,Atlantic East Conference,Arlington,Virginia,Jonathan Pickering,OH,Junior,2027
Marymount University (VA),NCAA Division III,Atlantic East Conference,Arlington,Virginia,Keenan Henry,MB/OPP,Freshman,2029
Marymount University (VA),NCAA Division III,Atlantic East Conference,Arlington,Virginia,Mihir Peta,OH,Freshman,2029
Marymount University (VA),NCAA Division III,Atlantic East Conference,Arlington,Virginia,Michael Schneider,OPP,Junior,2027
Marymount University (VA),NCAA Division III,Atlantic East Conference,Arlington,Virginia,Gavin Poe,MB,Junior,2027
Marymount University (VA),NCAA Division III,Atlantic East Conference,Arlington,Virginia,Benjamin Miller,MB,Sophomore,2028
Marymount University (VA),NCAA Division III,Atlantic East Conference,Arlington,Virginia,Gabriel Gonzalez,MB,Sophomore,2028
Marymount University (VA),NCAA Division III,Atlantic East Conference,Arlington,Virginia,Sam Cook,OH,Freshman,2029
Marymount University (VA),NCAA Division III,Atlantic East Conference,Arlington,Virginia,Seth Richards,MB,Junior,2027
Marymount University (VA),NCAA Division III,Atlantic East Conference,Arlington,Virginia,Brady Wiggers,OPP,Freshman,2029
Randolph College,NCAA Division III,Old Dominion Athletic Conference,Lynchburg,Virginia,Samuel Looney,L,Sophomore,2028
Randolph College,NCAA Division III,Old Dominion Athletic Conference,Lynchburg,Virginia,Ian Arce,S,Freshman,2029
Randolph College,NCAA Division III,Old Dominion Athletic Conference,Lynchburg,Virginia,Conner Maher,S,Sophomore,2028
Randolph College,NCAA Division III,Old Dominion Athletic Conference,Lynchburg,Virginia,Micah Collins,MB,Sophomore,2028
Randolph College,NCAA Division III,Old Dominion Athletic Conference,Lynchburg,Virginia,Sean Anderson,OH,Freshman,2029
Randolph College,NCAA Division III,Old Dominion Athletic Conference,Lynchburg,Virginia,Zachary Elbert,L,Sophomore,2028
Randolph College,NCAA Division III,Old Dominion Athletic Conference,Lynchburg,Virginia,Noah May,MB,Freshman,2029
Randolph College,NCAA Division III,Old Dominion Athletic Conference,Lynchburg,Virginia,Samuel Brown,OH,Freshman,2029
Randolph College,NCAA Division III,Old Dominion Athletic Conference,Lynchburg,Virginia,Halvard Hauge,MB,Freshman,2029
Randolph College,NCAA Division III,Old Dominion Athletic Conference,Lynchburg,Virginia,Ahmed Diallo,MB,Sophomore,2028
Randolph College,NCAA Division III,Old Dominion Athletic Conference,Lynchburg,Virginia,Shamel Smith,OPP,Sophomore,2028
Randolph College,NCAA Division III,Old Dominion Athletic Conference,Lynchburg,Virginia,Derek Smith,OH,Freshman,2029
Randolph College,NCAA Division III,Old Dominion Athletic Conference,Lynchburg,Virginia,Dante Reid,MB,Sophomore,2028
Randolph College,NCAA Division III,Old Dominion Athletic Conference,Lynchburg,Virginia,Zachary Septoff,MB,Sophomore,2028
Randolph College,NCAA Division III,Old Dominion Athletic Conference,Lynchburg,Virginia,Noel Schmid,OPP,Freshman,2029
Randolph College,NCAA Division III,Old Dominion Athletic Conference,Lynchburg,Virginia,Aiden Kranz,S,Sophomore,2028
Randolph College,NCAA Division III,Old Dominion Athletic Conference,Lynchburg,Virginia,Addison Corey,DS/L,Freshman,2029
Randolph College,NCAA Division III,Old Dominion Athletic Conference,Lynchburg,Virginia,Connor Sherwood,MB,Freshman,2029
Randolph College,NCAA Division III,Old Dominion Athletic Conference,Lynchburg,Virginia,Chase Noblitt,MB,Freshman,2029
Randolph College,NCAA Division III,Old Dominion Athletic Conference,Lynchburg,Virginia,Blaine Richardson,OH,Sophomore,2028
Randolph-Macon College,NCAA Division III,Old Dominion Athletic Conference,Ashland,Virginia,Brady Plucker,L,Junior,2027
Randolph-Macon College,NCAA Division III,Old Dominion Athletic Conference,Ashland,Virginia,Kody Rogan,S/OPP,Senior,2026
Randolph-Macon College,NCAA Division III,Old Dominion Athletic Conference,Ashland,Virginia,Nathan Karluk,MB,Sophomore,2028
Randolph-Macon College,NCAA Division III,Old Dominion Athletic Conference,Ashland,Virginia,Davis Luck,OPP,Senior,2026
Randolph-Macon College,NCAA Division III,Old Dominion Athletic Conference,Ashland,Virginia,Thomas Eubank,S,Junior,2027
Randolph-Macon College,NCAA Division III,Old Dominion Athletic Conference,Ashland,Virginia,Phillip Van Essendelft,MB,Senior,2026
Randolph-Macon College,NCAA Division III,Old Dominion Athletic Conference,Ashland,Virginia,Wesley Graves,OH,Sophomore,2028
Randolph-Macon College,NCAA Division III,Old Dominion Athletic Conference,Ashland,Virginia,Tyler DeMeritt,OH,Sophomore,2028
Randolph-Macon College,NCAA Division III,Old Dominion Athletic Conference,Ashland,Virginia,Matteo DeLuca,L,Senior,2026
Randolph-Macon College,NCAA Division III,Old Dominion Athletic Conference,Ashland,Virginia,Landon Brinkley,OH,Junior,2027
Randolph-Macon College,NCAA Division III,Old Dominion Athletic Conference,Ashland,Virginia,Ian Wagenhauser,OH,Senior,2026
Randolph-Macon College,NCAA Division III,Old Dominion Athletic Conference,Ashland,Virginia,Finn Oakley,OH,Junior,2027
Randolph-Macon College,NCAA Division III,Old Dominion Athletic Conference,Ashland,Virginia,Zach Bond,OH,Freshman,2029
Randolph-Macon College,NCAA Division III,Old Dominion Athletic Conference,Ashland,Virginia,Isayah Johnson,MB,Junior,2027
Randolph-Macon College,NCAA Division III,Old Dominion Athletic Conference,Ashland,Virginia,Jaylen Hister,OPP,Freshman,2029
Randolph-Macon College,NCAA Division III,Old Dominion Athletic Conference,Ashland,Virginia,JB Brizendine,MB,Sophomore,2028
Randolph-Macon College,NCAA Division III,Old Dominion Athletic Conference,Ashland,Virginia,AJ Angeles,S,Freshman,2029
Randolph-Macon College,NCAA Division III,Old Dominion Athletic Conference,Ashland,Virginia,Caleb Crowther,L,Sophomore,2028
Randolph-Macon College,NCAA Division III,Old Dominion Athletic Conference,Ashland,Virginia,Caleb Brown,L,Freshman,2029
Randolph-Macon College,NCAA Division III,Old Dominion Athletic Conference,Ashland,Virginia,Brennan Walker,S,Freshman,2029
Randolph-Macon College,NCAA Division III,Old Dominion Athletic Conference,Ashland,Virginia,Brady Spicer,OPP,Freshman,2029
Randolph-Macon College,NCAA Division III,Old Dominion Athletic Conference,Ashland,Virginia,Hayden Williams,MB/OPP,Freshman,2029
Randolph-Macon College,NCAA Division III,Old Dominion Athletic Conference,Ashland,Virginia,Bryce Matthews,OPP,Junior,2027
Randolph-Macon College,NCAA Division III,Old Dominion Athletic Conference,Ashland,Virginia,Aaron Schreuder,MB,Freshman,2029
Regent University,NCAA Division III,Coast-to-Coast Athletic Conference,Virginia Beach,Virginia,Brady Plucker,L,Junior,2027
Regent University,NCAA Division III,Coast-to-Coast Athletic Conference,Virginia Beach,Virginia,Kody Rogan,S/OPP,Senior,2026
Regent University,NCAA Division III,Coast-to-Coast Athletic Conference,Virginia Beach,Virginia,Nathan Karluk,MB,Sophomore,2028
Regent University,NCAA Division III,Coast-to-Coast Athletic Conference,Virginia Beach,Virginia,Davis Luck,OPP,Senior,2026
Regent University,NCAA Division III,Coast-to-Coast Athletic Conference,Virginia Beach,Virginia,Thomas Eubank,S,Junior,2027
Regent University,NCAA Division III,Coast-to-Coast Athletic Conference,Virginia Beach,Virginia,Phillip Van Essendelft,MB,Senior,2026
Regent University,NCAA Division III,Coast-to-Coast Athletic Conference,Virginia Beach,Virginia,Wesley Graves,OH,Sophomore,2028
Regent University,NCAA Division III,Coast-to-Coast Athletic Conference,Virginia Beach,Virginia,Tyler DeMeritt,OH,Sophomore,2028
Regent University,NCAA Division III,Coast-to-Coast Athletic Conference,Virginia Beach,Virginia,Matteo DeLuca,L,Senior,2026
Regent University,NCAA Division III,Coast-to-Coast Athletic Conference,Virginia Beach,Virginia,Landon Brinkley,OH,Junior,2027
Regent University,NCAA Division III,Coast-to-Coast Athletic Conference,Virginia Beach,Virginia,Ian Wagenhauser,OH,Senior,2026
Regent University,NCAA Division III,Coast-to-Coast Athletic Conference,Virginia Beach,Virginia,Finn Oakley,OH,Junior,2027
Regent University,NCAA Division III,Coast-to-Coast Athletic Conference,Virginia Beach,Virginia,Zach Bond,OH,Freshman,2029
Regent University,NCAA Division III,Coast-to-Coast Athletic Conference,Virginia Beach,Virginia,Isayah Johnson,MB,Junior,2027
Regent University,NCAA Division III,Coast-to-Coast Athletic Conference,Virginia Beach,Virginia,Jaylen Hister,OPP,Freshman,2029
Regent University,NCAA Division III,Coast-to-Coast Athletic Conference,Virginia Beach,Virginia,JB Brizendine,MB,Sophomore,2028
Regent University,NCAA Division III,Coast-to-Coast Athletic Conference,Virginia Beach,Virginia,AJ Angeles,S,Freshman,2029
Regent University,NCAA Division III,Coast-to-Coast Athletic Conference,Virginia Beach,Virginia,Caleb Crowther,L,Sophomore,2028
Regent University,NCAA Division III,Coast-to-Coast Athletic Conference,Virginia Beach,Virginia,Caleb Brown,L,Freshman,2029
Regent University,NCAA Division III,Coast-to-Coast Athletic Conference,Virginia Beach,Virginia,Brennan Walker,S,Freshman,2029
Regent University,NCAA Division III,Coast-to-Coast Athletic Conference,Virginia Beach,Virginia,Brady Spicer,OPP,Freshman,2029
Regent University,NCAA Division III,Coast-to-Coast Athletic Conference,Virginia Beach,Virginia,Hayden Williams,MB/OPP,Freshman,2029
Regent University,NCAA Division III,Coast-to-Coast Athletic Conference,Virginia Beach,Virginia,Bryce Matthews,OPP,Junior,2027
Regent University,NCAA Division III,Coast-to-Coast Athletic Conference,Virginia Beach,Virginia,Aaron Schreuder,MB,Freshman,2029
Roanoke College,NCAA Division III,Old Dominion Athletic Conference,Salem,Virginia,Jackson Rutkowski,OH,Senior,2026
Roanoke College,NCAA Division III,Old Dominion Athletic Conference,Salem,Virginia,CJ Kingston,L,Senior,2026
Roanoke College,NCAA Division III,Old Dominion Athletic Conference,Salem,Virginia,Teagan Cole,S,Sophomore,2028
Roanoke College,NCAA Division III,Old Dominion Athletic Conference,Salem,Virginia,Johnny Moran,S,Freshman,2029
Roanoke College,NCAA Division III,Old Dominion Athletic Conference,Salem,Virginia,Evan Lomax,S,Freshman,2029
Roanoke College,NCAA Division III,Old Dominion Athletic Conference,Salem,Virginia,Hayden Frederick,OH,Freshman,2029
Roanoke College,NCAA Division III,Old Dominion Athletic Conference,Salem,Virginia,Leo Houser,S,Senior,2026
Roanoke College,NCAA Division III,Old Dominion Athletic Conference,Salem,Virginia,Gabe Fabbro,S/OH,Junior,2027
Roanoke College,NCAA Division III,Old Dominion Athletic Conference,Salem,Virginia,Davion Bowie,OH,Sophomore,2028
Roanoke College,NCAA Division III,Old Dominion Athletic Conference,Salem,Virginia,Eli Looney,OH,Junior,2027
Roanoke College,NCAA Division III,Old Dominion Athletic Conference,Salem,Virginia,Todd Sager,MB,Junior,2027
Roanoke College,NCAA Division III,Old Dominion Athletic Conference,Salem,Virginia,Dominic Wheaton,MB,Senior,2026
Roanoke College,NCAA Division III,Old Dominion Athletic Conference,Salem,Virginia,Colin Mendoza,MB,Senior,2026
Roanoke College,NCAA Division III,Old Dominion Athletic Conference,Salem,Virginia,Andre Gates,MB,Junior,2027
Roanoke College,NCAA Division III,Old Dominion Athletic Conference,Salem,Virginia,Riley Coffren,DS,Senior,2026
Roanoke College,NCAA Division III,Old Dominion Athletic Conference,Salem,Virginia,Nathan Scherber,OPP,Junior,2027
Roanoke College,NCAA Division III,Old Dominion Athletic Conference,Salem,Virginia,Aiden Christian,MB/OPP,Freshman,2029
Roanoke College,NCAA Division III,Old Dominion Athletic Conference,Salem,Virginia,Pierce Faulcon,OPP,Senior,2026
Roanoke College,NCAA Division III,Old Dominion Athletic Conference,Salem,Virginia,Alexander Lambert,OH,Freshman,2029
Roanoke College,NCAA Division III,Old Dominion Athletic Conference,Salem,Virginia,Dominic Colton,OPP,Sophomore,2028
Roanoke College,NCAA Division III,Old Dominion Athletic Conference,Salem,Virginia,Logan Chappell,OH,Senior,2026
Roanoke College,NCAA Division III,Old Dominion Athletic Conference,Salem,Virginia,Michael Lambert,OH,Freshman,2029
Roanoke College,NCAA Division III,Old Dominion Athletic Conference,Salem,Virginia,Michael Cummins,OH,Senior,2026
Roanoke College,NCAA Division III,Old Dominion Athletic Conference,Salem,Virginia,Cade Kinne,OPP,Senior,2026
Roanoke College,NCAA Division III,Old Dominion Athletic Conference,Salem,Virginia,Noah Kuhn,L,Freshman,2029
Roanoke College,NCAA Division III,Old Dominion Athletic Conference,Salem,Virginia,Gannon Klimuszko,OH,Freshman,2029
Shenandoah University,NCAA Division III,Old Dominion Athletic Conference,Winchester,Virginia,Kaden Odberg,S,Freshman,2029
Shenandoah University,NCAA Division III,Old Dominion Athletic Conference,Winchester,Virginia,Jordan Griffin,L/DS,Freshman,2029
Shenandoah University,NCAA Division III,Old Dominion Athletic Conference,Winchester,Virginia,Robert Blair,MB,Freshman,2029
Shenandoah University,NCAA Division III,Old Dominion Athletic Conference,Winchester,Virginia,Kailen Dmitruk,OPP,Freshman,2029
Shenandoah University,NCAA Division III,Old Dominion Athletic Conference,Winchester,Virginia,Alex Schoenen,MB/OH,Sophomore,2028
Shenandoah University,NCAA Division III,Old Dominion Athletic Conference,Winchester,Virginia,Tanner Ribel,OH/OPP,Senior,2026
Shenandoah University,NCAA Division III,Old Dominion Athletic Conference,Winchester,Virginia,Turner Hare,S/OPP,Freshman,2029
Shenandoah University,NCAA Division III,Old Dominion Athletic Conference,Winchester,Virginia,Finnegan Martin,OH,Freshman,2029
Shenandoah University,NCAA Division III,Old Dominion Athletic Conference,Winchester,Virginia,San'Tonio Garrett-Hymon,OPP/S,Freshman,2029
Shenandoah University,NCAA Division III,Old Dominion Athletic Conference,Winchester,Virginia,Simon Bellenbaum,MB,Freshman,2029
Shenandoah University,NCAA Division III,Old Dominion Athletic Conference,Winchester,Virginia,Jack Lim,L/DS,Senior,2026
Southern Virginia University,NCAA Division III,USA South Athletic Conference,Buena Vista,Virginia,Owen Christian,L,Freshman,2029
Southern Virginia University,NCAA Division III,USA South Athletic Conference,Buena Vista,Virginia,Mark Tomlinson,S,Freshman,2029
Southern Virginia University,NCAA Division III,USA South Athletic Conference,Buena Vista,Virginia,Gehrig Tolman,S,Junior,2027
Southern Virginia University,NCAA Division III,USA South Athletic Conference,Buena Vista,Virginia,Kimo Hughey,OPP,Junior,2027
Southern Virginia University,NCAA Division III,USA South Athletic Conference,Buena Vista,Virginia,Keanu Calles,OH/S,Sophomore,2028
Southern Virginia University,NCAA Division III,USA South Athletic Conference,Buena Vista,Virginia,Kaleb Puikkonen,MB,Freshman,2029
Southern Virginia University,NCAA Division III,USA South Athletic Conference,Buena Vista,Virginia,Mitchell Barney,L,Sophomore,2028
Southern Virginia University,NCAA Division III,USA South Athletic Conference,Buena Vista,Virginia,Trajan Wadsworth,OH/OPP,Freshman,2029
Southern Virginia University,NCAA Division III,USA South Athletic Conference,Buena Vista,Virginia,Tommy Forese,OH,Freshman,2029
Southern Virginia University,NCAA Division III,USA South Athletic Conference,Buena Vista,Virginia,Nathan Mitchell,MB,Freshman,2029
Southern Virginia University,NCAA Division III,USA South Athletic Conference,Buena Vista,Virginia,David Ward,OH/OPP,Senior,2026
Southern Virginia University,NCAA Division III,USA South Athletic Conference,Buena Vista,Virginia,Caleb Fisher,MB,Freshman,2029
Southern Virginia University,NCAA Division III,USA South Athletic Conference,Buena Vista,Virginia,Ben Hone,OH/S,Freshman,2029
Southern Virginia University,NCAA Division III,USA South Athletic Conference,Buena Vista,Virginia,Isaac Carrillo,OH,Junior,2027
Southern Virginia University,NCAA Division III,USA South Athletic Conference,Buena Vista,Virginia,Jack DeGraff,OH,Freshman,2029
Southern Virginia University,NCAA Division III,USA South Athletic Conference,Buena Vista,Virginia,Brady Dastrup,OH,Sophomore,2028
Southern Virginia University,NCAA Division III,USA South Athletic Conference,Buena Vista,Virginia,Parker Bluth,L,Freshman,2029
Southern Virginia University,NCAA Division III,USA South Athletic Conference,Buena Vista,Virginia,Jason Wang,OPP,Sophomore,2028
University of Lynchburg,NCAA Division III,Old Dominion Athletic Conference,Lynchburg,Virginia,Sam Pennington,MB,Sophomore,2028
University of Lynchburg,NCAA Division III,Old Dominion Athletic Conference,Lynchburg,Virginia,Jourdin Filimaua,MB,Sophomore,2028
University of Lynchburg,NCAA Division III,Old Dominion Athletic Conference,Lynchburg,Virginia,Jeremiah Costello,OH,Sophomore,2028
University of Lynchburg,NCAA Division III,Old Dominion Athletic Conference,Lynchburg,Virginia,Joshua Davis,OH,Junior,2027
University of Lynchburg,NCAA Division III,Old Dominion Athletic Conference,Lynchburg,Virginia,Will Radi,S,Sophomore,2028
University of Lynchburg,NCAA Division III,Old Dominion Athletic Conference,Lynchburg,Virginia,Miller Varley,S,Sophomore,2028
University of Lynchburg,NCAA Division III,Old Dominion Athletic Conference,Lynchburg,Virginia,Wyatt Nunes,L,Sophomore,2028
University of Lynchburg,NCAA Division III,Old Dominion Athletic Conference,Lynchburg,Virginia,Josh Rohman,S,Sophomore,2028
University of Lynchburg,NCAA Division III,Old Dominion Athletic Conference,Lynchburg,Virginia,Brayden Berardo,L,Sophomore,2028
University of Lynchburg,NCAA Division III,Old Dominion Athletic Conference,Lynchburg,Virginia,Mason Kenna,OH,Senior,2026
University of Lynchburg,NCAA Division III,Old Dominion Athletic Conference,Lynchburg,Virginia,Troy Trujillo,OPP,Freshman,2029
University of Lynchburg,NCAA Division III,Old Dominion Athletic Conference,Lynchburg,Virginia,Stefan Kapitanov,MB,Junior,2027
University of Lynchburg,NCAA Division III,Old Dominion Athletic Conference,Lynchburg,Virginia,Heath Atkins,OPP/MB,Sophomore,2028
University of Lynchburg,NCAA Division III,Old Dominion Athletic Conference,Lynchburg,Virginia,Bryce Jackson,MB,Junior,2027
Virginia Wesleyan University,NCAA Division III,Old Dominion Athletic Conference,Virginia Beach,Virginia,Landon West,OPP,Freshman,2029
Virginia Wesleyan University,NCAA Division III,Old Dominion Athletic Conference,Virginia Beach,Virginia,JaMarhe Wills,OH,Junior,2027
Virginia Wesleyan University,NCAA Division III,Old Dominion Athletic Conference,Virginia Beach,Virginia,James Cromwell-Young,MB,Senior,2026
Virginia Wesleyan University,NCAA Division III,Old Dominion Athletic Conference,Virginia Beach,Virginia,Albie Duvall,MB,Junior,2027
Virginia Wesleyan University,NCAA Division III,Old Dominion Athletic Conference,Virginia Beach,Virginia,Siah Hall,OH/OPP,Senior,2026
Virginia Wesleyan University,NCAA Division III,Old Dominion Athletic Conference,Virginia Beach,Virginia,De'Shon Brown,OPP,Freshman,2029
Virginia Wesleyan University,NCAA Division III,Old Dominion Athletic Conference,Virginia Beach,Virginia,Aiden Parker,OH,Junior,2027
Virginia Wesleyan University,NCAA Division III,Old Dominion Athletic Conference,Virginia Beach,Virginia,Ross Echea,MB,Senior,2026
Virginia Wesleyan University,NCAA Division III,Old Dominion Athletic Conference,Virginia Beach,Virginia,Carlyle Campbell,MB,Junior,2027
Virginia Wesleyan University,NCAA Division III,Old Dominion Athletic Conference,Virginia Beach,Virginia,Danny Smith,L,Freshman,2029
Virginia Wesleyan University,NCAA Division III,Old Dominion Athletic Conference,Virginia Beach,Virginia,Gavin Juhas,L,Freshman,2029
Virginia Wesleyan University,NCAA Division III,Old Dominion Athletic Conference,Virginia Beach,Virginia,Ajaye Davis,S,Sophomore,2028
Virginia Wesleyan University,NCAA Division III,Old Dominion Athletic Conference,Virginia Beach,Virginia,Grant Younie,OH,Senior,2026
Bethany College - West Virginia,NCAA Division III,Presidents Athletic Conference,Bethany,West Virginia,Baylen Loosier,S/OPP,Sophomore,2028
Bethany College - West Virginia,NCAA Division III,Presidents Athletic Conference,Bethany,West Virginia,Alexander Hall,OPP,Sophomore,2028
Bethany College - West Virginia,NCAA Division III,Presidents Athletic Conference,Bethany,West Virginia,Tyshon Francis,OH,Freshman,2029
Bethany College - West Virginia,NCAA Division III,Presidents Athletic Conference,Bethany,West Virginia,Cyrus Chappell,MB,Freshman,2029
Bethany College - West Virginia,NCAA Division III,Presidents Athletic Conference,Bethany,West Virginia,Cole Thomas,L,Sophomore,2028
Bethany College - West Virginia,NCAA Division III,Presidents Athletic Conference,Bethany,West Virginia,Braeden Reedus,OH,Freshman,2029
Bethany College - West Virginia,NCAA Division III,Presidents Athletic Conference,Bethany,West Virginia,McKay Ginez,MB,Junior,2027
Bethany College - West Virginia,NCAA Division III,Presidents Athletic Conference,Bethany,West Virginia,Riley Burdett,OH,Sophomore,2028
Bethany College - West Virginia,NCAA Division III,Presidents Athletic Conference,Bethany,West Virginia,Tyler Johnson,OH,Junior,2027
Bethany College - West Virginia,NCAA Division III,Presidents Athletic Conference,Bethany,West Virginia,Jason Martin,S,Freshman,2029
Bethany College - West Virginia,NCAA Division III,Presidents Athletic Conference,Bethany,West Virginia,Troy Brown,DS/L,Freshman,2029
Bethany College - West Virginia,NCAA Division III,Presidents Athletic Conference,Bethany,West Virginia,Emilio Feliciano,MB/OPP,Sophomore,2028
Bethany College - West Virginia,NCAA Division III,Presidents Athletic Conference,Bethany,West Virginia,Caden Johnson,MB/OPP,Freshman,2029
Bethany College - West Virginia,NCAA Division III,Presidents Athletic Conference,Bethany,West Virginia,Rylan Trapp,MB,Junior,2027
Bethany College - West Virginia,NCAA Division III,Presidents Athletic Conference,Bethany,West Virginia,Zachary Kay,S,Freshman,2029
Carthage College,NCAA Division III,College Conference of Illinois and Wisconsin,Kenosha,Wisconsin,Owen Otto,OH,Junior,2027
Carthage College,NCAA Division III,College Conference of Illinois and Wisconsin,Kenosha,Wisconsin,Owen Hendricks,OH,Junior,2027
Carthage College,NCAA Division III,College Conference of Illinois and Wisconsin,Kenosha,Wisconsin,Michael Yemm,OH,Senior,2026
Carthage College,NCAA Division III,College Conference of Illinois and Wisconsin,Kenosha,Wisconsin,Ermuun Batchuluun,S,Freshman,2029
Carthage College,NCAA Division III,College Conference of Illinois and Wisconsin,Kenosha,Wisconsin,Adrian Maciejewski,MB,Senior,2026
Carthage College,NCAA Division III,College Conference of Illinois and Wisconsin,Kenosha,Wisconsin,Ryan Morey,S,Senior,2026
Carthage College,NCAA Division III,College Conference of Illinois and Wisconsin,Kenosha,Wisconsin,Ollie Scharnick,OPP,Freshman,2029
Carthage College,NCAA Division III,College Conference of Illinois and Wisconsin,Kenosha,Wisconsin,Justin Ische,OH,Junior,2027
Carthage College,NCAA Division III,College Conference of Illinois and Wisconsin,Kenosha,Wisconsin,Joe Kolwicz,S,Senior,2026
Carthage College,NCAA Division III,College Conference of Illinois and Wisconsin,Kenosha,Wisconsin,Austin Mallory,L,Sophomore,2028
Carthage College,NCAA Division III,College Conference of Illinois and Wisconsin,Kenosha,Wisconsin,Ethan Sprague,MB,Junior,2027
Carthage College,NCAA Division III,College Conference of Illinois and Wisconsin,Kenosha,Wisconsin,Ruben Emmerich,MB/OPP,Senior,2026
Carthage College,NCAA Division III,College Conference of Illinois and Wisconsin,Kenosha,Wisconsin,Ben Heise,OPP,Junior,2027
Carthage College,NCAA Division III,College Conference of Illinois and Wisconsin,Kenosha,Wisconsin,Hudson Sweitzer,MB,Sophomore,2028
Carthage College,NCAA Division III,College Conference of Illinois and Wisconsin,Kenosha,Wisconsin,Carter Gibbons,OPP,Freshman,2029
Carthage College,NCAA Division III,College Conference of Illinois and Wisconsin,Kenosha,Wisconsin,Ryan Bartz,OH,Senior,2026
Carthage College,NCAA Division III,College Conference of Illinois and Wisconsin,Kenosha,Wisconsin,Ryan Monahan,OH,Freshman,2029
Carthage College,NCAA Division III,College Conference of Illinois and Wisconsin,Kenosha,Wisconsin,Erik Stover,OH,Sophomore,2028
Carthage College,NCAA Division III,College Conference of Illinois and Wisconsin,Kenosha,Wisconsin,Cooper Cantwell,MB,Freshman,2029
Carthage College,NCAA Division III,College Conference of Illinois and Wisconsin,Kenosha,Wisconsin,Devin McRae,OH,Freshman,2029
Carthage College,NCAA Division III,College Conference of Illinois and Wisconsin,Kenosha,Wisconsin,Xzavion Willett,MB,Sophomore,2028
Carthage College,NCAA Division III,College Conference of Illinois and Wisconsin,Kenosha,Wisconsin,Devon O'Callaghan,L,Sophomore,2028
Carthage College,NCAA Division III,College Conference of Illinois and Wisconsin,Kenosha,Wisconsin,Ryan Kelly,S,Junior,2027
Concordia University - Wisconsin,NCAA Division III,Northern Athletics Collegiate Conference,Mequon,Wisconsin,Ryan Burris,OH,Sophomore,2028
Concordia University - Wisconsin,NCAA Division III,Northern Athletics Collegiate Conference,Mequon,Wisconsin,Logan Rauter,S,Sophomore,2028
Concordia University - Wisconsin,NCAA Division III,Northern Athletics Collegiate Conference,Mequon,Wisconsin,Josh Valentine,OH,Freshman,2029
Concordia University - Wisconsin,NCAA Division III,Northern Athletics Collegiate Conference,Mequon,Wisconsin,Drew Nelson,L,Freshman,2029
Concordia University - Wisconsin,NCAA Division III,Northern Athletics Collegiate Conference,Mequon,Wisconsin,Hayden Hurley,S,Sophomore,2028
Concordia University - Wisconsin,NCAA Division III,Northern Athletics Collegiate Conference,Mequon,Wisconsin,Jian Bacerdo,OH,Freshman,2029
Concordia University - Wisconsin,NCAA Division III,Northern Athletics Collegiate Conference,Mequon,Wisconsin,Tate Miller,OH,Senior,2026
Concordia University - Wisconsin,NCAA Division III,Northern Athletics Collegiate Conference,Mequon,Wisconsin,Reid Scott,OPP,Sophomore,2028
Concordia University - Wisconsin,NCAA Division III,Northern Athletics Collegiate Conference,Mequon,Wisconsin,Owen Kolozsy,OH,Sophomore,2028
Concordia University - Wisconsin,NCAA Division III,Northern Athletics Collegiate Conference,Mequon,Wisconsin,Matthew Gutierrez,MB,Freshman,2029
Concordia University - Wisconsin,NCAA Division III,Northern Athletics Collegiate Conference,Mequon,Wisconsin,Cooper Dammann,L,Freshman,2029
Concordia University - Wisconsin,NCAA Division III,Northern Athletics Collegiate Conference,Mequon,Wisconsin,Parker Butterfass,MB,Sophomore,2028
Concordia University - Wisconsin,NCAA Division III,Northern Athletics Collegiate Conference,Mequon,Wisconsin,Will Wood,OPP,Senior,2026
Concordia University - Wisconsin,NCAA Division III,Northern Athletics Collegiate Conference,Mequon,Wisconsin,Chase Ammons,MB,Senior,2026
Edgewood College,NCAA Division III,Northern Athletics Collegiate Conference,Madison,Wisconsin,Oakley Griggs,OH/S,Freshman,2029
Edgewood College,NCAA Division III,Northern Athletics Collegiate Conference,Madison,Wisconsin,Tanner Sindorf,L/DS,Freshman,2029
Edgewood College,NCAA Division III,Northern Athletics Collegiate Conference,Madison,Wisconsin,Sam Slager,L/DS,Freshman,2029
Edgewood College,NCAA Division III,Northern Athletics Collegiate Conference,Madison,Wisconsin,Max Schmeling,UTL,Freshman,2029
Edgewood College,NCAA Division III,Northern Athletics Collegiate Conference,Madison,Wisconsin,Noah Mertens,MB/OPP,Freshman,2029
Edgewood College,NCAA Division III,Northern Athletics Collegiate Conference,Madison,Wisconsin,Cade Schueller,OH,Freshman,2029
Edgewood College,NCAA Division III,Northern Athletics Collegiate Conference,Madison,Wisconsin,Carsyn Stringfellow,OPP,Sophomore,2028
Edgewood College,NCAA Division III,Northern Athletics Collegiate Conference,Madison,Wisconsin,Jack Mullane,L/DS,Junior,2027
Edgewood College,NCAA Division III,Northern Athletics Collegiate Conference,Madison,Wisconsin,Ryder Hill-Zastrow,OPP,Senior,2026
Edgewood College,NCAA Division III,Northern Athletics Collegiate Conference,Madison,Wisconsin,Jack Keesling,MB,Sophomore,2028
Edgewood College,NCAA Division III,Northern Athletics Collegiate Conference,Madison,Wisconsin,Ethan Hoffert,S,Sophomore,2028
Edgewood College,NCAA Division III,Northern Athletics Collegiate Conference,Madison,Wisconsin,Bryce Wrobel,S,Senior,2026
Edgewood College,NCAA Division III,Northern Athletics Collegiate Conference,Madison,Wisconsin,Owen Hartjes,MB,Senior,2026
Edgewood College,NCAA Division III,Northern Athletics Collegiate Conference,Madison,Wisconsin,Owen Voigt,MB,Sophomore,2028
Lakeland University,NCAA Division III,Northern Athletics Collegiate Conference,Plymouth,Wisconsin,Luke Schultz,L/DS,Freshman,2029
Lakeland University,NCAA Division III,Northern Athletics Collegiate Conference,Plymouth,Wisconsin,Roger Sauvage,L,Senior,2026
Lakeland University,NCAA Division III,Northern Athletics Collegiate Conference,Plymouth,Wisconsin,Drake Schleihs,OH,Senior,2026
Lakeland University,NCAA Division III,Northern Athletics Collegiate Conference,Plymouth,Wisconsin,Eli Weinrich,OH,Senior,2026
Lakeland University,NCAA Division III,Northern Athletics Collegiate Conference,Plymouth,Wisconsin,Morgan Caho,OH,Sophomore,2028
Lakeland University,NCAA Division III,Northern Athletics Collegiate Conference,Plymouth,Wisconsin,Wade Hesselink,L,Sophomore,2028
Lakeland University,NCAA Division III,Northern Athletics Collegiate Conference,Plymouth,Wisconsin,Caden Toledo,L,Sophomore,2028
Lakeland University,NCAA Division III,Northern Athletics Collegiate Conference,Plymouth,Wisconsin,Sage Xiong,OH,Sophomore,2028
Lakeland University,NCAA Division III,Northern Athletics Collegiate Conference,Plymouth,Wisconsin,Connor Lewis,OH/MB,Sophomore,2028
Lakeland University,NCAA Division III,Northern Athletics Collegiate Conference,Plymouth,Wisconsin,Jakob Donohue,MB,Senior,2026
Lakeland University,NCAA Division III,Northern Athletics Collegiate Conference,Plymouth,Wisconsin,Colin Putchinski,OH,Freshman,2029
Lakeland University,NCAA Division III,Northern Athletics Collegiate Conference,Plymouth,Wisconsin,Joe Butterfield,MB,Sophomore,2028
Lakeland University,NCAA Division III,Northern Athletics Collegiate Conference,Plymouth,Wisconsin,Jordan Davis-Troller,MB,Senior,2026
Lakeland University,NCAA Division III,Northern Athletics Collegiate Conference,Plymouth,Wisconsin,Chase Anderson,S,Senior,2026
Lakeland University,NCAA Division III,Northern Athletics Collegiate Conference,Plymouth,Wisconsin,Griffin Lemberger,MB,Freshman,2029
Lakeland University,NCAA Division III,Northern Athletics Collegiate Conference,Plymouth,Wisconsin,Joe Bieganski,OH,Sophomore,2028
Lakeland University,NCAA Division III,Northern Athletics Collegiate Conference,Plymouth,Wisconsin,Jonah Brunner,S,Sophomore,2028
Lakeland University,NCAA Division III,Northern Athletics Collegiate Conference,Plymouth,Wisconsin,Blake Schultz,S,Freshman,2029
Lawrence University,NCAA Division III,Midwest Conference,Appleton,Wisconsin,Thomas Tanedo,S,Freshman,2029
Lawrence University,NCAA Division III,Midwest Conference,Appleton,Wisconsin,Max Li,L/OH,Freshman,2029
Lawrence University,NCAA Division III,Midwest Conference,Appleton,Wisconsin,Pol Cupons,L,Senior,2026
Lawrence University,NCAA Division III,Midwest Conference,Appleton,Wisconsin,Yegor Volkov,MB,Freshman,2029
Lawrence University,NCAA Division III,Midwest Conference,Appleton,Wisconsin,Gustavo Machado,OH,Junior,2027
Lawrence University,NCAA Division III,Midwest Conference,Appleton,Wisconsin,Noah Lippman,OPP/OH,Freshman,2029
Lawrence University,NCAA Division III,Midwest Conference,Appleton,Wisconsin,Gabriel Alves,OH,Freshman,2029
Lawrence University,NCAA Division III,Midwest Conference,Appleton,Wisconsin,Elvis Qafarena,OPP,Junior,2027
Lawrence University,NCAA Division III,Midwest Conference,Appleton,Wisconsin,Pedro Aguiar,S,Sophomore,2028
Lawrence University,NCAA Division III,Midwest Conference,Appleton,Wisconsin,Akram Askoul,MB,Senior,2026
Lawrence University,NCAA Division III,Midwest Conference,Appleton,Wisconsin,Andres Vega,OH,Senior,2026
Lawrence University,NCAA Division III,Midwest Conference,Appleton,Wisconsin,Troy Horvath,S,Sophomore,2028
Lawrence University,NCAA Division III,Midwest Conference,Appleton,Wisconsin,Nolan Meyer,MB,Freshman,2029
Lawrence University,NCAA Division III,Midwest Conference,Appleton,Wisconsin,Bru Lamarca,OPP,Freshman,2029
Lawrence University,NCAA Division III,Midwest Conference,Appleton,Wisconsin,Mario Cid,OH,Senior,2026
Lawrence University,NCAA Division III,Midwest Conference,Appleton,Wisconsin,Dyson Twitchell,OPP,Freshman,2029
Lawrence University,NCAA Division III,Midwest Conference,Appleton,Wisconsin,Elijah Cannon,OPP,Freshman,2029
Lawrence University,NCAA Division III,Midwest Conference,Appleton,Wisconsin,Zach Mead,L,Senior,2026
Maranatha Baptist University,NCAA Division III,Independent,Watertown,Wisconsin,Yinghao Sun,OH,Sophomore,2028
Maranatha Baptist University,NCAA Division III,Independent,Watertown,Wisconsin,Aaron Jones,OH,Senior,2026
Maranatha Baptist University,NCAA Division III,Independent,Watertown,Wisconsin,Steven Johnson,MB,Sophomore,2028
Maranatha Baptist University,NCAA Division III,Independent,Watertown,Wisconsin,Tyler Bellrichard,MB,Sophomore,2028
Maranatha Baptist University,NCAA Division III,Independent,Watertown,Wisconsin,Colton Brendel,OH,Freshman,2029
Maranatha Baptist University,NCAA Division III,Independent,Watertown,Wisconsin,Luke Nason,DS,Graduate Student,2026
Maranatha Baptist University,NCAA Division III,Independent,Watertown,Wisconsin,Eddie McCarty,L,Sophomore,2028
Maranatha Baptist University,NCAA Division III,Independent,Watertown,Wisconsin,Josiah Scott,S,Senior,2026
Maranatha Baptist University,NCAA Division III,Independent,Watertown,Wisconsin,Tim Stroup,MB,Freshman,2029
Marian University - Wisconsin,NCAA Division III,Northern Athletics Collegiate Conference,Fond Du Lac,Wisconsin,Rudy Badua,DS,Junior,2027
Marian University - Wisconsin,NCAA Division III,Northern Athletics Collegiate Conference,Fond Du Lac,Wisconsin,CJ Kendrick,DS,Senior,2026
Marian University - Wisconsin,NCAA Division III,Northern Athletics Collegiate Conference,Fond Du Lac,Wisconsin,Trent Goo Sun,OH,Senior,2026
Marian University - Wisconsin,NCAA Division III,Northern Athletics Collegiate Conference,Fond Du Lac,Wisconsin,Andrew Briones,DS,Senior,2026
Marian University - Wisconsin,NCAA Division III,Northern Athletics Collegiate Conference,Fond Du Lac,Wisconsin,Omar López,DS,Freshman,2029
Marian University - Wisconsin,NCAA Division III,Northern Athletics Collegiate Conference,Fond Du Lac,Wisconsin,Juan Gomez,OH,Sophomore,2028
Marian University - Wisconsin,NCAA Division III,Northern Athletics Collegiate Conference,Fond Du Lac,Wisconsin,JJ Ross,OPP,Junior,2027
Marian University - Wisconsin,NCAA Division III,Northern Athletics Collegiate Conference,Fond Du Lac,Wisconsin,Adrian Calderon-Castro,OH,Sophomore,2028
Marian University - Wisconsin,NCAA Division III,Northern Athletics Collegiate Conference,Fond Du Lac,Wisconsin,Carter Shogren,MB,Junior,2027
Marian University - Wisconsin,NCAA Division III,Northern Athletics Collegiate Conference,Fond Du Lac,Wisconsin,Ghreysen Scully,MB,Sophomore,2028
Marian University - Wisconsin,NCAA Division III,Northern Athletics Collegiate Conference,Fond Du Lac,Wisconsin,Tyler McGown,OPP,Freshman,2029
Marian University - Wisconsin,NCAA Division III,Northern Athletics Collegiate Conference,Fond Du Lac,Wisconsin,Luke Jones,OPP,Freshman,2029
Marian University - Wisconsin,NCAA Division III,Northern Athletics Collegiate Conference,Fond Du Lac,Wisconsin,Drake Deanovich,DS,Freshman,2029
Marian University - Wisconsin,NCAA Division III,Northern Athletics Collegiate Conference,Fond Du Lac,Wisconsin,Will Vanier,MB,Freshman,2029
Marian University - Wisconsin,NCAA Division III,Northern Athletics Collegiate Conference,Fond Du Lac,Wisconsin,Ryan Jarrett,S,Freshman,2029
Marian University - Wisconsin,NCAA Division III,Northern Athletics Collegiate Conference,Fond Du Lac,Wisconsin,Giancarlo Bou,S,Sophomore,2028
Milwaukee School of Engineering,NCAA Division III,Northern Athletics Collegiate Conference,Milwaukee,Wisconsin,Seth Thomas,OH,Senior,2026
Milwaukee School of Engineering,NCAA Division III,Northern Athletics Collegiate Conference,Milwaukee,Wisconsin,Callan Harris,OPP,Junior,2027
Milwaukee School of Engineering,NCAA Division III,Northern Athletics Collegiate Conference,Milwaukee,Wisconsin,Gregory Kubon,OH,Sophomore,2028
Milwaukee School of Engineering,NCAA Division III,Northern Athletics Collegiate Conference,Milwaukee,Wisconsin,Brendan Nesemann,S,Junior,2027
Milwaukee School of Engineering,NCAA Division III,Northern Athletics Collegiate Conference,Milwaukee,Wisconsin,Hunter Carroll,MB,Sophomore,2028
Milwaukee School of Engineering,NCAA Division III,Northern Athletics Collegiate Conference,Milwaukee,Wisconsin,Bram Griever,OPP,Graduate Student,2026
Milwaukee School of Engineering,NCAA Division III,Northern Athletics Collegiate Conference,Milwaukee,Wisconsin,Reed Hefley,S,Freshman,2029
Milwaukee School of Engineering,NCAA Division III,Northern Athletics Collegiate Conference,Milwaukee,Wisconsin,Antonio Llona Baez,OH,Junior,2027
Milwaukee School of Engineering,NCAA Division III,Northern Athletics Collegiate Conference,Milwaukee,Wisconsin,Matthew Schultz,MB,Junior,2027
Milwaukee School of Engineering,NCAA Division III,Northern Athletics Collegiate Conference,Milwaukee,Wisconsin,Dashh Johnson,MB,Freshman,2029
Milwaukee School of Engineering,NCAA Division III,Northern Athletics Collegiate Conference,Milwaukee,Wisconsin,Parker Rings,S,Junior,2027
Milwaukee School of Engineering,NCAA Division III,Northern Athletics Collegiate Conference,Milwaukee,Wisconsin,Filip Topor,MB,Junior,2027
Milwaukee School of Engineering,NCAA Division III,Northern Athletics Collegiate Conference,Milwaukee,Wisconsin,James Zippay,OH,Senior,2026
Milwaukee School of Engineering,NCAA Division III,Northern Athletics Collegiate Conference,Milwaukee,Wisconsin,John Wolf,MB,Senior,2026
Milwaukee School of Engineering,NCAA Division III,Northern Athletics Collegiate Conference,Milwaukee,Wisconsin,Jack Stolzer,OH,Freshman,2029
Milwaukee School of Engineering,NCAA Division III,Northern Athletics Collegiate Conference,Milwaukee,Wisconsin,Jackson Phillips,L,Junior,2027
Milwaukee School of Engineering,NCAA Division III,Northern Athletics Collegiate Conference,Milwaukee,Wisconsin,Henry Benson,L,Freshman,2029
Milwaukee School of Engineering,NCAA Division III,Northern Athletics Collegiate Conference,Milwaukee,Wisconsin,Konrad Swierczek,MB,Freshman,2029
Milwaukee School of Engineering,NCAA Division III,Northern Athletics Collegiate Conference,Milwaukee,Wisconsin,Ethan Howell,OH,Freshman,2029
Milwaukee School of Engineering,NCAA Division III,Northern Athletics Collegiate Conference,Milwaukee,Wisconsin,Ryan Huff,OH,Freshman,2029
Milwaukee School of Engineering,NCAA Division III,Northern Athletics Collegiate Conference,Milwaukee,Wisconsin,Juan J. Llona Baez,S,Freshman,2029
St. Norbert College,NCAA Division III,Northern Athletics Collegiate Conference,De Pere,Wisconsin,Skyy Russell,OH,Freshman,2029
St. Norbert College,NCAA Division III,Northern Athletics Collegiate Conference,De Pere,Wisconsin,Tommy Fleming,MB,Junior,2027
St. Norbert College,NCAA Division III,Northern Athletics Collegiate Conference,De Pere,Wisconsin,Barry Applewhite,MB,Senior,2026
St. Norbert College,NCAA Division III,Northern Athletics Collegiate Conference,De Pere,Wisconsin,Grant Bettag,MB/OPP,Junior,2027
St. Norbert College,NCAA Division III,Northern Athletics Collegiate Conference,De Pere,Wisconsin,Ryan Conway,DS/L,Senior,2026
St. Norbert College,NCAA Division III,Northern Athletics Collegiate Conference,De Pere,Wisconsin,Kade Nelson,MB,Senior,2026
St. Norbert College,NCAA Division III,Northern Athletics Collegiate Conference,De Pere,Wisconsin,Noah Cullen,OPP,Freshman,2029
St. Norbert College,NCAA Division III,Northern Athletics Collegiate Conference,De Pere,Wisconsin,Kaden Kornaus,OH,Senior,2026
St. Norbert College,NCAA Division III,Northern Athletics Collegiate Conference,De Pere,Wisconsin,Brady Hurley,OPP,Freshman,2029
St. Norbert College,NCAA Division III,Northern Athletics Collegiate Conference,De Pere,Wisconsin,Wade La Blanc,OPP,Junior,2027
St. Norbert College,NCAA Division III,Northern Athletics Collegiate Conference,De Pere,Wisconsin,Jacob Van Ooyen,PIN,Junior,2027
St. Norbert College,NCAA Division III,Northern Athletics Collegiate Conference,De Pere,Wisconsin,Ryder Slaght,MB,Freshman,2029
St. Norbert College,NCAA Division III,Northern Athletics Collegiate Conference,De Pere,Wisconsin,Nikola Zlatkovic,MB,Senior,2026
St. Norbert College,NCAA Division III,Northern Athletics Collegiate Conference,De Pere,Wisconsin,Jack Perhach,N/A,Senior,2026
St. Norbert College,NCAA Division III,Northern Athletics Collegiate Conference,De Pere,Wisconsin,Ryan Da Silva,OH,Freshman,2029
St. Norbert College,NCAA Division III,Northern Athletics Collegiate Conference,De Pere,Wisconsin,Sam Dalmann,MB,Freshman,2029
St. Norbert College,NCAA Division III,Northern Athletics Collegiate Conference,De Pere,Wisconsin,Mat Masiclat,S/DS,Freshman,2029
St. Norbert College,NCAA Division III,Northern Athletics Collegiate Conference,De Pere,Wisconsin,Michael Whitney,S,Senior,2026
St. Norbert College,NCAA Division III,Northern Athletics Collegiate Conference,De Pere,Wisconsin,Ethan Grassl,S/DS,Junior,2027
St. Norbert College,NCAA Division III,Northern Athletics Collegiate Conference,De Pere,Wisconsin,Bennett Kornaus,PIN,Junior,2027
St. Norbert College,NCAA Division III,Northern Athletics Collegiate Conference,De Pere,Wisconsin,Cam Doty,OH,Junior,2027
St. Norbert College,NCAA Division III,Northern Athletics Collegiate Conference,De Pere,Wisconsin,Zach Hanse,DS/L,Junior,2027
University of Wisconsin - Stevens Point,NCAA Division III,Wisconsin Intercollegiate Athletic Conference,Stevens Point,Wisconsin,Alec Peterson,MB,Freshman,2029
University of Wisconsin - Stevens Point,NCAA Division III,Wisconsin Intercollegiate Athletic Conference,Stevens Point,Wisconsin,Sam Jolin,S,Sophomore,2028
University of Wisconsin - Stevens Point,NCAA Division III,Wisconsin Intercollegiate Athletic Conference,Stevens Point,Wisconsin,Cael Bertrandt,OPP,Sophomore,2028
University of Wisconsin - Stevens Point,NCAA Division III,Wisconsin Intercollegiate Athletic Conference,Stevens Point,Wisconsin,Mason Polinske,L/DS,Junior,2027
University of Wisconsin - Stevens Point,NCAA Division III,Wisconsin Intercollegiate Athletic Conference,Stevens Point,Wisconsin,Kyle Smith,MB,Senior,2026
University of Wisconsin - Stevens Point,NCAA Division III,Wisconsin Intercollegiate Athletic Conference,Stevens Point,Wisconsin,Braeden Fawcett,S,Freshman,2029
University of Wisconsin - Stevens Point,NCAA Division III,Wisconsin Intercollegiate Athletic Conference,Stevens Point,Wisconsin,Dylan Niznik,OH/OPP,Junior,2027
University of Wisconsin - Stevens Point,NCAA Division III,Wisconsin Intercollegiate Athletic Conference,Stevens Point,Wisconsin,Nate Arndorfer,MB,Freshman,2029
University of Wisconsin - Stevens Point,NCAA Division III,Wisconsin Intercollegiate Athletic Conference,Stevens Point,Wisconsin,Tillon Galgan,L/DS,Sophomore,2028
University of Wisconsin - Stevens Point,NCAA Division III,Wisconsin Intercollegiate Athletic Conference,Stevens Point,Wisconsin,Amado Espinosa,L/DS/S,Junior,2027
University of Wisconsin - Stevens Point,NCAA Division III,Wisconsin Intercollegiate Athletic Conference,Stevens Point,Wisconsin,Jake Knoblock,MB,Freshman,2029
University of Wisconsin - Stevens Point,NCAA Division III,Wisconsin Intercollegiate Athletic Conference,Stevens Point,Wisconsin,Gabriel LoGalbo,OPP/MB,Junior,2027
University of Wisconsin - Stevens Point,NCAA Division III,Wisconsin Intercollegiate Athletic Conference,Stevens Point,Wisconsin,Liam Robertson,L/DS,Sophomore,2028
University of Wisconsin - Stevens Point,NCAA Division III,Wisconsin Intercollegiate Athletic Conference,Stevens Point,Wisconsin,Ethan Jetzer,OH,Sophomore,2028
University of Wisconsin - Stevens Point,NCAA Division III,Wisconsin Intercollegiate Athletic Conference,Stevens Point,Wisconsin,Andrew Yang,OPP,Senior,2026
University of Wisconsin - Stevens Point,NCAA Division III,Wisconsin Intercollegiate Athletic Conference,Stevens Point,Wisconsin,Hudson Dresen,OH,Sophomore,2028
University of Wisconsin - Stevens Point,NCAA Division III,Wisconsin Intercollegiate Athletic Conference,Stevens Point,Wisconsin,Alex Kimbel,S,Junior,2027
University of Wisconsin - Stevens Point,NCAA Division III,Wisconsin Intercollegiate Athletic Conference,Stevens Point,Wisconsin,Riley Brown,S,Sophomore,2028
University of Wisconsin - Stevens Point,NCAA Division III,Wisconsin Intercollegiate Athletic Conference,Stevens Point,Wisconsin,Josh Drollinger,OPP,Freshman,2029
University of Wisconsin - Stevens Point,NCAA Division III,Wisconsin Intercollegiate Athletic Conference,Stevens Point,Wisconsin,Nate Olson,OH,Sophomore,2028
University of Wisconsin - Stevens Point,NCAA Division III,Wisconsin Intercollegiate Athletic Conference,Stevens Point,Wisconsin,Michael Przybylski,OPP,Junior,2027
University of Wisconsin - Stevens Point,NCAA Division III,Wisconsin Intercollegiate Athletic Conference,Stevens Point,Wisconsin,Owen Andersen,OPP/MB,Sophomore,2028
University of Wisconsin - Stevens Point,NCAA Division III,Wisconsin Intercollegiate Athletic Conference,Stevens Point,Wisconsin,Rikhil Patidar,OH,Sophomore,2028
University of Wisconsin - Stevens Point,NCAA Division III,Wisconsin Intercollegiate Athletic Conference,Stevens Point,Wisconsin,Ben Feld,S,Sophomore,2028
Wisconsin Lutheran College,NCAA Division III,Northern Athletics Collegiate Conference,Milwaukee,Wisconsin,Noah Kern,OH,Sophomore,2028
Wisconsin Lutheran College,NCAA Division III,Northern Athletics Collegiate Conference,Milwaukee,Wisconsin,Ray Dryier,OH,Sophomore,2028
Wisconsin Lutheran College,NCAA Division III,Northern Athletics Collegiate Conference,Milwaukee,Wisconsin,Trevor Salutric,L,Senior,2026
Wisconsin Lutheran College,NCAA Division III,Northern Athletics Collegiate Conference,Milwaukee,Wisconsin,Logan Davies,OPP/MB,Freshman,2029
Wisconsin Lutheran College,NCAA Division III,Northern Athletics Collegiate Conference,Milwaukee,Wisconsin,George O'Connor,OH/OPP,Freshman,2029
Wisconsin Lutheran College,NCAA Division III,Northern Athletics Collegiate Conference,Milwaukee,Wisconsin,Adam Bedalov,S,Freshman,2029
Wisconsin Lutheran College,NCAA Division III,Northern Athletics Collegiate Conference,Milwaukee,Wisconsin,Ryder Vogt,L,Freshman,2029
Wisconsin Lutheran College,NCAA Division III,Northern Athletics Collegiate Conference,Milwaukee,Wisconsin,Brady Pichler,OPP,Sophomore,2028
Wisconsin Lutheran College,NCAA Division III,Northern Athletics Collegiate Conference,Milwaukee,Wisconsin,Carson Rau,OH,Sophomore,2028
Wisconsin Lutheran College,NCAA Division III,Northern Athletics Collegiate Conference,Milwaukee,Wisconsin,Michael Meloy,OH,Freshman,2029
Wisconsin Lutheran College,NCAA Division III,Northern Athletics Collegiate Conference,Milwaukee,Wisconsin,Connor Haeuser,OH,Senior,2026
Wisconsin Lutheran College,NCAA Division III,Northern Athletics Collegiate Conference,Milwaukee,Wisconsin,Sean Kane,OPP,Junior,2027
Wisconsin Lutheran College,NCAA Division III,Northern Athletics Collegiate Conference,Milwaukee,Wisconsin,Adonis Hilton,OH,Freshman,2029
Wisconsin Lutheran College,NCAA Division III,Northern Athletics Collegiate Conference,Milwaukee,Wisconsin,Jacob Geboy,MB,Sophomore,2028
Wisconsin Lutheran College,NCAA Division III,Northern Athletics Collegiate Conference,Milwaukee,Wisconsin,Drew Wempner,MB,Senior,2026
Wisconsin Lutheran College,NCAA Division III,Northern Athletics Collegiate Conference,Milwaukee,Wisconsin,Martin Malaythong,S,Freshman,2029
Wisconsin Lutheran College,NCAA Division III,Northern Athletics Collegiate Conference,Milwaukee,Wisconsin,David Warren,S,Freshman,2029
Wisconsin Lutheran College,NCAA Division III,Northern Athletics Collegiate Conference,Milwaukee,Wisconsin,Josh Ward,MB,Junior,2027
Douglas College (New Westminster),NCAA Division III,Pacific Western Athletic Association,New Westminster,British Columbia,Joshua Singh,S,Sophomore,2028
Douglas College (New Westminster),NCAA Division III,Pacific Western Athletic Association,New Westminster,British Columbia,Luke Hans,OH,Sophomore,2028
Douglas College (New Westminster),NCAA Division III,Pacific Western Athletic Association,New Westminster,British Columbia,Trevor Matthysen,OH,Junior,2027
Douglas College (New Westminster),NCAA Division III,Pacific Western Athletic Association,New Westminster,British Columbia,Parker Hicks,L,Senior,2026
Douglas College (New Westminster),NCAA Division III,Pacific Western Athletic Association,New Westminster,British Columbia,Joshua Laing,MB,Sophomore,2028
Douglas College (New Westminster),NCAA Division III,Pacific Western Athletic Association,New Westminster,British Columbia,Jakub Antosik,OH,Sophomore,2028
Douglas College (New Westminster),NCAA Division III,Pacific Western Athletic Association,New Westminster,British Columbia,Luca Drazic,OPP,Freshman,2029
Douglas College (New Westminster),NCAA Division III,Pacific Western Athletic Association,New Westminster,British Columbia,Marvin Tumusiime,OPP,Junior,2027
Douglas College (New Westminster),NCAA Division III,Pacific Western Athletic Association,New Westminster,British Columbia,Bryston Bilawka,OH,Freshman,2029
Douglas College (New Westminster),NCAA Division III,Pacific Western Athletic Association,New Westminster,British Columbia,William McBride,S,Freshman,2029
Douglas College (New Westminster),NCAA Division III,Pacific Western Athletic Association,New Westminster,British Columbia,Lynden Hart,L,Freshman,2029
Douglas College (New Westminster),NCAA Division III,Pacific Western Athletic Association,New Westminster,British Columbia,Shae Quennelle,MB,Sophomore,2028
Douglas College (New Westminster),NCAA Division III,Pacific Western Athletic Association,New Westminster,British Columbia,Nikolas Robles,OH,Junior,2027
Douglas College (New Westminster),NCAA Division III,Pacific Western Athletic Association,New Westminster,British Columbia,Anthony Zhao,MB,Freshman,2029
Antelope Valley College,3C2A,Western State Conference,Lancaster,California,Diego Ramirez,OH,Sophomore,2028
Antelope Valley College,3C2A,Western State Conference,Lancaster,California,Damion Sanchez,S,Freshman,2029
Antelope Valley College,3C2A,Western State Conference,Lancaster,California,Aidden Oleno,OH,Freshman,2029
Antelope Valley College,3C2A,Western State Conference,Lancaster,California,Jaymar Mones,L,Freshman,2029
Antelope Valley College,3C2A,Western State Conference,Lancaster,California,Joey Macias,DS,Freshman,2029
Antelope Valley College,3C2A,Western State Conference,Lancaster,California,Carlo Rafeh,MB,Freshman,2029
Antelope Valley College,3C2A,Western State Conference,Lancaster,California,David Buckley,OH,Sophomore,2028
Antelope Valley College,3C2A,Western State Conference,Lancaster,California,Sir-Gavin Epps,OH,Freshman,2029
Antelope Valley College,3C2A,Western State Conference,Lancaster,California,Pai Koko,OH,Freshman,2029
Antelope Valley College,3C2A,Western State Conference,Lancaster,California,Johnny Diaz,S,Freshman,2029
Antelope Valley College,3C2A,Western State Conference,Lancaster,California,Rene Orozco,S,Freshman,2029
Antelope Valley College,3C2A,Western State Conference,Lancaster,California,Ramon Anguiano,L,Freshman,2029
Antelope Valley College,3C2A,Western State Conference,Lancaster,California,Caleb Soltwedel,S,Freshman,2029
Antelope Valley College,3C2A,Western State Conference,Lancaster,California,Benjamin Alfaro,MB,Freshman,2029
Antelope Valley College,3C2A,Western State Conference,Lancaster,California,Jathan McNair,MB,Freshman,2029
Antelope Valley College,3C2A,Western State Conference,Lancaster,California,Isaiah McGilbray,OPP,Freshman,2029
Antelope Valley College,3C2A,Western State Conference,Lancaster,California,Kaden Tyson,DS,Freshman,2029
Antelope Valley College,3C2A,Western State Conference,Lancaster,California,Richard Rosette,OPP,Freshman,2029
El Camino College,3C2A,Western State Conference,Torrance,California,Zachary Halvorson,OH,Freshman,2029
El Camino College,3C2A,Western State Conference,Torrance,California,Maurice White,OH,Freshman,2029
El Camino College,3C2A,Western State Conference,Torrance,California,Miguel Vetus,OH,Freshman,2029
El Camino College,3C2A,Western State Conference,Torrance,California,Adan Alcantar,L,Freshman,2029
El Camino College,3C2A,Western State Conference,Torrance,California,Kaimana Honda,S,Freshman,2029
El Camino College,3C2A,Western State Conference,Torrance,California,Ali'i Oglesby,S,Freshman,2029
El Camino College,3C2A,Western State Conference,Torrance,California,Jordan Jotie,OH,Sophomore,2028
El Camino College,3C2A,Western State Conference,Torrance,California,Andrew David,L,Sophomore,2028
El Camino College,3C2A,Western State Conference,Torrance,California,Octavious Corona,MB,Freshman,2029
El Camino College,3C2A,Western State Conference,Torrance,California,Franco Gosto,OH,Sophomore,2028
El Camino College,3C2A,Western State Conference,Torrance,California,Owen Loebs,OH,Sophomore,2028
El Camino College,3C2A,Western State Conference,Torrance,California,Colton Alfaro,S,Freshman,2029
El Camino College,3C2A,Western State Conference,Torrance,California,William Reyes,L,Sophomore,2028
El Camino College,3C2A,Western State Conference,Torrance,California,Tyler Hartley,MB,Freshman,2029
El Camino College,3C2A,Western State Conference,Torrance,California,Chris Morris,OH,Freshman,2029
El Camino College,3C2A,Western State Conference,Torrance,California,Eugene Randle,MB,Freshman,2029
El Camino College,3C2A,Western State Conference,Torrance,California,Joshua Galloway,L,Freshman,2029
El Camino College,3C2A,Western State Conference,Torrance,California,Kolby Maniglia,N/A,Freshman,2029
El Camino College,3C2A,Western State Conference,Torrance,California,Luke Harmon,OH,Freshman,2029
El Camino College,3C2A,Western State Conference,Torrance,California,Matthew Parra,L,Freshman,2029
El Camino College,3C2A,Western State Conference,Torrance,California,Nazareth Iosia,OH,Freshman,2029
Fullerton College,3C2A,Orange Empire Conference,Fullerton,California,Danny Chapon,S,Sophomore,2028
Fullerton College,3C2A,Orange Empire Conference,Fullerton,California,Marcos Mora,S,Sophomore,2028
Fullerton College,3C2A,Orange Empire Conference,Fullerton,California,Jack Pellerin,OH,Freshman,2029
Fullerton College,3C2A,Orange Empire Conference,Fullerton,California,Emiliano Razo,S,Freshman,2029
Fullerton College,3C2A,Orange Empire Conference,Fullerton,California,Johnny Leonardo,L,Freshman,2029
Fullerton College,3C2A,Orange Empire Conference,Fullerton,California,Curtis Lee,OH,Sophomore,2028
Fullerton College,3C2A,Orange Empire Conference,Fullerton,California,Elias Morales,DS,Sophomore,2028
Fullerton College,3C2A,Orange Empire Conference,Fullerton,California,Oscar Venegas,L,Freshman,2029
Fullerton College,3C2A,Orange Empire Conference,Fullerton,California,Saman Bagheri,L,Freshman,2029
Fullerton College,3C2A,Orange Empire Conference,Fullerton,California,Logan Busch,OH,Freshman,2029
Fullerton College,3C2A,Orange Empire Conference,Fullerton,California,Seth Asaoka,OH,Sophomore,2028
Fullerton College,3C2A,Orange Empire Conference,Fullerton,California,Kaleb Ramos,MB,Freshman,2029
Fullerton College,3C2A,Orange Empire Conference,Fullerton,California,Daniel Minjarez,MB,Freshman,2029
Fullerton College,3C2A,Orange Empire Conference,Fullerton,California,Joshua Converse,OPP,Freshman,2029
Fullerton College,3C2A,Orange Empire Conference,Fullerton,California,Kyle Huang,OPP,Freshman,2029
Fullerton College,3C2A,Orange Empire Conference,Fullerton,California,Damarian Wright,OH,Freshman,2029
Fullerton College,3C2A,Orange Empire Conference,Fullerton,California,Ryan Merandi,S,Freshman,2029
Fullerton College,3C2A,Orange Empire Conference,Fullerton,California,Ashvin Jawale,L,Freshman,2029
Fullerton College,3C2A,Orange Empire Conference,Fullerton,California,Drew Craig,MB,Sophomore,2028
Fullerton College,3C2A,Orange Empire Conference,Fullerton,California,Matt Chacon,OH,Sophomore,2028
Fullerton College,3C2A,Orange Empire Conference,Fullerton,California,Yun Bae,S,Freshman,2029
Fullerton College,3C2A,Orange Empire Conference,Fullerton,California,Jasper Nadelson,MB,Sophomore,2028
Fullerton College,3C2A,Orange Empire Conference,Fullerton,California,Ian Romero,MB,Freshman,2029
Fullerton College,3C2A,Orange Empire Conference,Fullerton,California,Miguel Marquez,DS,Freshman,2029
Fullerton College,3C2A,Orange Empire Conference,Fullerton,California,Brandon Le,MB,Freshman,2029
Fullerton College,3C2A,Orange Empire Conference,Fullerton,California,JP Misa,OPP,Freshman,2029
Fullerton College,3C2A,Orange Empire Conference,Fullerton,California,Samuel Chavez,OPP,Sophomore,2028
Golden West College,3C2A,Orange Empire Conference,Huntington Beach,California,Derek Bashford,OH,Freshman,2029
Golden West College,3C2A,Orange Empire Conference,Huntington Beach,California,Noah Nelson,OH,Sophomore,2028
Golden West College,3C2A,Orange Empire Conference,Huntington Beach,California,Aaron Nguyen,L,Sophomore,2028
Golden West College,3C2A,Orange Empire Conference,Huntington Beach,California,Keegan Martyn,L,Sophomore,2028
Golden West College,3C2A,Orange Empire Conference,Huntington Beach,California,Jack McGrew,OH,Sophomore,2028
Golden West College,3C2A,Orange Empire Conference,Huntington Beach,California,Bryce Nehova,S,Sophomore,2028
Golden West College,3C2A,Orange Empire Conference,Huntington Beach,California,Gino Viggiano,OH,Redshirt Freshman,2029
Golden West College,3C2A,Orange Empire Conference,Huntington Beach,California,Akea Gaelon,MB,Freshman,2029
Golden West College,3C2A,Orange Empire Conference,Huntington Beach,California,Isaiah Espinoza,OH,Freshman,2029
Golden West College,3C2A,Orange Empire Conference,Huntington Beach,California,Finneus Sathrum,L/OH,Freshman,2029
Golden West College,3C2A,Orange Empire Conference,Huntington Beach,California,Kenneth Olmos,L,Sophomore,2028
Golden West College,3C2A,Orange Empire Conference,Huntington Beach,California,Nico Vitiello,L,Freshman,2029
Golden West College,3C2A,Orange Empire Conference,Huntington Beach,California,Logan Karkanen,S,Sophomore,2028
Golden West College,3C2A,Orange Empire Conference,Huntington Beach,California,John Braunstein,S,Sophomore,2028
Golden West College,3C2A,Orange Empire Conference,Huntington Beach,California,Frankie Gates,OPP,Sophomore,2028
Golden West College,3C2A,Orange Empire Conference,Huntington Beach,California,Aidan Dubno,OPP,Sophomore,2028
Golden West College,3C2A,Orange Empire Conference,Huntington Beach,California,AJ Kuebrich,MB,Sophomore,2028
Golden West College,3C2A,Orange Empire Conference,Huntington Beach,California,Travis Vandeluyster,MB,Freshman,2029
Golden West College,3C2A,Orange Empire Conference,Huntington Beach,California,Colin Harper,MB,Sophomore,2028
Golden West College,3C2A,Orange Empire Conference,Huntington Beach,California,Kaegan Ramdhani,MB,Freshman,2029
Golden West College,3C2A,Orange Empire Conference,Huntington Beach,California,Ian Joyce,OPP,Freshman,2029
Golden West College,3C2A,Orange Empire Conference,Huntington Beach,California,Logan Benda,OH,Freshman,2029
Golden West College,3C2A,Orange Empire Conference,Huntington Beach,California,Jacob Bosetti,OPP,Freshman,2029
Golden West College,3C2A,Orange Empire Conference,Huntington Beach,California,Jalen Williams,MB,Freshman,2029
Golden West College,3C2A,Orange Empire Conference,Huntington Beach,California,Hayden Betson,MB,Sophomore,2028
Golden West College,3C2A,Orange Empire Conference,Huntington Beach,California,Brett Marocchi,OPP,Sophomore,2028
Golden West College,3C2A,Orange Empire Conference,Huntington Beach,California,Kyle Prum,L,Freshman,2029
Golden West College,3C2A,Orange Empire Conference,Huntington Beach,California,Jeremy Smith,OH,Freshman,2029
Grossmont College,3C2A,Pacific Coast Athletic Conference,El Cajon,California,Noah Kircher,L,Freshman,2029
Grossmont College,3C2A,Pacific Coast Athletic Conference,El Cajon,California,Meessiy Parker,OPP/OH,Freshman,2029
Grossmont College,3C2A,Pacific Coast Athletic Conference,El Cajon,California,Riley Hoagland,OH,Freshman,2029
Grossmont College,3C2A,Pacific Coast Athletic Conference,El Cajon,California,Christian Bias,OPP,Sophomore,2028
Grossmont College,3C2A,Pacific Coast Athletic Conference,El Cajon,California,Gabriel Silva,S,Freshman,2029
Grossmont College,3C2A,Pacific Coast Athletic Conference,El Cajon,California,Joaquin Velasco,OH,Sophomore,2028
Grossmont College,3C2A,Pacific Coast Athletic Conference,El Cajon,California,Nicholas Krit,MB,Sophomore,2028
Grossmont College,3C2A,Pacific Coast Athletic Conference,El Cajon,California,Gannon Walters,S,Sophomore,2028
Grossmont College,3C2A,Pacific Coast Athletic Conference,El Cajon,California,Obed Lopez,L,Freshman,2029
Grossmont College,3C2A,Pacific Coast Athletic Conference,El Cajon,California,Jeremy Alaysa,OH/DS,Freshman,2029
Grossmont College,3C2A,Pacific Coast Athletic Conference,El Cajon,California,Reymundo Perez,OH,Freshman,2029
Grossmont College,3C2A,Pacific Coast Athletic Conference,El Cajon,California,Will Hawkins,OH,Freshman,2029
Grossmont College,3C2A,Pacific Coast Athletic Conference,El Cajon,California,Heaven Centillas,OH/S,Freshman,2029
Grossmont College,3C2A,Pacific Coast Athletic Conference,El Cajon,California,Mason Liew,L,Freshman,2029
Grossmont College,3C2A,Pacific Coast Athletic Conference,El Cajon,California,Miguel Cobian,MB,Freshman,2029
Grossmont College,3C2A,Pacific Coast Athletic Conference,El Cajon,California,Gabriel Salazar,OPP/OH,Freshman,2029
Grossmont College,3C2A,Pacific Coast Athletic Conference,El Cajon,California,Akhilles Bounleuang,OH,Freshman,2029
Grossmont College,3C2A,Pacific Coast Athletic Conference,El Cajon,California,Andy Novelo,MB,Freshman,2029
Grossmont College,3C2A,Pacific Coast Athletic Conference,El Cajon,California,Zim Garcia,MB,Freshman,2029
Grossmont College,3C2A,Pacific Coast Athletic Conference,El Cajon,California,Giovanni Surdock,S,Freshman,2029
Grossmont College,3C2A,Pacific Coast Athletic Conference,El Cajon,California,Tyler Davis-Prats,MB,Freshman,2029
Grossmont College,3C2A,Pacific Coast Athletic Conference,El Cajon,California,Peyton Post,L/DS,Freshman,2029
Grossmont College,3C2A,Pacific Coast Athletic Conference,El Cajon,California,Omar Tapia,S,Freshman,2029
Irvine Valley College,3C2A,Orange Empire Conference,Irvine,California,Zach Berg,S,Freshman,2029
Irvine Valley College,3C2A,Orange Empire Conference,Irvine,California,Jandel Ramirez,S,Sophomore,2028
Irvine Valley College,3C2A,Orange Empire Conference,Irvine,California,Tucker McClain,OH,Sophomore,2028
Irvine Valley College,3C2A,Orange Empire Conference,Irvine,California,Vance Giannini,OH,Freshman,2029
Irvine Valley College,3C2A,Orange Empire Conference,Irvine,California,Conor Engelbrecht,OH/L,Freshman,2029
Irvine Valley College,3C2A,Orange Empire Conference,Irvine,California,Mateo Mata,MB,Freshman,2029
Irvine Valley College,3C2A,Orange Empire Conference,Irvine,California,Christian Wilkinson,OH,Freshman,2029
Irvine Valley College,3C2A,Orange Empire Conference,Irvine,California,Cordae Sims,OH,Freshman,2029
Irvine Valley College,3C2A,Orange Empire Conference,Irvine,California,Mohammad Bahramand,L,Freshman,2029
Irvine Valley College,3C2A,Orange Empire Conference,Irvine,California,Zach Keeley,L/S,Freshman,2029
Irvine Valley College,3C2A,Orange Empire Conference,Irvine,California,William Haves,MB,Sophomore,2028
Irvine Valley College,3C2A,Orange Empire Conference,Irvine,California,Ben Earnshaw,OPP/MB,Freshman,2029
Irvine Valley College,3C2A,Orange Empire Conference,Irvine,California,Lucas Vo,OH,Sophomore,2028
Irvine Valley College,3C2A,Orange Empire Conference,Irvine,California,Cage Gonzalez,L,Sophomore,2028
Irvine Valley College,3C2A,Orange Empire Conference,Irvine,California,Sirr Lobban,L,Sophomore,2028
Irvine Valley College,3C2A,Orange Empire Conference,Irvine,California,Christian Apodaca,MB,Freshman,2029
Irvine Valley College,3C2A,Orange Empire Conference,Irvine,California,Shota Nakayama,OH,Freshman,2029
Irvine Valley College,3C2A,Orange Empire Conference,Irvine,California,Nolan Clarke,MB,Freshman,2029
Irvine Valley College,3C2A,Orange Empire Conference,Irvine,California,Thomas Liu,MB,Freshman,2029
Irvine Valley College,3C2A,Orange Empire Conference,Irvine,California,Ryan Surh,S,Freshman,2029
Irvine Valley College,3C2A,Orange Empire Conference,Irvine,California,Logan Vo,S,Freshman,2029
Irvine Valley College,3C2A,Orange Empire Conference,Irvine,California,Joshua Damianopoulos,MB,Sophomore,2028
Irvine Valley College,3C2A,Orange Empire Conference,Irvine,California,Kaarin Shiari,OH,Freshman,2029
Irvine Valley College,3C2A,Orange Empire Conference,Irvine,California,Isiah Sibbitt,S,Freshman,2029
Long Beach City College,3C2A,South Coast Conference,Long Beach,California,Efe Ertem,OPP,Freshman,2029
Long Beach City College,3C2A,South Coast Conference,Long Beach,California,Manu Lill,OH,Freshman,2029
Long Beach City College,3C2A,South Coast Conference,Long Beach,California,Ryder Tuaolo,S,Freshman,2029
Long Beach City College,3C2A,South Coast Conference,Long Beach,California,Sergio Garcia,L,Sophomore,2028
Long Beach City College,3C2A,South Coast Conference,Long Beach,California,Noah Pannek,MB,Freshman,2029
Long Beach City College,3C2A,South Coast Conference,Long Beach,California,Travis Brown,OH,Sophomore,2028
Long Beach City College,3C2A,South Coast Conference,Long Beach,California,Alden Jacobs,OH,Sophomore,2028
Long Beach City College,3C2A,South Coast Conference,Long Beach,California,Jerami Jeffery,MB,Freshman,2029
Long Beach City College,3C2A,South Coast Conference,Long Beach,California,Xian Gonzalez,MB,Freshman,2029
Long Beach City College,3C2A,South Coast Conference,Long Beach,California,Daniel Patino,DS,Freshman,2029
Long Beach City College,3C2A,South Coast Conference,Long Beach,California,Nathan Thai,OH,Freshman,2029
Long Beach City College,3C2A,South Coast Conference,Long Beach,California,Ezekiel Sablan,OH,Freshman,2029
Long Beach City College,3C2A,South Coast Conference,Long Beach,California,Mason Faatuai,MB,Freshman,2029
Long Beach City College,3C2A,South Coast Conference,Long Beach,California,Ethan Hammond,OPP,Sophomore,2028
Long Beach City College,3C2A,South Coast Conference,Long Beach,California,Jared Preciado,MB,Sophomore,2028
Long Beach City College,3C2A,South Coast Conference,Long Beach,California,Josiah Dawson,MB,Sophomore,2028
Long Beach City College,3C2A,South Coast Conference,Long Beach,California,Alex Madrid,L,Freshman,2029
Moorpark College,3C2A,Western State Conference,Moorpark,California,Titus Sandefur,L,Sophomore,2028
Moorpark College,3C2A,Western State Conference,Moorpark,California,Brandon Romero,OH,Freshman,2029
Moorpark College,3C2A,Western State Conference,Moorpark,California,Owen Peterson,OH,Sophomore,2028
Moorpark College,3C2A,Western State Conference,Moorpark,California,Jackson Riepe,MB,Freshman,2029
Moorpark College,3C2A,Western State Conference,Moorpark,California,Jake Morales,L,Sophomore,2028
Moorpark College,3C2A,Western State Conference,Moorpark,California,Reagan Sager,MB,Sophomore,2028
Moorpark College,3C2A,Western State Conference,Moorpark,California,Marco Farabolini,S,Freshman,2029
Moorpark College,3C2A,Western State Conference,Moorpark,California,Damian Bispham,OH,Freshman,2029
Moorpark College,3C2A,Western State Conference,Moorpark,California,Nicholas Songco,OH,Sophomore,2028
Moorpark College,3C2A,Western State Conference,Moorpark,California,Jacob Casimiro,S,Sophomore,2028
Moorpark College,3C2A,Western State Conference,Moorpark,California,Sean Ogle,L,Sophomore,2028
Moorpark College,3C2A,Western State Conference,Moorpark,California,Oliver Boton,S,Sophomore,2028
Moorpark College,3C2A,Western State Conference,Moorpark,California,Sean Nelson,OH,Sophomore,2028
Moorpark College,3C2A,Western State Conference,Moorpark,California,Chase Patterson,MB,Sophomore,2028
Moorpark College,3C2A,Western State Conference,Moorpark,California,Sinjon Laughton,MB,Sophomore,2028
Moorpark College,3C2A,Western State Conference,Moorpark,California,Joey Nelson,L,Sophomore,2028
Moorpark College,3C2A,Western State Conference,Moorpark,California,Esteban Nunez,OH,Sophomore,2028
Moorpark College,3C2A,Western State Conference,Moorpark,California,Owen Miranda,OPP,Sophomore,2028
Moorpark College,3C2A,Western State Conference,Moorpark,California,Danny Guerrero,MB,Freshman,2029
Moorpark College,3C2A,Western State Conference,Moorpark,California,Ryan Winston,S,Sophomore,2028
Moorpark College,3C2A,Western State Conference,Moorpark,California,Izac Garcia,OH,Freshman,2029
Moorpark College,3C2A,Western State Conference,Moorpark,California,Ethan Pulsipher,OPP,Sophomore,2028
Moorpark College,3C2A,Western State Conference,Moorpark,California,Luke Bergmann,OH,Freshman,2029
Moorpark College,3C2A,Western State Conference,Moorpark,California,Daniel Habibi,OH,Sophomore,2028
Orange Coast College,3C2A,Orange Empire Conference,Costa Mesa,California,Adam Haidar,MB,Sophomore,2028
Orange Coast College,3C2A,Orange Empire Conference,Costa Mesa,California,Aiden Fisher,L,Freshman,2029
Orange Coast College,3C2A,Orange Empire Conference,Costa Mesa,California,Ben Bray,OH,Freshman,2029
Orange Coast College,3C2A,Orange Empire Conference,Costa Mesa,California,Gabriel Nichter,L,Sophomore,2028
Orange Coast College,3C2A,Orange Empire Conference,Costa Mesa,California,Nathan Jackson,L,Freshman,2029
Orange Coast College,3C2A,Orange Empire Conference,Costa Mesa,California,Kaden Wong,S,Freshman,2029
Orange Coast College,3C2A,Orange Empire Conference,Costa Mesa,California,Keagin Christenson,S,Sophomore,2028
Orange Coast College,3C2A,Orange Empire Conference,Costa Mesa,California,Ashtonn Florentin,OPP,Sophomore,2028
Orange Coast College,3C2A,Orange Empire Conference,Costa Mesa,California,Mason Grubbs,S,Freshman,2029
Orange Coast College,3C2A,Orange Empire Conference,Costa Mesa,California,Jett Reyes,S,Freshman,2029
Orange Coast College,3C2A,Orange Empire Conference,Costa Mesa,California,Max Smith,OH,Freshman,2029
Orange Coast College,3C2A,Orange Empire Conference,Costa Mesa,California,Tommy Saunders,OH,Freshman,2029
Orange Coast College,3C2A,Orange Empire Conference,Costa Mesa,California,Quentin Ryan,OPP,Freshman,2029
Orange Coast College,3C2A,Orange Empire Conference,Costa Mesa,California,Joey Thalken,OH,Freshman,2029
Orange Coast College,3C2A,Orange Empire Conference,Costa Mesa,California,Casey Francis,OH,Freshman,2029
Orange Coast College,3C2A,Orange Empire Conference,Costa Mesa,California,Laird Garcia,MB,Freshman,2029
Orange Coast College,3C2A,Orange Empire Conference,Costa Mesa,California,Seth Sainz,MB,Freshman,2029
Orange Coast College,3C2A,Orange Empire Conference,Costa Mesa,California,Victor Loiola,OH,Freshman,2029
Orange Coast College,3C2A,Orange Empire Conference,Costa Mesa,California,Collin Applegate,OPP,Freshman,2029
Orange Coast College,3C2A,Orange Empire Conference,Costa Mesa,California,Dylan Mister,OH,Freshman,2029
Orange Coast College,3C2A,Orange Empire Conference,Costa Mesa,California,Charlie Herrington,MB,Freshman,2029
Orange Coast College,3C2A,Orange Empire Conference,Costa Mesa,California,Reece Leftwich,L,Freshman,2029
Orange Coast College,3C2A,Orange Empire Conference,Costa Mesa,California,Bjorn Hawe,MB,Freshman,2029
Palomar College,3C2A,Pacific Coast Athletic Conference,San Marcos,California,Jason Fuentes,L,Freshman,2029
Palomar College,3C2A,Pacific Coast Athletic Conference,San Marcos,California,Savio Nguyen,L,Freshman,2029
Palomar College,3C2A,Pacific Coast Athletic Conference,San Marcos,California,Keeyon Williams,L,Sophomore,2028
Palomar College,3C2A,Pacific Coast Athletic Conference,San Marcos,California,Robert Pukahi,L/OH,Sophomore,2028
Palomar College,3C2A,Pacific Coast Athletic Conference,San Marcos,California,Ceddrick Chanchic,S,Freshman,2029
Palomar College,3C2A,Pacific Coast Athletic Conference,San Marcos,California,Paul Kozmiski,OH,Freshman,2029
Palomar College,3C2A,Pacific Coast Athletic Conference,San Marcos,California,Aiden Gardiner,MB/OH,Sophomore,2028
Palomar College,3C2A,Pacific Coast Athletic Conference,San Marcos,California,Like Pihana,L/OH,Sophomore,2028
Palomar College,3C2A,Pacific Coast Athletic Conference,San Marcos,California,Yoshua Espinoza,S,Freshman,2029
Palomar College,3C2A,Pacific Coast Athletic Conference,San Marcos,California,Josh Garland,OH,Sophomore,2028
Palomar College,3C2A,Pacific Coast Athletic Conference,San Marcos,California,PJ Sambrano,S,Freshman,2029
Palomar College,3C2A,Pacific Coast Athletic Conference,San Marcos,California,Connor Ferguson,MB/OH,Freshman,2029
Palomar College,3C2A,Pacific Coast Athletic Conference,San Marcos,California,Todd Clemens,S,Freshman,2029
Palomar College,3C2A,Pacific Coast Athletic Conference,San Marcos,California,Tyler Smith,OH,Freshman,2029
Palomar College,3C2A,Pacific Coast Athletic Conference,San Marcos,California,Carlo Valenzuela,MB,Freshman,2029
Palomar College,3C2A,Pacific Coast Athletic Conference,San Marcos,California,Sebastian Gomez,MB,Sophomore,2028
Palomar College,3C2A,Pacific Coast Athletic Conference,San Marcos,California,Noah Fontelera,OH,Sophomore,2028
Palomar College,3C2A,Pacific Coast Athletic Conference,San Marcos,California,Isaiah Fontelera,S,Freshman,2029
Pierce College - Los Angeles,3C2A,Western State Conference,Woodland Hills,California,Sam Henry,OPP,Sophomore,2028
Pierce College - Los Angeles,3C2A,Western State Conference,Woodland Hills,California,Marcus De Vera,L/OH,Sophomore,2028
Pierce College - Los Angeles,3C2A,Western State Conference,Woodland Hills,California,Gavin Arnold,MB,Sophomore,2028
Pierce College - Los Angeles,3C2A,Western State Conference,Woodland Hills,California,Kenned Vea,OH,Freshman,2029
Pierce College - Los Angeles,3C2A,Western State Conference,Woodland Hills,California,Lorenzo Gonzalez,OH,Freshman,2029
Pierce College - Los Angeles,3C2A,Western State Conference,Woodland Hills,California,Ronaldo Zayas,S,Freshman,2029
Pierce College - Los Angeles,3C2A,Western State Conference,Woodland Hills,California,Jacob Jepson,OH,Sophomore,2028
Pierce College - Los Angeles,3C2A,Western State Conference,Woodland Hills,California,Armando Gamez,S,Freshman,2029
Pierce College - Los Angeles,3C2A,Western State Conference,Woodland Hills,California,Adrian Gamez,OH,Sophomore,2028
Pierce College - Los Angeles,3C2A,Western State Conference,Woodland Hills,California,Ryan Tse,MB/OPP,Freshman,2029
Pierce College - Los Angeles,3C2A,Western State Conference,Woodland Hills,California,Miguel Cordova,MB/OPP,Freshman,2029
Pierce College - Los Angeles,3C2A,Western State Conference,Woodland Hills,California,Dev Vunnam,OH/OPP,Freshman,2029
Pierce College - Los Angeles,3C2A,Western State Conference,Woodland Hills,California,Ryder Tafoya,OH/OPP,Freshman,2029
Pierce College - Los Angeles,3C2A,Western State Conference,Woodland Hills,California,Steven Whalen,OH/L,Freshman,2029
Pierce College - Los Angeles,3C2A,Western State Conference,Woodland Hills,California,Kristian Ognjanovic,S,Freshman,2029
San Diego Mesa College,3C2A,Pacific Coast Athletic Conference,San Diego,California,Cole Myrick,OH,Sophomore,2028
San Diego Mesa College,3C2A,Pacific Coast Athletic Conference,San Diego,California,Donovan Rogers,L/DS,Sophomore,2028
San Diego Mesa College,3C2A,Pacific Coast Athletic Conference,San Diego,California,Gavin Spiess,L/DS,Freshman,2029
San Diego Mesa College,3C2A,Pacific Coast Athletic Conference,San Diego,California,Ryder Kuckein,L/DS,Freshman,2029
San Diego Mesa College,3C2A,Pacific Coast Athletic Conference,San Diego,California,Sean Militante,S,Sophomore,2028
San Diego Mesa College,3C2A,Pacific Coast Athletic Conference,San Diego,California,Ryan Enos,MB,Freshman,2029
San Diego Mesa College,3C2A,Pacific Coast Athletic Conference,San Diego,California,Ivan Mack,MB,Freshman,2029
San Diego Mesa College,3C2A,Pacific Coast Athletic Conference,San Diego,California,Sonnyboy Matavao,OH,Freshman,2029
San Diego Mesa College,3C2A,Pacific Coast Athletic Conference,San Diego,California,Brody Hagenah,OH,Sophomore,2028
San Diego Mesa College,3C2A,Pacific Coast Athletic Conference,San Diego,California,Sean Camden,S,Freshman,2029
San Diego Mesa College,3C2A,Pacific Coast Athletic Conference,San Diego,California,Dane Roblee,MB,Freshman,2029
San Diego Mesa College,3C2A,Pacific Coast Athletic Conference,San Diego,California,Slater Beacham,S,Sophomore,2028
San Diego Mesa College,3C2A,Pacific Coast Athletic Conference,San Diego,California,John Deinhardt,L/DS,Freshman,2029
San Diego Mesa College,3C2A,Pacific Coast Athletic Conference,San Diego,California,Xavier O'Boyle,MB/OPP,Sophomore,2028
San Diego Mesa College,3C2A,Pacific Coast Athletic Conference,San Diego,California,Nolan Apodaca,OPP,Sophomore,2028
San Diego Mesa College,3C2A,Pacific Coast Athletic Conference,San Diego,California,Matthew Enos,MB/OPP,Freshman,2029
San Diego Mesa College,3C2A,Pacific Coast Athletic Conference,San Diego,California,Michael Cozy,OH,Freshman,2029
San Diego Mesa College,3C2A,Pacific Coast Athletic Conference,San Diego,California,Owen Adams,MB,Freshman,2029
San Diego Mesa College,3C2A,Pacific Coast Athletic Conference,San Diego,California,Cooper Fry,OH,Freshman,2029
San Diego Mesa College,3C2A,Pacific Coast Athletic Conference,San Diego,California,Brandon Underwood,OH/OPP,Redshirt,N/A
San Diego Mesa College,3C2A,Pacific Coast Athletic Conference,San Diego,California,Gabriel Melo,OH,Redshirt,N/A
San Diego Miramar College,3C2A,Pacific Coast Athletic Conference,San Diego,California,Alan Ramirez,L/DS,Freshman,2029
San Diego Miramar College,3C2A,Pacific Coast Athletic Conference,San Diego,California,Grant Guiomar,L,Sophomore,2028
San Diego Miramar College,3C2A,Pacific Coast Athletic Conference,San Diego,California,Gordon Lee,S,Freshman,2029
San Diego Miramar College,3C2A,Pacific Coast Athletic Conference,San Diego,California,Brennan Schmidt,S,Sophomore,2028
San Diego Miramar College,3C2A,Pacific Coast Athletic Conference,San Diego,California,Sebastion Flores,OH,Freshman,2029
San Diego Miramar College,3C2A,Pacific Coast Athletic Conference,San Diego,California,Tim Pohlmann,OPP,Sophomore,2028
San Diego Miramar College,3C2A,Pacific Coast Athletic Conference,San Diego,California,Mason Nies,OH,Sophomore,2028
San Diego Miramar College,3C2A,Pacific Coast Athletic Conference,San Diego,California,Luke Simone,OH,Sophomore,2028
San Diego Miramar College,3C2A,Pacific Coast Athletic Conference,San Diego,California,Jaycob Do,S,Freshman,2029
San Diego Miramar College,3C2A,Pacific Coast Athletic Conference,San Diego,California,Isaiah Gutierrez,OH/OPP,Freshman,2029
San Diego Miramar College,3C2A,Pacific Coast Athletic Conference,San Diego,California,Daymon Dumlao,OPP,Redshirt Freshman,2029
San Diego Miramar College,3C2A,Pacific Coast Athletic Conference,San Diego,California,Jacob Morrison,OH,Freshman,2029
San Diego Miramar College,3C2A,Pacific Coast Athletic Conference,San Diego,California,Jackson Dempster,MB,Sophomore,2028
San Diego Miramar College,3C2A,Pacific Coast Athletic Conference,San Diego,California,Dylan Henry,OH,Freshman,2029
San Diego Miramar College,3C2A,Pacific Coast Athletic Conference,San Diego,California,Taj Steele,MB,Sophomore,2028
San Diego Miramar College,3C2A,Pacific Coast Athletic Conference,San Diego,California,Zachary Donaldson,MB,Freshman,2029
San Diego Miramar College,3C2A,Pacific Coast Athletic Conference,San Diego,California,Karl Araujo,OH,Redshirt,N/A
San Diego Miramar College,3C2A,Pacific Coast Athletic Conference,San Diego,California,Justin Farmer,OH,Redshirt,N/A
San Diego Miramar College,3C2A,Pacific Coast Athletic Conference,San Diego,California,Ismail Habib,S,Redshirt,N/A
San Diego Miramar College,3C2A,Pacific Coast Athletic Conference,San Diego,California,Kendrick Lin,L/DS,Redshirt,N/A
San Diego Miramar College,3C2A,Pacific Coast Athletic Conference,San Diego,California,D'Angelo Ross,MB,Redshirt,N/A
San Diego Miramar College,3C2A,Pacific Coast Athletic Conference,San Diego,California,Corey Sanders,L/DS,Redshirt,N/A
Santa Barbara City College,3C2A,Western State Conference,Santa Barbara,California,Devon Russell,S,Freshman,2029
Santa Barbara City College,3C2A,Western State Conference,Santa Barbara,California,Payton Martinez,L,Sophomore,2028
Santa Barbara City College,3C2A,Western State Conference,Santa Barbara,California,Gammon Nilssen,OH/S,Freshman,2029
Santa Barbara City College,3C2A,Western State Conference,Santa Barbara,California,Carter Rhoten,MB,Sophomore,2028
Santa Barbara City College,3C2A,Western State Conference,Santa Barbara,California,Luke Steinert,L,Sophomore,2028
Santa Barbara City College,3C2A,Western State Conference,Santa Barbara,California,Andre Yarme,L,Redshirt Sophomore,2028
Santa Barbara City College,3C2A,Western State Conference,Santa Barbara,California,Parker Dison,OH,Freshman,2029
Santa Barbara City College,3C2A,Western State Conference,Santa Barbara,California,Ayden Welch,S,Freshman,2029
Santa Barbara City College,3C2A,Western State Conference,Santa Barbara,California,Henry Carlin,S,Sophomore,2028
Santa Barbara City College,3C2A,Western State Conference,Santa Barbara,California,Mykolas Petritias,OH/OPP,Sophomore,2028
Santa Barbara City College,3C2A,Western State Conference,Santa Barbara,California,James Walker-Ziegler,OPP,Sophomore,2028
Santa Barbara City College,3C2A,Western State Conference,Santa Barbara,California,Keegan Hubbard,MB,Sophomore,2028
Santa Barbara City College,3C2A,Western State Conference,Santa Barbara,California,Lukas Jordan,OH/OPP,Freshman,2029
Santa Barbara City College,3C2A,Western State Conference,Santa Barbara,California,Markus Krepp,OH/OPP,Sophomore,2028
Santa Barbara City College,3C2A,Western State Conference,Santa Barbara,California,Nick Schultz,MB,Sophomore,2028
Santa Barbara City College,3C2A,Western State Conference,Santa Barbara,California,Greyson Goldberg,OH/OPP,Redshirt Sophomore,2028
Santa Barbara City College,3C2A,Western State Conference,Santa Barbara,California,Evan Thompson,OPP/MB,Redshirt Sophomore,2028
Santa Barbara City College,3C2A,Western State Conference,Santa Barbara,California,Charlie Coordt,OH,Sophomore,2028
Santa Monica College,3C2A,Western State Conference,Santa Monica,California,Devyn McDonald,MB,Freshman,2029
Santa Monica College,3C2A,Western State Conference,Santa Monica,California,Alexis Valenzuela,S,Freshman,2029
Santa Monica College,3C2A,Western State Conference,Santa Monica,California,Kanan Lerner,OH,Sophomore,2028
Santa Monica College,3C2A,Western State Conference,Santa Monica,California,RJ Carroll,OH,Sophomore,2028
Santa Monica College,3C2A,Western State Conference,Santa Monica,California,Jace Allison,MB,Sophomore,2028
Santa Monica College,3C2A,Western State Conference,Santa Monica,California,Demian Anisimov,OH,Freshman,2029
Santa Monica College,3C2A,Western State Conference,Santa Monica,California,James Ban,L,Sophomore,2028
Santa Monica College,3C2A,Western State Conference,Santa Monica,California,Ali Badr,OH/OPP,Freshman,2029
Santa Monica College,3C2A,Western State Conference,Santa Monica,California,Jayden Lyons,MB/OPP,Freshman,2029
Santa Monica College,3C2A,Western State Conference,Santa Monica,California,Steven Ashby,N/A,Freshman,2029
Santa Monica College,3C2A,Western State Conference,Santa Monica,California,Ethan Lo,S,Sophomore,2028
Santa Monica College,3C2A,Western State Conference,Santa Monica,California,Sean Wahlig,L,Freshman,2029
Santa Monica College,3C2A,Western State Conference,Santa Monica,California,Ryan Tseng,S,Freshman,2029
Santa Monica College,3C2A,Western State Conference,Santa Monica,California,Ryan Montero,L/S,Sophomore,2028
Santa Monica College,3C2A,Western State Conference,Santa Monica,California,Soorya Raman,MB,Sophomore,2028
Santa Monica College,3C2A,Western State Conference,Santa Monica,California,Samanu Hannemann,OPP/MB,Sophomore,2028
Santa Monica College,3C2A,Western State Conference,Santa Monica,California,Marlon Cabebe,OH,Sophomore,2028
Santa Monica College,3C2A,Western State Conference,Santa Monica,California,Taysean Cassasola,OH,Freshman,2029
Santa Monica College,3C2A,Western State Conference,Santa Monica,California,Maliki Farrell,OPP,Sophomore,2028
Santa Monica College,3C2A,Western State Conference,Santa Monica,California,Bryan Gridiron,OH,Freshman,2029
Santa Monica College,3C2A,Western State Conference,Santa Monica,California,Sergio Hernandez,S,Sophomore,2028
Santa Monica College,3C2A,Western State Conference,Santa Monica,California,Logan Preteroti,OPP,Sophomore,2028
Santiago Canyon College,3C2A,Orange Empire Conference,Orange,California,Jack Frame,OH,Freshman,2029
Santiago Canyon College,3C2A,Orange Empire Conference,Orange,California,Arturo Gomez-Penaloza,OH,Sophomore,2028
Santiago Canyon College,3C2A,Orange Empire Conference,Orange,California,Levi Florance,L,Sophomore,2028
Santiago Canyon College,3C2A,Orange Empire Conference,Orange,California,Logan Gaines,MB,Freshman,2029
Santiago Canyon College,3C2A,Orange Empire Conference,Orange,California,Angel Hernandez,L,Freshman,2029
Santiago Canyon College,3C2A,Orange Empire Conference,Orange,California,Earl Stacy,OPP,Sophomore,2028
Santiago Canyon College,3C2A,Orange Empire Conference,Orange,California,Nick White,S,Freshman,2029
Santiago Canyon College,3C2A,Orange Empire Conference,Orange,California,Roen Forbes,S,Freshman,2029
Santiago Canyon College,3C2A,Orange Empire Conference,Orange,California,Kody Cornish,S,Freshman,2029
Santiago Canyon College,3C2A,Orange Empire Conference,Orange,California,Aaron Buckley,OH/OPP,Freshman,2029
Santiago Canyon College,3C2A,Orange Empire Conference,Orange,California,Jacob Veselkov,OH/L,Freshman,2029
Santiago Canyon College,3C2A,Orange Empire Conference,Orange,California,Rodolfo Marrero-Ramos,MB,Freshman,2029
Santiago Canyon College,3C2A,Orange Empire Conference,Orange,California,Logan Campbell,MB,Freshman,2029
Santiago Canyon College,3C2A,Orange Empire Conference,Orange,California,Mateo Salas-Sarmiento,OH,Freshman,2029
Santiago Canyon College,3C2A,Orange Empire Conference,Orange,California,Brayden Payne,OPP,Sophomore,2028
Santiago Canyon College,3C2A,Orange Empire Conference,Orange,California,David Martinez,S,Freshman,2029
Santiago Canyon College,3C2A,Orange Empire Conference,Orange,California,Brady Hillmar,L,Freshman,2029
College of DuPage,NJCAA,NJCAA Region 4,Glen Ellyn,Illinois,Amadeus Morales,S,Freshman,2029
College of DuPage,NJCAA,NJCAA Region 4,Glen Ellyn,Illinois,Nicholas Ockrim,L/DS,Freshman,2029
College of DuPage,NJCAA,NJCAA Region 4,Glen Ellyn,Illinois,Robert Witek,OH,Freshman,2029
College of DuPage,NJCAA,NJCAA Region 4,Glen Ellyn,Illinois,Jahir Lopez,L/DS,Sophomore,2028
College of DuPage,NJCAA,NJCAA Region 4,Glen Ellyn,Illinois,Coady Seidler,OH,Sophomore,2028
College of DuPage,NJCAA,NJCAA Region 4,Glen Ellyn,Illinois,Max McDermott,S,Freshman,2029
College of DuPage,NJCAA,NJCAA Region 4,Glen Ellyn,Illinois,Tyler Sampson,MB,Freshman,2029
College of DuPage,NJCAA,NJCAA Region 4,Glen Ellyn,Illinois,Burton Bosan,S/OH,Redshirt Freshman,2029
College of DuPage,NJCAA,NJCAA Region 4,Glen Ellyn,Illinois,Lance Mueller,OPP,Sophomore,2028
College of DuPage,NJCAA,NJCAA Region 4,Glen Ellyn,Illinois,Adam Janowiak,OH,Sophomore,2028
College of DuPage,NJCAA,NJCAA Region 4,Glen Ellyn,Illinois,Danny Overlin,OPP,Sophomore,2028
College of DuPage,NJCAA,NJCAA Region 4,Glen Ellyn,Illinois,Brayden Tejeda,MB,Sophomore,2028
College of DuPage,NJCAA,NJCAA Region 4,Glen Ellyn,Illinois,Max Sobus,MB,Freshman,2029
College of DuPage,NJCAA,NJCAA Region 4,Glen Ellyn,Illinois,Luc Neczek,S,Freshman,2029
College of DuPage,NJCAA,NJCAA Region 4,Glen Ellyn,Illinois,Adam Sanchez,MB,Freshman,2029
College of DuPage,NJCAA,NJCAA Region 4,Glen Ellyn,Illinois,Joey Seebauer,OH,Freshman,2029
College of DuPage,NJCAA,NJCAA Region 4,Glen Ellyn,Illinois,Matthew Pemberton,MB,Freshman,2029
Atlantic Cape Community College,NJCAA,NJCAA Region 19,Mays Landing,New Jersey,Lautaro Canazares,L,Sophomore,2028
Atlantic Cape Community College,NJCAA,NJCAA Region 19,Mays Landing,New Jersey,Isaac Fishman,MB,Freshman,2029
Atlantic Cape Community College,NJCAA,NJCAA Region 19,Mays Landing,New Jersey,Daymeon Hallock,MB,Freshman,2029
Atlantic Cape Community College,NJCAA,NJCAA Region 19,Mays Landing,New Jersey,Jordan Kaarby,S,Freshman,2029
Atlantic Cape Community College,NJCAA,NJCAA Region 19,Mays Landing,New Jersey,Jake Khuc,OH/L,Freshman,2029
Atlantic Cape Community College,NJCAA,NJCAA Region 19,Mays Landing,New Jersey,Brandon Mendoza,OPP,Freshman,2029
Atlantic Cape Community College,NJCAA,NJCAA Region 19,Mays Landing,New Jersey,Justin Sawyer,OH/OPP,Sophomore,2028
Atlantic Cape Community College,NJCAA,NJCAA Region 19,Mays Landing,New Jersey,Brandon Stolfo,OH,Sophomore,2028
Atlantic Cape Community College,NJCAA,NJCAA Region 19,Mays Landing,New Jersey,Matthew Vibora,DS,Freshman,2029
Atlantic Cape Community College,NJCAA,NJCAA Region 19,Mays Landing,New Jersey,Matthew Viruet,OPP/S,Freshman,2029
Brookdale Community College,NJCAA,NJCAA Region 19,Lincroft,New Jersey,Aidan Mijares,DS/L,Freshman,2029
Brookdale Community College,NJCAA,NJCAA Region 19,Lincroft,New Jersey,Edwin Alcantara,L/DS,Sophomore,2028
Brookdale Community College,NJCAA,NJCAA Region 19,Lincroft,New Jersey,Roger Nieto,OH,Freshman,2029
Brookdale Community College,NJCAA,NJCAA Region 19,Lincroft,New Jersey,Bryan Palomino,DS/L,Freshman,2029
Brookdale Community College,NJCAA,NJCAA Region 19,Lincroft,New Jersey,Mauricio Catalan,OH,Freshman,2029
Brookdale Community College,NJCAA,NJCAA Region 19,Lincroft,New Jersey,Juan Cano,OH,Freshman,2029
Brookdale Community College,NJCAA,NJCAA Region 19,Lincroft,New Jersey,Caleb Arleth,OH,Sophomore,2028
Brookdale Community College,NJCAA,NJCAA Region 19,Lincroft,New Jersey,Sergio Isidro,OH/OPP,Sophomore,2028
Brookdale Community College,NJCAA,NJCAA Region 19,Lincroft,New Jersey,Jahki Willis,MB,Sophomore,2028
Brookdale Community College,NJCAA,NJCAA Region 19,Lincroft,New Jersey,Travis Burke,S,Sophomore,2028
Brookdale Community College,NJCAA,NJCAA Region 19,Lincroft,New Jersey,David Tapia,MB/OPP,Freshman,2029
Brookdale Community College,NJCAA,NJCAA Region 19,Lincroft,New Jersey,Jayden Preston,MB,Freshman,2029
Brookdale Community College,NJCAA,NJCAA Region 19,Lincroft,New Jersey,Tyrell Bennett,OPP,Freshman,2029
Brookdale Community College,NJCAA,NJCAA Region 19,Lincroft,New Jersey,Logan Ash,MB,Freshman,2029
Brookdale Community College,NJCAA,NJCAA Region 19,Lincroft,New Jersey,Jacob Krol,OH,Sophomore,2028
Brookdale Community College,NJCAA,NJCAA Region 19,Lincroft,New Jersey,Alberto Flores,S,Freshman,2029
Brookdale Community College,NJCAA,NJCAA Region 19,Lincroft,New Jersey,Jason Abraham,L,Sophomore,2028
Brookdale Community College,NJCAA,NJCAA Region 19,Lincroft,New Jersey,Nick Ferrao,DS,Freshman,2029
Middlesex College,NJCAA,NJCAA Region 19,Edison,New Jersey,Jason Raudales,OH/DS,Freshman,2029
Middlesex College,NJCAA,NJCAA Region 19,Edison,New Jersey,Willmy Ruiz,DS,Freshman,2029
Middlesex College,NJCAA,NJCAA Region 19,Edison,New Jersey,Brady Boslet,S/OH,Sophomore,2028
Middlesex College,NJCAA,NJCAA Region 19,Edison,New Jersey,Julian Hernandez,OH/MB,Sophomore,2028
Middlesex College,NJCAA,NJCAA Region 19,Edison,New Jersey,Logan Mihalics,OH/DS,Freshman,2029
Middlesex College,NJCAA,NJCAA Region 19,Edison,New Jersey,Jimit Darji,MB/OH,Sophomore,2028
Middlesex College,NJCAA,NJCAA Region 19,Edison,New Jersey,Habeeb Gafar Badmus,MB,Freshman,2029
Middlesex College,NJCAA,NJCAA Region 19,Edison,New Jersey,Damien Padilla,OH,Freshman,2029
Middlesex College,NJCAA,NJCAA Region 19,Edison,New Jersey,Ifeoluwa Amupitan,MB,Freshman,2029
Middlesex College,NJCAA,NJCAA Region 19,Edison,New Jersey,Sean Topacio,OH/MB,Freshman,2029
Ocean County College,NJCAA,NJCAA Region 19,Toms River,New Jersey,Alexander Piwnica,L/DS,Freshman,2029
Ocean County College,NJCAA,NJCAA Region 19,Toms River,New Jersey,Abran Arrojo,OH,Freshman,2029
Ocean County College,NJCAA,NJCAA Region 19,Toms River,New Jersey,Daniel Brunke,S,Sophomore,2028
Ocean County College,NJCAA,NJCAA Region 19,Toms River,New Jersey,James Baxes,OH,Sophomore,2028
Ocean County College,NJCAA,NJCAA Region 19,Toms River,New Jersey,Giedruis Makselis,OH/OPP,Freshman,2029
Ocean County College,NJCAA,NJCAA Region 19,Toms River,New Jersey,David Alvarez,S/OPP,Sophomore,2028
Ocean County College,NJCAA,NJCAA Region 19,Toms River,New Jersey,Alexander Vasylatiy,OPP/OH,Freshman,2029
Ocean County College,NJCAA,NJCAA Region 19,Toms River,New Jersey,Erik Balkius,MB,Freshman,2029
Ocean County College,NJCAA,NJCAA Region 19,Toms River,New Jersey,Sean Primiano,OPP,Freshman,2029
Ocean County College,NJCAA,NJCAA Region 19,Toms River,New Jersey,Shaun Mihovch,MB,Freshman,2029
Passaic County Community College,NJCAA,NJCAA Region 19,Paterson,New Jersey,Pablo Crisostomo,L,N/A,N/A
Passaic County Community College,NJCAA,NJCAA Region 19,Paterson,New Jersey,Michael Egusquiza,OPP,N/A,N/A
Passaic County Community College,NJCAA,NJCAA Region 19,Paterson,New Jersey,Benjamin Watson,OPP,N/A,N/A
Passaic County Community College,NJCAA,NJCAA Region 19,Paterson,New Jersey,Jesus Cuautle,OH,N/A,N/A
Passaic County Community College,NJCAA,NJCAA Region 19,Paterson,New Jersey,Briseas Ransom,OH,N/A,N/A
Passaic County Community College,NJCAA,NJCAA Region 19,Paterson,New Jersey,Malik Banton,MB,N/A,N/A
Passaic County Community College,NJCAA,NJCAA Region 19,Paterson,New Jersey,Keury Suarez,S,N/A,N/A
Passaic County Community College,NJCAA,NJCAA Region 19,Paterson,New Jersey,Elijah Wesley,MB,N/A,N/A
Union County College,NJCAA,NJCAA Region 19,Cranford,New Jersey,Ethen Lugo,S,Sophomore,2028
Union County College,NJCAA,NJCAA Region 19,Cranford,New Jersey,Kobe Mattews,OPP,Freshman,2029
Union County College,NJCAA,NJCAA Region 19,Cranford,New Jersey,Mateo Jaramillo,MB,Freshman,2029
Union County College,NJCAA,NJCAA Region 19,Cranford,New Jersey,Samuel Arias,OH,Sophomore,2028
Union County College,NJCAA,NJCAA Region 19,Cranford,New Jersey,Joshua Orihuela,L,Sophomore,2028
Union County College,NJCAA,NJCAA Region 19,Cranford,New Jersey,Michael De Oliveira,S,Freshman,2029
Union County College,NJCAA,NJCAA Region 19,Cranford,New Jersey,Kavon Hayes,S,Sophomore,2028
Union County College,NJCAA,NJCAA Region 19,Cranford,New Jersey,Sebastian Arias,OH,Sophomore,2028
Union County College,NJCAA,NJCAA Region 19,Cranford,New Jersey,Christopher Del Rosario,OH,Freshman,2029
Union County College,NJCAA,NJCAA Region 19,Cranford,New Jersey,Brian Robinson,OH,Freshman,2029
Union County College,NJCAA,NJCAA Region 19,Cranford,New Jersey,Javon Scott,MB,Sophomore,2028
Union County College,NJCAA,NJCAA Region 19,Cranford,New Jersey,Jaden Guzman,OH,Sophomore,2028
Union County College,NJCAA,NJCAA Region 19,Cranford,New Jersey,Kevin Indoe,OPP,Freshman,2029
Union County College,NJCAA,NJCAA Region 19,Cranford,New Jersey,Deric Sejour,MB,Freshman,2029
Union County College,NJCAA,NJCAA Region 19,Cranford,New Jersey,Christopher Mervin,OPP,Sophomore,2028
Union County College,NJCAA,NJCAA Region 19,Cranford,New Jersey,Kareem Jackman,MB,Sophomore,2028
Union County College,NJCAA,NJCAA Region 19,Cranford,New Jersey,Nicholas Bechara,L,Sophomore,2028
Borough of Manhattan Community College,NJCAA,NJCAA Region 15,New York,New York,Geybran Rienzo,N/A,Freshman,2029
Borough of Manhattan Community College,NJCAA,NJCAA Region 15,New York,New York,Haider Ali,N/A,Freshman,2029
Borough of Manhattan Community College,NJCAA,NJCAA Region 15,New York,New York,Elias Rivera,N/A,Freshman,2029
Borough of Manhattan Community College,NJCAA,NJCAA Region 15,New York,New York,Jordi Toapanta,N/A,Freshman,2029
Borough of Manhattan Community College,NJCAA,NJCAA Region 15,New York,New York,Kevin Moreno,N/A,Freshman,2029
Borough of Manhattan Community College,NJCAA,NJCAA Region 15,New York,New York,Nazar Kroshnyi,N/A,Freshman,2029
Borough of Manhattan Community College,NJCAA,NJCAA Region 15,New York,New York,Mansur Lechiev,N/A,Sophomore,2028
Borough of Manhattan Community College,NJCAA,NJCAA Region 15,New York,New York,Sebastian Brath,N/A,Sophomore,2028
Borough of Manhattan Community College,NJCAA,NJCAA Region 15,New York,New York,Jeriel Peguero,N/A,Sophomore,2028
Borough of Manhattan Community College,NJCAA,NJCAA Region 15,New York,New York,Shubham Kapali,N/A,Freshman,2029
Borough of Manhattan Community College,NJCAA,NJCAA Region 15,New York,New York,Emmanuel Olaifa,N/A,Freshman,2029
Borough of Manhattan Community College,NJCAA,NJCAA Region 15,New York,New York,Cameron Vigne,N/A,Freshman,2029
Borough of Manhattan Community College,NJCAA,NJCAA Region 15,New York,New York,Chance Longmore,N/A,Sophomore,2028
Borough of Manhattan Community College,NJCAA,NJCAA Region 15,New York,New York,Wilson Peralta,N/A,Sophomore,2028
Borough of Manhattan Community College,NJCAA,NJCAA Region 15,New York,New York,Kevin McGregor,N/A,Freshman,2029
Finger Lakes Community College,NJCAA,NJCAA Region 3,Canandaigua,New York,Jake Seklar,OH,Sophomore,2028
Finger Lakes Community College,NJCAA,NJCAA Region 3,Canandaigua,New York,Darin Conrad,S,Sophomore,2028
Finger Lakes Community College,NJCAA,NJCAA Region 3,Canandaigua,New York,Annatolii Stoliarenko,OH,Freshman,2029
Finger Lakes Community College,NJCAA,NJCAA Region 3,Canandaigua,New York,Braden Whitcomb,MB,Sophomore,2028
Finger Lakes Community College,NJCAA,NJCAA Region 3,Canandaigua,New York,Cole Thomas,S,Sophomore,2028
Finger Lakes Community College,NJCAA,NJCAA Region 3,Canandaigua,New York,Jackson Blaszow,OH,Freshman,2029
Finger Lakes Community College,NJCAA,NJCAA Region 3,Canandaigua,New York,Ethan Bond,MB,Sophomore,2028
Finger Lakes Community College,NJCAA,NJCAA Region 3,Canandaigua,New York,Dominick Alvarado,MB,Sophomore,2028
Finger Lakes Community College,NJCAA,NJCAA Region 3,Canandaigua,New York,Joseph Massey,MB,Sophomore,2028
Finger Lakes Community College,NJCAA,NJCAA Region 3,Canandaigua,New York,Zach Sipos,OH,Freshman,2029
Finger Lakes Community College,NJCAA,NJCAA Region 3,Canandaigua,New York,Jack Donovan,OH,Sophomore,2028
Finger Lakes Community College,NJCAA,NJCAA Region 3,Canandaigua,New York,Aiden Maloney,L,Sophomore,2028
Finger Lakes Community College,NJCAA,NJCAA Region 3,Canandaigua,New York,Ben Zipprich,MB/OPP,Freshman,2029
Finger Lakes Community College,NJCAA,NJCAA Region 3,Canandaigua,New York,Jaylen Ridgeway,MB,Freshman,2029
Hostos Community College,NJCAA,NJCAA Region 15,Bronx,New York,Isaiah De La Cruz,OPP/S,Freshman,2029
Hostos Community College,NJCAA,NJCAA Region 15,Bronx,New York,Franklin Western,OH/OPP,Freshman,2029
Hostos Community College,NJCAA,NJCAA Region 15,Bronx,New York,Kenny Saldivar,OH/DS,Freshman,2029
Hostos Community College,NJCAA,NJCAA Region 15,Bronx,New York,Pedro Jimenez,S,Freshman,2029
Hostos Community College,NJCAA,NJCAA Region 15,Bronx,New York,Jonathan Luna,MB,Freshman,2029
Hostos Community College,NJCAA,NJCAA Region 15,Bronx,New York,Isac Jaquez,OH/OPP,Freshman,2029
Hostos Community College,NJCAA,NJCAA Region 15,Bronx,New York,Kelvin Jimenez,MB/MB,Freshman,2029
Hostos Community College,NJCAA,NJCAA Region 15,Bronx,New York,Jhon Brand,MB,Freshman,2029
Hostos Community College,NJCAA,NJCAA Region 15,Bronx,New York,Jensy Morales,L,Freshman,2029
Monroe University - Bronx,NJCAA,NJCAA Region 15,Bronx,New York,David Garcia,S/OH,Sophomore,2028
Monroe University - Bronx,NJCAA,NJCAA Region 15,Bronx,New York,Frandie Martin,OPP/OH,Freshman,2029
Monroe University - Bronx,NJCAA,NJCAA Region 15,Bronx,New York,Mateo Somera,OH/OPP,Freshman,2029
Monroe University - Bronx,NJCAA,NJCAA Region 15,Bronx,New York,Rogelio Guarneros,L/DS,Sophomore,2028
Monroe University - Bronx,NJCAA,NJCAA Region 15,Bronx,New York,Edwin Ortega,OH,Sophomore,2028
Monroe University - Bronx,NJCAA,NJCAA Region 15,Bronx,New York,Antonic De La Rosa,S,Freshman,2029
Monroe University - Bronx,NJCAA,NJCAA Region 15,Bronx,New York,Steven Francis Ouellet,OH/MB,Freshman,2029
Monroe University - Bronx,NJCAA,NJCAA Region 15,Bronx,New York,Darren Lopez,OH/S,Sophomore,2028
Monroe University - Bronx,NJCAA,NJCAA Region 15,Bronx,New York,Luis Vasquez,OH/OPP,Sophomore,2028
Monroe University - Bronx,NJCAA,NJCAA Region 15,Bronx,New York,J’Adon George,MB,Freshman,2029
Monroe University - Bronx,NJCAA,NJCAA Region 15,Bronx,New York,Jose Pichardo,OPP,Freshman,2029
Monroe University - Bronx,NJCAA,NJCAA Region 15,Bronx,New York,Aiverson Guillen,OPP/DS,Sophomore,2028
Monroe University - Bronx,NJCAA,NJCAA Region 15,Bronx,New York,Fidel Ramirez,MB/OPP,Sophomore,2028
Monroe University - Bronx,NJCAA,NJCAA Region 15,Bronx,New York,Johnnovan Reyes,S,Freshman,2029
Monroe University - Bronx,NJCAA,NJCAA Region 15,Bronx,New York,Erick Gutierrez,OPP,Sophomore,2028
Monroe University - Bronx,NJCAA,NJCAA Region 15,Bronx,New York,Pedro Bello Lopez,L/DS,Sophomore,2028
Monroe University - Bronx,NJCAA,NJCAA Region 15,Bronx,New York,Damien Ramos,MB,Sophomore,2028
Monroe University - Bronx,NJCAA,NJCAA Region 15,Bronx,New York,Adrian Martinez,L,Sophomore,2028
Monroe University - New Rochelle,NJCAA,NJCAA Region 15,New Rochelle,New York,Yensy Rodriguez,N/A,Freshman,2029
Monroe University - New Rochelle,NJCAA,NJCAA Region 15,New Rochelle,New York,Roy Cepeda,N/A,Sophomore,2028
Monroe University - New Rochelle,NJCAA,NJCAA Region 15,New Rochelle,New York,Cristian Nunez,S,Sophomore,2028
Monroe University - New Rochelle,NJCAA,NJCAA Region 15,New Rochelle,New York,Hudson Irving,N/A,Freshman,2029
Monroe University - New Rochelle,NJCAA,NJCAA Region 15,New Rochelle,New York,Luis Dutra,L,Sophomore,2028
Monroe University - New Rochelle,NJCAA,NJCAA Region 15,New Rochelle,New York,Chijiaku Ndukanma,MB,Sophomore,2028
Monroe University - New Rochelle,NJCAA,NJCAA Region 15,New Rochelle,New York,Eric Martinez,N/A,Freshman,2029
Monroe University - New Rochelle,NJCAA,NJCAA Region 15,New Rochelle,New York,Jeisson Terrero,N/A,Freshman,2029
Monroe University - New Rochelle,NJCAA,NJCAA Region 15,New Rochelle,New York,Benny Rosado,N/A,Freshman,2029
Monroe University - New Rochelle,NJCAA,NJCAA Region 15,New Rochelle,New York,Amavih Calvert,N/A,Freshman,2029
Nassau Community College,NJCAA,NJCAA Region 15,Garden City,New York,Johncarlo Rivera,MB,Freshman,2029
Nassau Community College,NJCAA,NJCAA Region 15,Garden City,New York,Thomas Wildeman,OH,Sophomore,2028
Nassau Community College,NJCAA,NJCAA Region 15,Garden City,New York,Augusta Na,L/DS,Freshman,2029
Nassau Community College,NJCAA,NJCAA Region 15,Garden City,New York,Hassan Mehdi,OPP/MB,Freshman,2029
Nassau Community College,NJCAA,NJCAA Region 15,Garden City,New York,Dom Cieleski,S,Sophomore,2028
Nassau Community College,NJCAA,NJCAA Region 15,Garden City,New York,Steven Mejia,OH,Freshman,2029
Nassau Community College,NJCAA,NJCAA Region 15,Garden City,New York,Aitor Nunez,OH/OPP,Freshman,2029
Nassau Community College,NJCAA,NJCAA Region 15,Garden City,New York,Daniel Duran,OH,Sophomore,2028
Nassau Community College,NJCAA,NJCAA Region 15,Garden City,New York,Ismael Nunez,L,Freshman,2029
Nassau Community College,NJCAA,NJCAA Region 15,Garden City,New York,Tristan Harrison,OH/L,Freshman,2029
Nassau Community College,NJCAA,NJCAA Region 15,Garden City,New York,Joseph Woods,MB,Freshman,2029
Nassau Community College,NJCAA,NJCAA Region 15,Garden City,New York,Dillon Wallace,MB,Sophomore,2028
Nassau Community College,NJCAA,NJCAA Region 15,Garden City,New York,Brandon Barrios,MB,Freshman,2029
Harcum College,NJCAA,NJCAA Region 19,Bryn Mawr,Pennsylvania,Johncarlo Rivera,MB,Freshman,2029
Harcum College,NJCAA,NJCAA Region 19,Bryn Mawr,Pennsylvania,Thomas Wildeman,OH,Sophomore,2028
Harcum College,NJCAA,NJCAA Region 19,Bryn Mawr,Pennsylvania,Augusta Na,L/DS,Freshman,2029
Harcum College,NJCAA,NJCAA Region 19,Bryn Mawr,Pennsylvania,Hassan Mehdi,OPP/MB,Freshman,2029
Harcum College,NJCAA,NJCAA Region 19,Bryn Mawr,Pennsylvania,Dom Cieleski,S,Sophomore,2028
Harcum College,NJCAA,NJCAA Region 19,Bryn Mawr,Pennsylvania,Steven Mejia,OH,Freshman,2029
Harcum College,NJCAA,NJCAA Region 19,Bryn Mawr,Pennsylvania,Aitor Nunez,OH/OPP,Freshman,2029
Harcum College,NJCAA,NJCAA Region 19,Bryn Mawr,Pennsylvania,Daniel Duran,OH,Sophomore,2028
Harcum College,NJCAA,NJCAA Region 19,Bryn Mawr,Pennsylvania,Ismael Nunez,L,Freshman,2029
Harcum College,NJCAA,NJCAA Region 19,Bryn Mawr,Pennsylvania,Tristan Harrison,OH/L,Freshman,2029
Harcum College,NJCAA,NJCAA Region 19,Bryn Mawr,Pennsylvania,Joseph Woods,MB,Freshman,2029
Harcum College,NJCAA,NJCAA Region 19,Bryn Mawr,Pennsylvania,Dillon Wallace,MB,Sophomore,2028
Harcum College,NJCAA,NJCAA Region 19,Bryn Mawr,Pennsylvania,Brandon Barrios,MB,Freshman,2029
Northampton County Area Community College,NJCAA,NJCAA Region 19,Bethlehem,Pennsylvania,Joseph Gbenga,MB,Freshman,2029
Northampton County Area Community College,NJCAA,NJCAA Region 19,Bethlehem,Pennsylvania,Lucas Johnson,MB,Freshman,2029
Northampton County Area Community College,NJCAA,NJCAA Region 19,Bethlehem,Pennsylvania,Shane Jones,DS,Freshman,2029
Northampton County Area Community College,NJCAA,NJCAA Region 19,Bethlehem,Pennsylvania,Calvin Long,S,Freshman,2029
Northampton County Area Community College,NJCAA,NJCAA Region 19,Bethlehem,Pennsylvania,Van Wyck Mason,OPP,Sophomore,2028
Northampton County Area Community College,NJCAA,NJCAA Region 19,Bethlehem,Pennsylvania,Xander McDonald,MB,Freshman,2029
Northampton County Area Community College,NJCAA,NJCAA Region 19,Bethlehem,Pennsylvania,Spencer Parker,OPP,Freshman,2029
Northampton County Area Community College,NJCAA,NJCAA Region 19,Bethlehem,Pennsylvania,Fred Patton,OH,Sophomore,2028
Northampton County Area Community College,NJCAA,NJCAA Region 19,Bethlehem,Pennsylvania,Luke Smith,MB,Sophomore,2028
Bryant & Stratton College - Wisconsin,NJCAA,NJCAA Region 4,Wauwatosa,Wisconsin,Matthew Bechtol,MB,Freshman,2029
Bryant & Stratton College - Wisconsin,NJCAA,NJCAA Region 4,Wauwatosa,Wisconsin,Ashton Poritz,OH,Sophomore,2028
Bryant & Stratton College - Wisconsin,NJCAA,NJCAA Region 4,Wauwatosa,Wisconsin,Brady Melvin,L,Freshman,2029
Bryant & Stratton College - Wisconsin,NJCAA,NJCAA Region 4,Wauwatosa,Wisconsin,Owen Willie,OH/OPP,Sophomore,2028
Bryant & Stratton College - Wisconsin,NJCAA,NJCAA Region 4,Wauwatosa,Wisconsin,Alex Jakowicki,S,Freshman,2029
Bryant & Stratton College - Wisconsin,NJCAA,NJCAA Region 4,Wauwatosa,Wisconsin,Braeden Whitty,OPP,Freshman,2029
Bryant & Stratton College - Wisconsin,NJCAA,NJCAA Region 4,Wauwatosa,Wisconsin,Jozef Walus,OH,Freshman,2029
Bryant & Stratton College - Wisconsin,NJCAA,NJCAA Region 4,Wauwatosa,Wisconsin,Jacob Prus,MB/OPP,Sophomore,2028
Bryant & Stratton College - Wisconsin,NJCAA,NJCAA Region 4,Wauwatosa,Wisconsin,Ryan Frederickson,OH,Freshman,2029
Bryant & Stratton College - Wisconsin,NJCAA,NJCAA Region 4,Wauwatosa,Wisconsin,Elijah Grant,S/OPP,Sophomore,2028
Bryant & Stratton College - Wisconsin,NJCAA,NJCAA Region 4,Wauwatosa,Wisconsin,Kaden Zambo,S,Freshman,2029
Bryant & Stratton College - Wisconsin,NJCAA,NJCAA Region 4,Wauwatosa,Wisconsin,Jacob Gendron,MB,Freshman,2029
Arizona Christian University,NAIA,Great Southwest Athletic Conference,Glendale,Arizona,Khalil Mitchell,MB,Freshman,2029
Arizona Christian University,NAIA,Great Southwest Athletic Conference,Glendale,Arizona,Aydan Pimentel,OH,Freshman,2029
Arizona Christian University,NAIA,Great Southwest Athletic Conference,Glendale,Arizona,Jarrett Spartz,OH,Senior,2026
Arizona Christian University,NAIA,Great Southwest Athletic Conference,Glendale,Arizona,Asher Ganem,OPP,Freshman,2029
Arizona Christian University,NAIA,Great Southwest Athletic Conference,Glendale,Arizona,Thomas Johannesen,S,Senior,2026
Arizona Christian University,NAIA,Great Southwest Athletic Conference,Glendale,Arizona,Micah Carroll,MB,Junior,2027
Arizona Christian University,NAIA,Great Southwest Athletic Conference,Glendale,Arizona,Adrian Salamasidis,OH/DS,Junior,2027
Arizona Christian University,NAIA,Great Southwest Athletic Conference,Glendale,Arizona,Jeremy Simon,L,Senior,2026
Arizona Christian University,NAIA,Great Southwest Athletic Conference,Glendale,Arizona,Joshua Case,MB,Freshman,2029
Arizona Christian University,NAIA,Great Southwest Athletic Conference,Glendale,Arizona,Dillon Scolaro,MB,Freshman,2029
Arizona Christian University,NAIA,Great Southwest Athletic Conference,Glendale,Arizona,Connor Monahan,OPP,Sophomore,2028
Arizona Christian University,NAIA,Great Southwest Athletic Conference,Glendale,Arizona,Joel Romero,OH,Senior,2026
Arizona Christian University,NAIA,Great Southwest Athletic Conference,Glendale,Arizona,Josiah Flores,S,Sophomore,2028
Arizona Christian University,NAIA,Great Southwest Athletic Conference,Glendale,Arizona,Caleb Merlino,MB,Sophomore,2028
Benedictine University - Mesa,NAIA,Great Southwest Athletic Conference,Mesa,Arizona,Rylon Raczka,OPP/MB,Senior,2026
Benedictine University - Mesa,NAIA,Great Southwest Athletic Conference,Mesa,Arizona,Gavin Nelson,OH,Sophomore,2028
Benedictine University - Mesa,NAIA,Great Southwest Athletic Conference,Mesa,Arizona,Carson Lee,L/DS,Sophomore,2028
Benedictine University - Mesa,NAIA,Great Southwest Athletic Conference,Mesa,Arizona,John Jakaitis,S/OPP,Junior,2027
Benedictine University - Mesa,NAIA,Great Southwest Athletic Conference,Mesa,Arizona,Ryder Kelley,N/A,Junior,2027
Benedictine University - Mesa,NAIA,Great Southwest Athletic Conference,Mesa,Arizona,Jacob Saechao,OH,Senior,2026
Benedictine University - Mesa,NAIA,Great Southwest Athletic Conference,Mesa,Arizona,Matthew Wagner,OPP,Junior,2027
Benedictine University - Mesa,NAIA,Great Southwest Athletic Conference,Mesa,Arizona,Blake Ross,L/DS,Junior,2027
Benedictine University - Mesa,NAIA,Great Southwest Athletic Conference,Mesa,Arizona,Travis Kelly,MB,Junior,2027
Benedictine University - Mesa,NAIA,Great Southwest Athletic Conference,Mesa,Arizona,Ryan Carraro,L,Freshman,2029
Benedictine University - Mesa,NAIA,Great Southwest Athletic Conference,Mesa,Arizona,Chase Jensen,OH,Sophomore,2028
Benedictine University - Mesa,NAIA,Great Southwest Athletic Conference,Mesa,Arizona,Broderick Driggs,OPP,Freshman,2029
Benedictine University - Mesa,NAIA,Great Southwest Athletic Conference,Mesa,Arizona,Brenden McInernery,L,Freshman,2029
Benedictine University - Mesa,NAIA,Great Southwest Athletic Conference,Mesa,Arizona,Raphael Mkpegue,MB,Junior,2027
Benedictine University - Mesa,NAIA,Great Southwest Athletic Conference,Mesa,Arizona,Joseph Washington,MB,Freshman,2029
Benedictine University - Mesa,NAIA,Great Southwest Athletic Conference,Mesa,Arizona,Ethan Russel,MB/OH,Freshman,2029
Benedictine University - Mesa,NAIA,Great Southwest Athletic Conference,Mesa,Arizona,Tucker Cunningham,OH,Sophomore,2028
Benedictine University - Mesa,NAIA,Great Southwest Athletic Conference,Mesa,Arizona,Maurice O'Brien,OH,Freshman,2029
Ottawa University-Surprise,NAIA,Great Southwest Athletic Conference,Surprise,Arizona,Horatio Maumasi,MB,Junior,2027
Ottawa University-Surprise,NAIA,Great Southwest Athletic Conference,Surprise,Arizona,Xavier Connelly,MB,Senior,2026
Ottawa University-Surprise,NAIA,Great Southwest Athletic Conference,Surprise,Arizona,Thomas Plaskett,OH,Graduate Student,2026
Ottawa University-Surprise,NAIA,Great Southwest Athletic Conference,Surprise,Arizona,Jack Hubbard,OH/OPP,Sophomore,2028
Ottawa University-Surprise,NAIA,Great Southwest Athletic Conference,Surprise,Arizona,Bodhi Bettes,L,Junior,2027
Ottawa University-Surprise,NAIA,Great Southwest Athletic Conference,Surprise,Arizona,Isaack Grant,OH,Senior,2026
Ottawa University-Surprise,NAIA,Great Southwest Athletic Conference,Surprise,Arizona,Madduxx Goron,S/OPP,Sophomore,2028
Ottawa University-Surprise,NAIA,Great Southwest Athletic Conference,Surprise,Arizona,Caeden Salmen,OH,Graduate Student,2026
Ottawa University-Surprise,NAIA,Great Southwest Athletic Conference,Surprise,Arizona,Ka'imi Kealoha,OH,Senior,2026
Ottawa University-Surprise,NAIA,Great Southwest Athletic Conference,Surprise,Arizona,AJ Scott,L/OH,Sophomore,2028
Ottawa University-Surprise,NAIA,Great Southwest Athletic Conference,Surprise,Arizona,Valesis Vaisuai,OPP/MB,Junior,2027
Ottawa University-Surprise,NAIA,Great Southwest Athletic Conference,Surprise,Arizona,Treven Clizbe,OH/OPP/MB,Junior,2027
Ottawa University-Surprise,NAIA,Great Southwest Athletic Conference,Surprise,Arizona,Kody Castellon,L/DS,Junior,2027
Ottawa University-Surprise,NAIA,Great Southwest Athletic Conference,Surprise,Arizona,Jackson Blair,OPP/MB,Freshman,2029
Ottawa University-Surprise,NAIA,Great Southwest Athletic Conference,Surprise,Arizona,Hayden Mauro,OPP/MB,Freshman,2029
Ottawa University-Surprise,NAIA,Great Southwest Athletic Conference,Surprise,Arizona,Owen Draeger,MB,Sophomore,2028
Ottawa University-Surprise,NAIA,Great Southwest Athletic Conference,Surprise,Arizona,Jacob Rangel,S,Junior,2027
Ottawa University-Surprise,NAIA,Great Southwest Athletic Conference,Surprise,Arizona,Sterling Beatty,L,Sophomore,2028
Ottawa University-Surprise,NAIA,Great Southwest Athletic Conference,Surprise,Arizona,Ian Bird,L/S,Sophomore,2028
Ottawa University-Surprise,NAIA,Great Southwest Athletic Conference,Surprise,Arizona,Joaquin Corrales,S,Freshman,2029
Ottawa University-Surprise,NAIA,Great Southwest Athletic Conference,Surprise,Arizona,Nathan Creel,OH/OPP,Junior,2027
Ottawa University-Surprise,NAIA,Great Southwest Athletic Conference,Surprise,Arizona,Dylan Fine,N/A,Freshman,2029
Ottawa University-Surprise,NAIA,Great Southwest Athletic Conference,Surprise,Arizona,Rylan Hayes,L/OH/OPP,Freshman,2029
Ottawa University-Surprise,NAIA,Great Southwest Athletic Conference,Surprise,Arizona,Immanuel Jones,OH,Freshman,2029
Ottawa University-Surprise,NAIA,Great Southwest Athletic Conference,Surprise,Arizona,Jayzin Kaneao,OH/OPP/MB,Freshman,2029
Ottawa University-Surprise,NAIA,Great Southwest Athletic Conference,Surprise,Arizona,Gavin Mason,OH,Freshman,2029
Ottawa University-Surprise,NAIA,Great Southwest Athletic Conference,Surprise,Arizona,Lee Naea,OPP/MB,Sophomore,2028
Ottawa University-Surprise,NAIA,Great Southwest Athletic Conference,Surprise,Arizona,Jessie Ponce,L/OH,Freshman,2029
Ottawa University-Surprise,NAIA,Great Southwest Athletic Conference,Surprise,Arizona,Roy Rojas,S,Sophomore,2028
Ottawa University-Surprise,NAIA,Great Southwest Athletic Conference,Surprise,Arizona,Jas Singh,MB,Junior,2027
Ottawa University-Surprise,NAIA,Great Southwest Athletic Conference,Surprise,Arizona,Braden Stroh,OH,Sophomore,2028
Ottawa University-Surprise,NAIA,Great Southwest Athletic Conference,Surprise,Arizona,Landen Tillia,MB,Sophomore,2028
Ottawa University-Surprise,NAIA,Great Southwest Athletic Conference,Surprise,Arizona,Chase Toohey,S,Junior,2027
Ottawa University-Surprise,NAIA,Great Southwest Athletic Conference,Surprise,Arizona,Marco Transfiguracion,MB,Freshman,2029
Ottawa University-Surprise,NAIA,Great Southwest Athletic Conference,Surprise,Arizona,Gavin Waggoner,MB,Sophomore,2028
Park University Gilbert,NAIA,Great Southwest Athletic Conference,Gilbert,Arizona,Christian Brooks,MB,Sophomore,2028
Park University Gilbert,NAIA,Great Southwest Athletic Conference,Gilbert,Arizona,Robert Flynt,OPP,Freshman,2029
Park University Gilbert,NAIA,Great Southwest Athletic Conference,Gilbert,Arizona,Brandon Leyva,S/L,Freshman,2029
Park University Gilbert,NAIA,Great Southwest Athletic Conference,Gilbert,Arizona,Damon Leavitt,S,Senior,2026
Park University Gilbert,NAIA,Great Southwest Athletic Conference,Gilbert,Arizona,Azzlyn Potts,OH,Sophomore,2028
Park University Gilbert,NAIA,Great Southwest Athletic Conference,Gilbert,Arizona,Matt Kendler,OH/MB,Freshman,2029
Park University Gilbert,NAIA,Great Southwest Athletic Conference,Gilbert,Arizona,Zac York,L/DS,Junior,2027
Park University Gilbert,NAIA,Great Southwest Athletic Conference,Gilbert,Arizona,Keanae Alo,MB/OPP,Freshman,2029
Park University Gilbert,NAIA,Great Southwest Athletic Conference,Gilbert,Arizona,Dominic Smith,OH,Sophomore,2028
Park University Gilbert,NAIA,Great Southwest Athletic Conference,Gilbert,Arizona,Jeff Agcaoili,L/OH,Junior,2027
Park University Gilbert,NAIA,Great Southwest Athletic Conference,Gilbert,Arizona,Peyton Crowder,MB/OPP,Freshman,2029
Park University Gilbert,NAIA,Great Southwest Athletic Conference,Gilbert,Arizona,Logan Young,MB,Redshirt Freshman,2029
Park University Gilbert,NAIA,Great Southwest Athletic Conference,Gilbert,Arizona,Andrew Kennedy,L,Freshman,2029
Park University Gilbert,NAIA,Great Southwest Athletic Conference,Gilbert,Arizona,Jonah Baich,MB/OH,Junior,2027
Park University Gilbert,NAIA,Great Southwest Athletic Conference,Gilbert,Arizona,Benjamin Feldt,MB,Redshirt Freshman,2029
Park University Gilbert,NAIA,Great Southwest Athletic Conference,Gilbert,Arizona,Riley Terwillegar,OH,Freshman,2029
Park University Gilbert,NAIA,Great Southwest Athletic Conference,Gilbert,Arizona,Noah Hernandez,OH/DS,Freshman,2029
Park University Gilbert,NAIA,Great Southwest Athletic Conference,Gilbert,Arizona,Wells Brian,OH,Freshman,2029
University of British Columbia,U Sports,Canada West,Vancouver,British Columbia,Marcus Morgan,OH,Senior,2026
University of British Columbia,U Sports,Canada West,Vancouver,British Columbia,Reeve Gingera,OH,Senior,2026
University of British Columbia,U Sports,Canada West,Vancouver,British Columbia,Parker Ocampo,L,Freshman,2029
University of British Columbia,U Sports,Canada West,Vancouver,British Columbia,Logan Greves,L,Fifth Year,2026
University of British Columbia,U Sports,Canada West,Vancouver,British Columbia,Daniel Lewis,S,Freshman,2029
University of British Columbia,U Sports,Canada West,Vancouver,British Columbia,Gavin Moes,OH,Senior,2026
University of British Columbia,U Sports,Canada West,Vancouver,British Columbia,Simon Tate,MB,Freshman,2029
University of British Columbia,U Sports,Canada West,Vancouver,British Columbia,Mason Greves,S,Fifth Year,2026
University of British Columbia,U Sports,Canada West,Vancouver,British Columbia,Jesse Umoren,MB,Senior,2026
University of British Columbia,U Sports,Canada West,Vancouver,British Columbia,Nicholas Johnson,S,Senior,2026
University of British Columbia,U Sports,Canada West,Vancouver,British Columbia,Danny Cravioto-Ross,MB,Sophomore,2028
University of British Columbia,U Sports,Canada West,Vancouver,British Columbia,Nik Reimer,OH,Sophomore,2028
University of British Columbia,U Sports,Canada West,Vancouver,British Columbia,Alex Emery,MB,Sophomore,2028
University of British Columbia,U Sports,Canada West,Vancouver,British Columbia,Dawson Pratt,OH,Junior,2027
University of British Columbia,U Sports,Canada West,Vancouver,British Columbia,Calvin Hsu,L,Junior,2027
University of British Columbia,U Sports,Canada West,Vancouver,British Columbia,Andres Filip,OH,Freshman,2029
University of British Columbia,U Sports,Canada West,Vancouver,British Columbia,Alex Borowski,OH,Sophomore,2028
University of British Columbia,U Sports,Canada West,Vancouver,British Columbia,Darik Feasey,MB,Freshman,2029
University of British Columbia,U Sports,Canada West,Vancouver,British Columbia,Kieran Robinson-Dunning,MB,Fifth Year,2026
Hope International University,NAIA,Great Southwest Athletic Conference,Fullerton,California,Jah'mi Jeter,OPP,Junior,2027
Hope International University,NAIA,Great Southwest Athletic Conference,Fullerton,California,Travis Donahue,MB,Freshman,2029
Hope International University,NAIA,Great Southwest Athletic Conference,Fullerton,California,Sam D'Ambrosio,S,Senior,2026
Hope International University,NAIA,Great Southwest Athletic Conference,Fullerton,California,Hugo Gonzalez Gutierrez,OH,Senior,2026
Hope International University,NAIA,Great Southwest Athletic Conference,Fullerton,California,Alessandro Spendolini,OH,Sophomore,2028
Hope International University,NAIA,Great Southwest Athletic Conference,Fullerton,California,Benjamin Antonio,S,Sophomore,2028
Hope International University,NAIA,Great Southwest Athletic Conference,Fullerton,California,Ivan Hernandez,OH,Junior,2027
Hope International University,NAIA,Great Southwest Athletic Conference,Fullerton,California,Alistair Namsinh,OH,Freshman,2029
Hope International University,NAIA,Great Southwest Athletic Conference,Fullerton,California,Ethan Davis,S,Junior,2027
Hope International University,NAIA,Great Southwest Athletic Conference,Fullerton,California,Steve Tong,L,Sophomore,2028
Hope International University,NAIA,Great Southwest Athletic Conference,Fullerton,California,Sean Seaman,MB,Junior,2027
Hope International University,NAIA,Great Southwest Athletic Conference,Fullerton,California,Carson Bashford,S/OH/OPP,Redshirt,N/A
Hope International University,NAIA,Great Southwest Athletic Conference,Fullerton,California,Matthew McCarthy,MB/OPP,Redshirt,N/A
Hope International University,NAIA,Great Southwest Athletic Conference,Fullerton,California,Alen Petraev,OH,Redshirt,N/A
La Sierra University,NAIA,Great Southwest Athletic Conference,Riverside,California,Larry Kovacs Jr.,L,Freshman,2029
La Sierra University,NAIA,Great Southwest Athletic Conference,Riverside,California,Donavon Roland,MB,Freshman,2029
La Sierra University,NAIA,Great Southwest Athletic Conference,Riverside,California,Dimas Acosta,S,Junior,2027
La Sierra University,NAIA,Great Southwest Athletic Conference,Riverside,California,Luis Gonzalez,S,Freshman,2029
La Sierra University,NAIA,Great Southwest Athletic Conference,Riverside,California,Kyle Duffey,S,Freshman,2029
La Sierra University,NAIA,Great Southwest Athletic Conference,Riverside,California,Ethan Montanez,L,Freshman,2029
La Sierra University,NAIA,Great Southwest Athletic Conference,Riverside,California,Robert Jones,OPP,Freshman,2029
La Sierra University,NAIA,Great Southwest Athletic Conference,Riverside,California,Collin Namsang,S,Freshman,2029
La Sierra University,NAIA,Great Southwest Athletic Conference,Riverside,California,Jake Dominguez,L,Freshman,2029
La Sierra University,NAIA,Great Southwest Athletic Conference,Riverside,California,Tucker Ellis,OH,Freshman,2029
La Sierra University,NAIA,Great Southwest Athletic Conference,Riverside,California,Ian Nelson,S,Sophomore,2028
La Sierra University,NAIA,Great Southwest Athletic Conference,Riverside,California,Riley Hurdiss,MB,Junior,2027
La Sierra University,NAIA,Great Southwest Athletic Conference,Riverside,California,Mathew Legaspi,OH,Freshman,2029
La Sierra University,NAIA,Great Southwest Athletic Conference,Riverside,California,Cody Allen,MB/OPP,Freshman,2029
La Sierra University,NAIA,Great Southwest Athletic Conference,Riverside,California,Matthew King,OH,Sophomore,2028
La Sierra University,NAIA,Great Southwest Athletic Conference,Riverside,California,Reon Terakubo,MB/OPP,Freshman,2029
La Sierra University,NAIA,Great Southwest Athletic Conference,Riverside,California,Anthony Camacho,L,Freshman,2029
La Sierra University,NAIA,Great Southwest Athletic Conference,Riverside,California,Jordan Legaspi,S,Junior,2027
La Sierra University,NAIA,Great Southwest Athletic Conference,Riverside,California,Leonardo Velasco,OPP,Freshman,2029
La Sierra University,NAIA,Great Southwest Athletic Conference,Riverside,California,Tomas Godoy,OH,Junior,2027
La Sierra University,NAIA,Great Southwest Athletic Conference,Riverside,California,Jeramiah Henderson,OH,Freshman,2029
La Sierra University,NAIA,Great Southwest Athletic Conference,Riverside,California,Jason Love,OH,Freshman,2029
La Sierra University,NAIA,Great Southwest Athletic Conference,Riverside,California,DJ Bealieu,OPP,Junior,2027
Pacific Union College,NAIA,California Pacific Conference,Angwin,California,Jacob Lopez,DS/L,Freshman,2029
Pacific Union College,NAIA,California Pacific Conference,Angwin,California,Joseph Cardona,DS,Junior,2027
Pacific Union College,NAIA,California Pacific Conference,Angwin,California,Nate Tejada,MB,Sophomore,2028
Pacific Union College,NAIA,California Pacific Conference,Angwin,California,Ethan Durns,S/OPP,Senior,2026
Pacific Union College,NAIA,California Pacific Conference,Angwin,California,Julian Clarke,OH,Junior,2027
Pacific Union College,NAIA,California Pacific Conference,Angwin,California,Noa Svedsen,OPP,Senior,2026
Pacific Union College,NAIA,California Pacific Conference,Angwin,California,Tristen Miller,MB,Junior,2027
Pacific Union College,NAIA,California Pacific Conference,Angwin,California,TJ Letuligasenoa,OH,Senior,2026
Pacific Union College,NAIA,California Pacific Conference,Angwin,California,Taylor Hatch,OH/OPP,Junior,2027
Pacific Union College,NAIA,California Pacific Conference,Angwin,California,Nick Delucia,OPP,Sophomore,2028
Pacific Union College,NAIA,California Pacific Conference,Angwin,California,Andrew Saunders,MB,Freshman,2029
Pacific Union College,NAIA,California Pacific Conference,Angwin,California,EJ Johnson,N/A,N/A,N/A
Pacific Union College,NAIA,California Pacific Conference,Angwin,California,JV Cruzado,S,Senior,2026
Pacific Union College,NAIA,California Pacific Conference,Angwin,California,Bryce Teachout,MB,Junior,2027
Simpson University,NAIA,California Pacific Conference,Redding,California,Chase Silveira,OH/MB,Freshman,2029
Simpson University,NAIA,California Pacific Conference,Redding,California,Dehryn Brown,OH,Freshman,2029
Simpson University,NAIA,California Pacific Conference,Redding,California,Afatia Thompson Jr.,OH,Freshman,2029
Simpson University,NAIA,California Pacific Conference,Redding,California,Adonijah James Raffaelli,OH,Senior,2026
Simpson University,NAIA,California Pacific Conference,Redding,California,Tyce Nakamura,S,Sophomore,2028
Simpson University,NAIA,California Pacific Conference,Redding,California,David Raffaelli,S,Graduate Student,2026
Simpson University,NAIA,California Pacific Conference,Redding,California,Ben Stuerman,MB,Freshman,2029
Simpson University,NAIA,California Pacific Conference,Redding,California,Akira Davies,OPP/OH,Junior,2027
Simpson University,NAIA,California Pacific Conference,Redding,California,Luke Konjoyan,OH/MB,Freshman,2029
Simpson University,NAIA,California Pacific Conference,Redding,California,Ethan Rodriguez,L,Freshman,2029
Simpson University,NAIA,California Pacific Conference,Redding,California,Mark Bondoc,S,Freshman,2029
Simpson University,NAIA,California Pacific Conference,Redding,California,Jacob Shelton,MB,Junior,2027
Simpson University,NAIA,California Pacific Conference,Redding,California,Hudson Clark,L,Freshman,2029
Simpson University,NAIA,California Pacific Conference,Redding,California,Diego Chavez,MB,Freshman,2029
Simpson University,NAIA,California Pacific Conference,Redding,California,Jeremy Schneider,OH,Senior,2026
Soka University of America,NAIA,Great Southwest Athletic Conference,Aliso Viejo,California,Aiden Chen,L/DS,Sophomore,2028
Soka University of America,NAIA,Great Southwest Athletic Conference,Aliso Viejo,California,Yuko Jitoho,L/DS,Freshman,2029
Soka University of America,NAIA,Great Southwest Athletic Conference,Aliso Viejo,California,Corban Tidwell,OPP/OH,Freshman,2029
Soka University of America,NAIA,Great Southwest Athletic Conference,Aliso Viejo,California,Joao Silva Araujo,MB,Junior,2027
Soka University of America,NAIA,Great Southwest Athletic Conference,Aliso Viejo,California,Isaac Jeremia,OH,Freshman,2029
Soka University of America,NAIA,Great Southwest Athletic Conference,Aliso Viejo,California,Mateus Quesada,OH/DS,Junior,2027
Soka University of America,NAIA,Great Southwest Athletic Conference,Aliso Viejo,California,Kamohoalii Chan,OH,Freshman,2029
Soka University of America,NAIA,Great Southwest Athletic Conference,Aliso Viejo,California,Jacob Marquez,S/OPP,Freshman,2029
Soka University of America,NAIA,Great Southwest Athletic Conference,Aliso Viejo,California,Andres Chavez,S/OPP,Freshman,2029
Soka University of America,NAIA,Great Southwest Athletic Conference,Aliso Viejo,California,Christian Obergfell,MB,Freshman,2029
Soka University of America,NAIA,Great Southwest Athletic Conference,Aliso Viejo,California,Meead Bahar,DS,Freshman,2029
The Master's University,NAIA,Great Southwest Athletic Conference,Santa Clarita,California,Grant Strong,L,Graduate Student,2026
The Master's University,NAIA,Great Southwest Athletic Conference,Santa Clarita,California,Gio Baltazar,L,Junior,2027
The Master's University,NAIA,Great Southwest Athletic Conference,Santa Clarita,California,Brayden Darm,S,Freshman,2029
The Master's University,NAIA,Great Southwest Athletic Conference,Santa Clarita,California,Ezra Vlad,MB,Senior,2026
The Master's University,NAIA,Great Southwest Athletic Conference,Santa Clarita,California,Cooper Saelzler,OH,Sophomore,2028
The Master's University,NAIA,Great Southwest Athletic Conference,Santa Clarita,California,Graysen Amestoy,OPP,Freshman,2029
The Master's University,NAIA,Great Southwest Athletic Conference,Santa Clarita,California,Matthew Hamm,S,Senior,2026
The Master's University,NAIA,Great Southwest Athletic Conference,Santa Clarita,California,Trace Oswald,OH,Sophomore,2028
The Master's University,NAIA,Great Southwest Athletic Conference,Santa Clarita,California,Joseph Tran,S,Freshman,2029
The Master's University,NAIA,Great Southwest Athletic Conference,Santa Clarita,California,Grant Foster,OPP,Senior,2026
The Master's University,NAIA,Great Southwest Athletic Conference,Santa Clarita,California,Garrett Beall,MB,Junior,2027
The Master's University,NAIA,Great Southwest Athletic Conference,Santa Clarita,California,Isaac Igo,MB,Sophomore,2028
The Master's University,NAIA,Great Southwest Athletic Conference,Santa Clarita,California,Isaac Seltzer,OPP,Senior,2026
The Master's University,NAIA,Great Southwest Athletic Conference,Santa Clarita,California,Garret Foster,OH,Junior,2027
The Master's University,NAIA,Great Southwest Athletic Conference,Santa Clarita,California,Jace Davis,MB,Freshman,2029
The Master's University,NAIA,Great Southwest Athletic Conference,Santa Clarita,California,Preston Schmidt,OPP/S/L,Junior,2027
The Master's University,NAIA,Great Southwest Athletic Conference,Santa Clarita,California,Andrew Karges,OH,Freshman,2029
Westcliff University,NAIA,California Pacific Conference,Irvine,California,Lukas Pusvaskis,OPP,Junior,2027
Westcliff University,NAIA,California Pacific Conference,Irvine,California,Afonso Matias,L,Sophomore,2028
Westcliff University,NAIA,California Pacific Conference,Irvine,California,Rodolfo Biegelmeyer,OH,Senior,2026
Westcliff University,NAIA,California Pacific Conference,Irvine,California,Nikos Kalagasidis,S,Graduate Student,2026
Westcliff University,NAIA,California Pacific Conference,Irvine,California,Joshua Lopez,L,Freshman,2029
Westcliff University,NAIA,California Pacific Conference,Irvine,California,Mohamed Yakki,OH,Freshman,2029
Westcliff University,NAIA,California Pacific Conference,Irvine,California,Gabriel Pizza,OH,Senior,2026
Westcliff University,NAIA,California Pacific Conference,Irvine,California,Mathis Toupin,L,Junior,2027
Westcliff University,NAIA,California Pacific Conference,Irvine,California,Andrin Broder,OH,Junior,2027
Westcliff University,NAIA,California Pacific Conference,Irvine,California,Jonny Pearson,S,Junior,2027
Westcliff University,NAIA,California Pacific Conference,Irvine,California,Sebastian Ignaczak,L,Junior,2027
Westcliff University,NAIA,California Pacific Conference,Irvine,California,Tom Dempsey,OH,Senior,2026
Westcliff University,NAIA,California Pacific Conference,Irvine,California,Dejan Ljubicic,S,Sophomore,2028
Westcliff University,NAIA,California Pacific Conference,Irvine,California,Michael Howell,L,Senior,2026
Westcliff University,NAIA,California Pacific Conference,Irvine,California,Ethan Deleon,S,Freshman,2029
Westcliff University,NAIA,California Pacific Conference,Irvine,California,Connor McCann,MB,Senior,2026
Westcliff University,NAIA,California Pacific Conference,Irvine,California,Samuel Russo,L,Sophomore,2028
Westcliff University,NAIA,California Pacific Conference,Irvine,California,Stephane M'besse,OPP,Graduate Student,2026
Westcliff University,NAIA,California Pacific Conference,Irvine,California,Sanaila Batiratu,OH,Sophomore,2028
Westcliff University,NAIA,California Pacific Conference,Irvine,California,Tiago Silva,MB,Junior,2027
Westcliff University,NAIA,California Pacific Conference,Irvine,California,M'hamed Mifdal,MB,Sophomore,2028
Westcliff University,NAIA,California Pacific Conference,Irvine,California,Tim Schutzbach,OH/DS,Junior,2027
Westcliff University,NAIA,California Pacific Conference,Irvine,California,Kaumana Phillips,N/A,N/A,N/A
Westcliff University,NAIA,California Pacific Conference,Irvine,California,McKennley McDonald,N/A,Sophomore,2028
Westcliff University,NAIA,California Pacific Conference,Irvine,California,Naim Chouaoui,S,Freshman,2029
Westcliff University,NAIA,California Pacific Conference,Irvine,California,Isaac Cordero,N/A,N/A,N/A
Westcliff University,NAIA,California Pacific Conference,Irvine,California,Alper Durmus,L,Junior,2027
Westcliff University,NAIA,California Pacific Conference,Irvine,California,David Luna,L,Freshman,2029
Westcliff University,NAIA,California Pacific Conference,Irvine,California,Tyler O'Rourke,N/A,N/A,N/A
Westcliff University,NAIA,California Pacific Conference,Irvine,California,Ko'o Singlehurst,OPP,Freshman,2029
St. Thomas University - Florida,NAIA,The Sun Conference,Miami Gardens,Florida,Javaun Thomas,OH,Sophomore,2028
St. Thomas University - Florida,NAIA,The Sun Conference,Miami Gardens,Florida,Jamel Toste,S,Sophomore,2028
St. Thomas University - Florida,NAIA,The Sun Conference,Miami Gardens,Florida,Roman Garcia,OH/L,Freshman,2029
St. Thomas University - Florida,NAIA,The Sun Conference,Miami Gardens,Florida,Timothy Reyes,S,Senior,2026
St. Thomas University - Florida,NAIA,The Sun Conference,Miami Gardens,Florida,Jonathan Benitez,L,Sophomore,2028
St. Thomas University - Florida,NAIA,The Sun Conference,Miami Gardens,Florida,Jesus Montes,OH,Junior,2027
St. Thomas University - Florida,NAIA,The Sun Conference,Miami Gardens,Florida,Michael Marsans,OH,Graduate Student,2026
St. Thomas University - Florida,NAIA,The Sun Conference,Miami Gardens,Florida,Ian Izquierdo,OH,Sophomore,2028
St. Thomas University - Florida,NAIA,The Sun Conference,Miami Gardens,Florida,Dylan Mcknight,MB,Redshirt Freshman,2029
St. Thomas University - Florida,NAIA,The Sun Conference,Miami Gardens,Florida,Murilo Hauari,MB/OPP,Sophomore,2028
St. Thomas University - Florida,NAIA,The Sun Conference,Miami Gardens,Florida,Arturo Diaz-dube,MB,Junior,2027
St. Thomas University - Florida,NAIA,The Sun Conference,Miami Gardens,Florida,Aiden Hayes,OH/MB,Junior,2027
St. Thomas University - Florida,NAIA,The Sun Conference,Miami Gardens,Florida,Kaelen Ingram,OPP,Graduate Student,2026
St. Thomas University - Florida,NAIA,The Sun Conference,Miami Gardens,Florida,Dennis Morgan,MB,Graduate Student,2026
St. Thomas University - Florida,NAIA,The Sun Conference,Miami Gardens,Florida,Sebastian Ochoa,S,Freshman,2029
St. Thomas University - Florida,NAIA,The Sun Conference,Miami Gardens,Florida,Erik Malek,MB,Graduate Student,2026
St. Thomas University - Florida,NAIA,The Sun Conference,Miami Gardens,Florida,Victor Monaco,L,Sophomore,2028
St. Thomas University - Florida,NAIA,The Sun Conference,Miami Gardens,Florida,Gabriel Negrao,OH,Sophomore,2028
St. Thomas University - Florida,NAIA,The Sun Conference,Miami Gardens,Florida,Marlon Gonzalez,L,Freshman,2029
St. Thomas University - Florida,NAIA,The Sun Conference,Miami Gardens,Florida,Julian Ferdilus,OPP,Sophomore,2028
St. Thomas University - Florida,NAIA,The Sun Conference,Miami Gardens,Florida,Cameron Gray,L,Junior,2027
St. Thomas University - Florida,NAIA,The Sun Conference,Miami Gardens,Florida,Ibrahim Perez,MB,Freshman,2029
St. Thomas University - Florida,NAIA,The Sun Conference,Miami Gardens,Florida,Rafael Obrusnik,S,Junior,2027
St. Thomas University - Florida,NAIA,The Sun Conference,Miami Gardens,Florida,Kevin Procter,OH,Sophomore,2028
St. Thomas University - Florida,NAIA,The Sun Conference,Miami Gardens,Florida,Boris Perez,MB,Freshman,2029
St. Thomas University - Florida,NAIA,The Sun Conference,Miami Gardens,Florida,Raven Lewis,OH/OPP,Freshman,2029
Warner University,NAIA,The Sun Conference,Lake Wales,Florida,Mehmet Ceyhan,OH/OPP,Junior,2027
Warner University,NAIA,The Sun Conference,Lake Wales,Florida,Anthony Dela Cruz,DS,Freshman,2029
Warner University,NAIA,The Sun Conference,Lake Wales,Florida,Mikey O'Brien,L/DS,Freshman,2029
Warner University,NAIA,The Sun Conference,Lake Wales,Florida,Sean Ortiz,MB,Sophomore,2028
Warner University,NAIA,The Sun Conference,Lake Wales,Florida,Brandon Troyer,S/OPP,Junior,2027
Warner University,NAIA,The Sun Conference,Lake Wales,Florida,Darion Graham,OH,Junior,2027
Warner University,NAIA,The Sun Conference,Lake Wales,Florida,Milos Sipragic,OH,Junior,2027
Warner University,NAIA,The Sun Conference,Lake Wales,Florida,Caleb Welling,OH,Sophomore,2028
Warner University,NAIA,The Sun Conference,Lake Wales,Florida,Emir Ege Gull,S,Senior,2026
Warner University,NAIA,The Sun Conference,Lake Wales,Florida,James White,MB,Junior,2027
Warner University,NAIA,The Sun Conference,Lake Wales,Florida,Donovan Winsley,MB,Sophomore,2028
Warner University,NAIA,The Sun Conference,Lake Wales,Florida,Ethan Miller,MB,Senior,2026
Warner University,NAIA,The Sun Conference,Lake Wales,Florida,Romone Rudolph,OPP,Senior,2026
Warner University,NAIA,The Sun Conference,Lake Wales,Florida,James Camacho,L,Sophomore,2028
Warner University,NAIA,The Sun Conference,Lake Wales,Florida,Michael Barnes,OH/OPP,Junior,2027
Warner University,NAIA,The Sun Conference,Lake Wales,Florida,KJ Harrison,L/DS,Junior,2027
Warner University,NAIA,The Sun Conference,Lake Wales,Florida,Meric Akovali,S/OH,Senior,2026
Warner University,NAIA,The Sun Conference,Lake Wales,Florida,Donovon Adams,DS,Junior,2027
Warner University,NAIA,The Sun Conference,Lake Wales,Florida,Derek Martinez,OH,Sophomore,2028
Warner University,NAIA,The Sun Conference,Lake Wales,Florida,Emmanuel Morales,OH/OPP,Freshman,2029
Warner University,NAIA,The Sun Conference,Lake Wales,Florida,Nathaneal Morales,OPP,Freshman,2029
Warner University,NAIA,The Sun Conference,Lake Wales,Florida,Julian Joubert,OH,Freshman,2029
Webber International University,NAIA,The Sun Conference,Babson Park,Florida,Gavin Patterson,OH,Freshman,2029
Webber International University,NAIA,The Sun Conference,Babson Park,Florida,Jordan Diaz,N/A,Freshman,2029
Webber International University,NAIA,The Sun Conference,Babson Park,Florida,Lawton Max Kuhn,L,Freshman,2029
Webber International University,NAIA,The Sun Conference,Babson Park,Florida,Anderson Reichert,OPP,Freshman,2029
Webber International University,NAIA,The Sun Conference,Babson Park,Florida,Phoenix Gamble,S/L,Freshman,2029
Webber International University,NAIA,The Sun Conference,Babson Park,Florida,Brennan Porter,OH/OPP,Freshman,2029
Webber International University,NAIA,The Sun Conference,Babson Park,Florida,Janis Dobelis,OH/OPP,Sophomore,2028
Webber International University,NAIA,The Sun Conference,Babson Park,Florida,Ethan Fels,S/OPP,Freshman,2029
Webber International University,NAIA,The Sun Conference,Babson Park,Florida,Talan Stephens,S/OPP,Sophomore,2028
Webber International University,NAIA,The Sun Conference,Babson Park,Florida,Tinashe Makona,MB,Senior,2026
Webber International University,NAIA,The Sun Conference,Babson Park,Florida,Mateus Haubrich,S/OPP,Freshman,2029
Webber International University,NAIA,The Sun Conference,Babson Park,Florida,Glauer Lopes Nogueira,OH,Freshman,2029
Webber International University,NAIA,The Sun Conference,Babson Park,Florida,Noah Riascos,L,Freshman,2029
Life University,NAIA,Southern States Athletic Conference,Marietta,Georgia,Ethan Bustos,OPP,Junior,2027
Life University,NAIA,Southern States Athletic Conference,Marietta,Georgia,Vincent Eisinga,MB,Sophomore,2028
Life University,NAIA,Southern States Athletic Conference,Marietta,Georgia,Jhanir Brown,S,Junior,2027
Life University,NAIA,Southern States Athletic Conference,Marietta,Georgia,Noah Price,OH/OPP,Freshman,2029
Life University,NAIA,Southern States Athletic Conference,Marietta,Georgia,Hunter Reed,OH/OPP,Freshman,2029
Life University,NAIA,Southern States Athletic Conference,Marietta,Georgia,Riley Chapman,S,Graduate Student,2026
Life University,NAIA,Southern States Athletic Conference,Marietta,Georgia,Kadir Lynch,OH/OPP,Freshman,2029
Life University,NAIA,Southern States Athletic Conference,Marietta,Georgia,Tj Bradley,OPP,Sophomore,2028
Life University,NAIA,Southern States Athletic Conference,Marietta,Georgia,Nefty Vigo,S,Senior,2026
Life University,NAIA,Southern States Athletic Conference,Marietta,Georgia,Michael Stephens,OH/OPP,Sophomore,2028
Life University,NAIA,Southern States Athletic Conference,Marietta,Georgia,Jan Burhardt,MB,Freshman,2029
Life University,NAIA,Southern States Athletic Conference,Marietta,Georgia,Aurélien Lavarini,OH/OPP,Sophomore,2028
Life University,NAIA,Southern States Athletic Conference,Marietta,Georgia,Aiden Janowski,OH,Junior,2027
Life University,NAIA,Southern States Athletic Conference,Marietta,Georgia,Lucas Williams,S,Freshman,2029
Life University,NAIA,Southern States Athletic Conference,Marietta,Georgia,Serano Keijl,OH,Sophomore,2028
Life University,NAIA,Southern States Athletic Conference,Marietta,Georgia,Jakub Kantorowicz,OH,Senior,2026
Life University,NAIA,Southern States Athletic Conference,Marietta,Georgia,Ty'Sean Wallace,MB/OPP,Junior,2027
Life University,NAIA,Southern States Athletic Conference,Marietta,Georgia,Matthew Riddle,MB,Sophomore,2028
Life University,NAIA,Southern States Athletic Conference,Marietta,Georgia,Charles Ewer,OPP/OH,Senior,2026
Life University,NAIA,Southern States Athletic Conference,Marietta,Georgia,Nazmi Bayoglu,L,Junior,2027
Reinhardt University,NAIA,Appalachian Athletic Conference,Waleska,Georgia,Pendar Momeni,S,Sophomore,2028
Reinhardt University,NAIA,Appalachian Athletic Conference,Waleska,Georgia,Jakub Aniolczyk,OH,Senior,2026
Reinhardt University,NAIA,Appalachian Athletic Conference,Waleska,Georgia,Decklan Fongbemi,MB,Sophomore,2028
Reinhardt University,NAIA,Appalachian Athletic Conference,Waleska,Georgia,Quintin Fongbemi,OH,Sophomore,2028
Reinhardt University,NAIA,Appalachian Athletic Conference,Waleska,Georgia,Mauricio Candelas-Tecero,OH/DS,Sophomore,2028
Reinhardt University,NAIA,Appalachian Athletic Conference,Waleska,Georgia,Gabriel Gutierrez,OH,Junior,2027
Reinhardt University,NAIA,Appalachian Athletic Conference,Waleska,Georgia,Tristen Jackson,DS/L,Sophomore,2028
Reinhardt University,NAIA,Appalachian Athletic Conference,Waleska,Georgia,Hayden Lichty,DS,Junior,2027
Reinhardt University,NAIA,Appalachian Athletic Conference,Waleska,Georgia,Rigdon Hunter,OH,Freshman,2029
Reinhardt University,NAIA,Appalachian Athletic Conference,Waleska,Georgia,Christian Ribeiro Jardim,S,Freshman,2029
Reinhardt University,NAIA,Appalachian Athletic Conference,Waleska,Georgia,Santiago Romero Deaquiz,OPP,Freshman,2029
Reinhardt University,NAIA,Appalachian Athletic Conference,Waleska,Georgia,Andrea Forcina,OPP,Sophomore,2028
Reinhardt University,NAIA,Appalachian Athletic Conference,Waleska,Georgia,Thomas Jefferson,MB,Graduate Student,2026
Reinhardt University,NAIA,Appalachian Athletic Conference,Waleska,Georgia,Evan Hodge,MB,Freshman,2029
Reinhardt University,NAIA,Appalachian Athletic Conference,Waleska,Georgia,Alex Sanchez,DS/L,Senior,2026
Reinhardt University,NAIA,Appalachian Athletic Conference,Waleska,Georgia,Denny Martinez,OH,Sophomore,2028
Reinhardt University,NAIA,Appalachian Athletic Conference,Waleska,Georgia,Michele Fassetta,S,Sophomore,2028
Reinhardt University,NAIA,Appalachian Athletic Conference,Waleska,Georgia,Desi Daniels Jr.,DS,Junior,2027
Reinhardt University,NAIA,Appalachian Athletic Conference,Waleska,Georgia,Juan Miguel Nino Bonilla,OH,Freshman,2029
Reinhardt University,NAIA,Appalachian Athletic Conference,Waleska,Georgia,Pedro Motta Charamba,S,Freshman,2029
Reinhardt University,NAIA,Appalachian Athletic Conference,Waleska,Georgia,Natanahel Audrat,DS,Freshman,2029
Truett-McConnell University,NAIA,Appalachian Athletic Conference,Cleveland,Georgia,Sam Taylor,N/A,Sophomore,2028
Truett-McConnell University,NAIA,Appalachian Athletic Conference,Cleveland,Georgia,Christopher Zambrana,S,Sophomore,2028
Truett-McConnell University,NAIA,Appalachian Athletic Conference,Cleveland,Georgia,Jonathan Watkins,N/A,Freshman,2029
Truett-McConnell University,NAIA,Appalachian Athletic Conference,Cleveland,Georgia,Alexi Sassier,N/A,Freshman,2029
Truett-McConnell University,NAIA,Appalachian Athletic Conference,Cleveland,Georgia,Zach Babers,N/A,Freshman,2029
Truett-McConnell University,NAIA,Appalachian Athletic Conference,Cleveland,Georgia,Alex Bosman,OH,Senior,2026
Truett-McConnell University,NAIA,Appalachian Athletic Conference,Cleveland,Georgia,Adam Shuman,MB/OPP,Senior,2026
Truett-McConnell University,NAIA,Appalachian Athletic Conference,Cleveland,Georgia,Ayden Thomason,N/A,Sophomore,2028
Truett-McConnell University,NAIA,Appalachian Athletic Conference,Cleveland,Georgia,Payton Bartlett,N/A,Freshman,2029
Truett-McConnell University,NAIA,Appalachian Athletic Conference,Cleveland,Georgia,Troy McAlister,OPP/OH,Junior,2027
Truett-McConnell University,NAIA,Appalachian Athletic Conference,Cleveland,Georgia,Jed Bailey,OH/MB,Sophomore,2028
Truett-McConnell University,NAIA,Appalachian Athletic Conference,Cleveland,Georgia,Eduardo Andrade,N/A,Sophomore,2028
Truett-McConnell University,NAIA,Appalachian Athletic Conference,Cleveland,Georgia,Guilherme Storari,N/A,Freshman,2029
Governors State University,NAIA,Chicagoland Collegiate Athletic Conference,University Park,Illinois,Brandon Palmeros,N/A,Sophomore,2028
Governors State University,NAIA,Chicagoland Collegiate Athletic Conference,University Park,Illinois,Jared Byas,L,Junior,2027
Governors State University,NAIA,Chicagoland Collegiate Athletic Conference,University Park,Illinois,Hamza Murrar,L,Freshman,2029
Governors State University,NAIA,Chicagoland Collegiate Athletic Conference,University Park,Illinois,Gavin Olson,OH,Freshman,2029
Governors State University,NAIA,Chicagoland Collegiate Athletic Conference,University Park,Illinois,Elias Stommel,S,Freshman,2029
Governors State University,NAIA,Chicagoland Collegiate Athletic Conference,University Park,Illinois,Enzo Oyola,OH,Sophomore,2028
Governors State University,NAIA,Chicagoland Collegiate Athletic Conference,University Park,Illinois,Daniel Lopez,OH,Junior,2027
Governors State University,NAIA,Chicagoland Collegiate Athletic Conference,University Park,Illinois,Lucas Lapa,S,Sophomore,2028
Governors State University,NAIA,Chicagoland Collegiate Athletic Conference,University Park,Illinois,Pablo Pascual,OH,Freshman,2029
Governors State University,NAIA,Chicagoland Collegiate Athletic Conference,University Park,Illinois,Nicolas Galicia,OH,Sophomore,2028
Governors State University,NAIA,Chicagoland Collegiate Athletic Conference,University Park,Illinois,Thiago Neves,MB,Sophomore,2028
Governors State University,NAIA,Chicagoland Collegiate Athletic Conference,University Park,Illinois,Ean Schultz,OH-MB,Freshman,2029
Governors State University,NAIA,Chicagoland Collegiate Athletic Conference,University Park,Illinois,Pedro Oliveira,MB,Sophomore,2028
Governors State University,NAIA,Chicagoland Collegiate Athletic Conference,University Park,Illinois,Diego Antunez,OH,Junior,2027
Governors State University,NAIA,Chicagoland Collegiate Athletic Conference,University Park,Illinois,Jeremy Lin,OH,Freshman,2029
Governors State University,NAIA,Chicagoland Collegiate Athletic Conference,University Park,Illinois,Charles Davidson,OH,Freshman,2029
Governors State University,NAIA,Chicagoland Collegiate Athletic Conference,University Park,Illinois,Makhi Chester,MB,Freshman,2029
Governors State University,NAIA,Chicagoland Collegiate Athletic Conference,University Park,Illinois,Alex Strough,L-S,Senior,2026
Governors State University,NAIA,Chicagoland Collegiate Athletic Conference,University Park,Illinois,Elijah Ayers,OH,Sophomore,2028
Governors State University,NAIA,Chicagoland Collegiate Athletic Conference,University Park,Illinois,Juan Felipe Saavedra,MB,Sophomore,2028
Governors State University,NAIA,Chicagoland Collegiate Athletic Conference,University Park,Illinois,Stefan Gaskew,MB,Freshman,2029
Judson University,NAIA,Chicagoland Collegiate Athletic Conference,Elgin,Illinois,Oracio Martinez,OPP,Senior,2026
Judson University,NAIA,Chicagoland Collegiate Athletic Conference,Elgin,Illinois,Jacob Smith,MB,Junior,2027
Judson University,NAIA,Chicagoland Collegiate Athletic Conference,Elgin,Illinois,Daniel Yap,S,Junior,2027
Judson University,NAIA,Chicagoland Collegiate Athletic Conference,Elgin,Illinois,Hayden Brown,OH/OPP,Senior,2026
Judson University,NAIA,Chicagoland Collegiate Athletic Conference,Elgin,Illinois,Austin Bernhard,MB,Freshman,2029
Judson University,NAIA,Chicagoland Collegiate Athletic Conference,Elgin,Illinois,Will Dennison,MB,Freshman,2029
Judson University,NAIA,Chicagoland Collegiate Athletic Conference,Elgin,Illinois,Gabriele Cantrell,S,Junior,2027
Judson University,NAIA,Chicagoland Collegiate Athletic Conference,Elgin,Illinois,Mikey Noettl,OH,Junior,2027
Judson University,NAIA,Chicagoland Collegiate Athletic Conference,Elgin,Illinois,Ashton Beachy,MB,Senior,2026
Judson University,NAIA,Chicagoland Collegiate Athletic Conference,Elgin,Illinois,Luke Molitor,OH,Sophomore,2028
Judson University,NAIA,Chicagoland Collegiate Athletic Conference,Elgin,Illinois,Derek Dappert,OPP,Sophomore,2028
Judson University,NAIA,Chicagoland Collegiate Athletic Conference,Elgin,Illinois,Reece Thompson,OH/OPP,Sophomore,2028
Judson University,NAIA,Chicagoland Collegiate Athletic Conference,Elgin,Illinois,Adrian Martinez,S,Junior,2027
Judson University,NAIA,Chicagoland Collegiate Athletic Conference,Elgin,Illinois,Jacob Lowe,MB,Sophomore,2028
Judson University,NAIA,Chicagoland Collegiate Athletic Conference,Elgin,Illinois,Jackson Otto,DS,Senior,2026
Judson University,NAIA,Chicagoland Collegiate Athletic Conference,Elgin,Illinois,Gabriel Menchaca,DS,Sophomore,2028
Judson University,NAIA,Chicagoland Collegiate Athletic Conference,Elgin,Illinois,Ramsey Vuorenmaa,OH/OPP,Sophomore,2028
Judson University,NAIA,Chicagoland Collegiate Athletic Conference,Elgin,Illinois,Mason Snodgrass,OH,Senior,2026
Judson University,NAIA,Chicagoland Collegiate Athletic Conference,Elgin,Illinois,Cesar Calderon,DS,Junior,2027
Judson University,NAIA,Chicagoland Collegiate Athletic Conference,Elgin,Illinois,Matthew Leith,S,Freshman,2029
Judson University,NAIA,Chicagoland Collegiate Athletic Conference,Elgin,Illinois,Grant Shipley,MB,Junior,2027
Olivet Nazarene University,NAIA,Chicagoland Collegiate Athletic Conference,Bourbonnais,Illinois,Ben Kreke,MB,Freshman,2029
Olivet Nazarene University,NAIA,Chicagoland Collegiate Athletic Conference,Bourbonnais,Illinois,Austin Love,OPP,Freshman,2029
Olivet Nazarene University,NAIA,Chicagoland Collegiate Athletic Conference,Bourbonnais,Illinois,Cade Ooms,OH/OPP,Senior,2026
Olivet Nazarene University,NAIA,Chicagoland Collegiate Athletic Conference,Bourbonnais,Illinois,Anthony Ezar,MB,Sophomore,2028
Olivet Nazarene University,NAIA,Chicagoland Collegiate Athletic Conference,Bourbonnais,Illinois,Tyler Van Laten,DS,Sophomore,2028
Olivet Nazarene University,NAIA,Chicagoland Collegiate Athletic Conference,Bourbonnais,Illinois,Lawrence Mahler,S,Junior,2027
Olivet Nazarene University,NAIA,Chicagoland Collegiate Athletic Conference,Bourbonnais,Illinois,Tomas Gonzalez,S,Senior,2026
Olivet Nazarene University,NAIA,Chicagoland Collegiate Athletic Conference,Bourbonnais,Illinois,Cameron Johnston,OH/OPP,Sophomore,2028
Olivet Nazarene University,NAIA,Chicagoland Collegiate Athletic Conference,Bourbonnais,Illinois,Max Rodenmeyer,MB/OPP,Junior,2027
Olivet Nazarene University,NAIA,Chicagoland Collegiate Athletic Conference,Bourbonnais,Illinois,Joe Akeo,MB,Senior,2026
Olivet Nazarene University,NAIA,Chicagoland Collegiate Athletic Conference,Bourbonnais,Illinois,Landen Boyd,OH,Freshman,2029
Olivet Nazarene University,NAIA,Chicagoland Collegiate Athletic Conference,Bourbonnais,Illinois,Nic VanOort,OH,Sophomore,2028
Olivet Nazarene University,NAIA,Chicagoland Collegiate Athletic Conference,Bourbonnais,Illinois,Will Byers,S,Junior,2027
Saint Xavier University,NAIA,Chicagoland Collegiate Athletic Conference,Chicago,Illinois,Daniel Scholvin,OH,Senior,2026
Saint Xavier University,NAIA,Chicagoland Collegiate Athletic Conference,Chicago,Illinois,Tyler Vlcek,OPP/MB,Freshman,2029
Saint Xavier University,NAIA,Chicagoland Collegiate Athletic Conference,Chicago,Illinois,Camden Steckler,MB,Junior,2027
Saint Xavier University,NAIA,Chicagoland Collegiate Athletic Conference,Chicago,Illinois,Donte Jennings,OPP/OH,Junior,2027
Saint Xavier University,NAIA,Chicagoland Collegiate Athletic Conference,Chicago,Illinois,Chris Whitener,MB,Senior,2026
Saint Xavier University,NAIA,Chicagoland Collegiate Athletic Conference,Chicago,Illinois,Caydann Cox,OH,Junior,2027
Saint Xavier University,NAIA,Chicagoland Collegiate Athletic Conference,Chicago,Illinois,Hayden Grange,MB,Freshman,2029
Saint Xavier University,NAIA,Chicagoland Collegiate Athletic Conference,Chicago,Illinois,Matt Pennala,OPP,Graduate Student,2026
Saint Xavier University,NAIA,Chicagoland Collegiate Athletic Conference,Chicago,Illinois,Cameron Daniels,S,Junior,2027
Saint Xavier University,NAIA,Chicagoland Collegiate Athletic Conference,Chicago,Illinois,Sam Trushel,L,Junior,2027
Saint Xavier University,NAIA,Chicagoland Collegiate Athletic Conference,Chicago,Illinois,Andres Velez,L,Senior,2026
Saint Xavier University,NAIA,Chicagoland Collegiate Athletic Conference,Chicago,Illinois,Mark Gheorghita,S,Freshman,2029
Saint Xavier University,NAIA,Chicagoland Collegiate Athletic Conference,Chicago,Illinois,Malachi Seying,L,Freshman,2029
Saint Xavier University,NAIA,Chicagoland Collegiate Athletic Conference,Chicago,Illinois,Tysen Myers,MB,Senior,2026
Saint Xavier University,NAIA,Chicagoland Collegiate Athletic Conference,Chicago,Illinois,Milan Milovanovic,MB,Junior,2027
Saint Xavier University,NAIA,Chicagoland Collegiate Athletic Conference,Chicago,Illinois,Marko Skuletic,OH/OPP,Freshman,2029
Saint Xavier University,NAIA,Chicagoland Collegiate Athletic Conference,Chicago,Illinois,Nick Gutka,MB,Redshirt Freshman,2029
Saint Xavier University,NAIA,Chicagoland Collegiate Athletic Conference,Chicago,Illinois,Bernardo Kumm,OH,Freshman,2029
Saint Xavier University,NAIA,Chicagoland Collegiate Athletic Conference,Chicago,Illinois,Owen Krause,OH,Freshman,2029
Saint Xavier University,NAIA,Chicagoland Collegiate Athletic Conference,Chicago,Illinois,Carson Bloedow,S,Freshman,2029
Saint Xavier University,NAIA,Chicagoland Collegiate Athletic Conference,Chicago,Illinois,Henry Truitt,OH,Freshman,2029
Saint Xavier University,NAIA,Chicagoland Collegiate Athletic Conference,Chicago,Illinois,Hendrik Kose,OPP/OH,Sophomore,2028
Trinity Christian College,NAIA,Chicagoland Collegiate Athletic Conference,Palos Heights,Illinois,Caden Figus,S,Senior,2026
Trinity Christian College,NAIA,Chicagoland Collegiate Athletic Conference,Palos Heights,Illinois,C.J. Lafin,OH,Sophomore,2028
Trinity Christian College,NAIA,Chicagoland Collegiate Athletic Conference,Palos Heights,Illinois,Juvantae Thompson,OH,Sophomore,2028
Trinity Christian College,NAIA,Chicagoland Collegiate Athletic Conference,Palos Heights,Illinois,Ethan Oros,OH,Senior,2026
Trinity Christian College,NAIA,Chicagoland Collegiate Athletic Conference,Palos Heights,Illinois,Conner Dargan,MB,Senior,2026
Trinity Christian College,NAIA,Chicagoland Collegiate Athletic Conference,Palos Heights,Illinois,Danny Staskunas,S,Junior,2027
Trinity Christian College,NAIA,Chicagoland Collegiate Athletic Conference,Palos Heights,Illinois,Anthony Fabbre,S,Senior,2026
Trinity Christian College,NAIA,Chicagoland Collegiate Athletic Conference,Palos Heights,Illinois,Seth Summers,L/OH,Freshman,2029
Trinity Christian College,NAIA,Chicagoland Collegiate Athletic Conference,Palos Heights,Illinois,Vinnie Arias,OPP,Senior,2026
Trinity Christian College,NAIA,Chicagoland Collegiate Athletic Conference,Palos Heights,Illinois,Eddy Serna,DS/L,Sophomore,2028
Trinity Christian College,NAIA,Chicagoland Collegiate Athletic Conference,Palos Heights,Illinois,Sam Cain,OPP/MB,Junior,2027
Trinity Christian College,NAIA,Chicagoland Collegiate Athletic Conference,Palos Heights,Illinois,Jacob Krefft,L,Senior,2026
Trinity Christian College,NAIA,Chicagoland Collegiate Athletic Conference,Palos Heights,Illinois,Daniel Whaley,MB,Sophomore,2028
Trinity Christian College,NAIA,Chicagoland Collegiate Athletic Conference,Palos Heights,Illinois,Evan Whaley,MB,Sophomore,2028
Bethel University - Indiana,NAIA,Wolverine-Hoosier Athletic Conference,Mishawaka,Indiana,Sebastian Rodriguez,L,Senior,2026
Bethel University - Indiana,NAIA,Wolverine-Hoosier Athletic Conference,Mishawaka,Indiana,Eduardo Kerkoski,L,Freshman,2029
Bethel University - Indiana,NAIA,Wolverine-Hoosier Athletic Conference,Mishawaka,Indiana,Matthew Samuelson,L,Junior,2027
Bethel University - Indiana,NAIA,Wolverine-Hoosier Athletic Conference,Mishawaka,Indiana,Ling Pak Him,OH,Sophomore,2028
Bethel University - Indiana,NAIA,Wolverine-Hoosier Athletic Conference,Mishawaka,Indiana,Jack Hughes,S,Junior,2027
Bethel University - Indiana,NAIA,Wolverine-Hoosier Athletic Conference,Mishawaka,Indiana,Kamden DeJournett,L,Sophomore,2028
Bethel University - Indiana,NAIA,Wolverine-Hoosier Athletic Conference,Mishawaka,Indiana,Felipe Dal Pizzol,OH,Freshman,2029
Bethel University - Indiana,NAIA,Wolverine-Hoosier Athletic Conference,Mishawaka,Indiana,Michael Nichols,MB,Freshman,2029
Bethel University - Indiana,NAIA,Wolverine-Hoosier Athletic Conference,Mishawaka,Indiana,Carson Moore,OH,Senior,2026
Bethel University - Indiana,NAIA,Wolverine-Hoosier Athletic Conference,Mishawaka,Indiana,Nikola Radicevic,OH,Sophomore,2028
Bethel University - Indiana,NAIA,Wolverine-Hoosier Athletic Conference,Mishawaka,Indiana,McGwire Eigenrauch,S,Junior,2027
Bethel University - Indiana,NAIA,Wolverine-Hoosier Athletic Conference,Mishawaka,Indiana,Uros Miloradovic,OH,Junior,2027
Bethel University - Indiana,NAIA,Wolverine-Hoosier Athletic Conference,Mishawaka,Indiana,Jibbe Boeren,MB,Sophomore,2028
Bethel University - Indiana,NAIA,Wolverine-Hoosier Athletic Conference,Mishawaka,Indiana,Lincoln McIntire,OH,Sophomore,2028
Bethel University - Indiana,NAIA,Wolverine-Hoosier Athletic Conference,Mishawaka,Indiana,Ben Ritzema,OH,Senior,2026
Bethel University - Indiana,NAIA,Wolverine-Hoosier Athletic Conference,Mishawaka,Indiana,Santana Roybal-Benson,MB,Junior,2027
Bethel University - Indiana,NAIA,Wolverine-Hoosier Athletic Conference,Mishawaka,Indiana,Luka Moffitt,OH/OPP,Freshman,2029
Bethel University - Indiana,NAIA,Wolverine-Hoosier Athletic Conference,Mishawaka,Indiana,Jacob Massey,MB,Sophomore,2028
Bethel University - Indiana,NAIA,Wolverine-Hoosier Athletic Conference,Mishawaka,Indiana,Rafael Balieiro,MB,Junior,2027
Bethel University - Indiana,NAIA,Wolverine-Hoosier Athletic Conference,Mishawaka,Indiana,Tim Borodkin,OPP,Junior,2027
Bethel University - Indiana,NAIA,Wolverine-Hoosier Athletic Conference,Mishawaka,Indiana,Christian Woumnga,OPP,Sophomore,2028
Bethel University - Indiana,NAIA,Wolverine-Hoosier Athletic Conference,Mishawaka,Indiana,Nikosana Moyo,OH,Freshman,2029
Bethel University - Indiana,NAIA,Wolverine-Hoosier Athletic Conference,Mishawaka,Indiana,Thomas Dunkley,OH,Junior,2027
Calumet College of St. Joseph,NAIA,Chicagoland Collegiate Athletic Conference,Whiting,Indiana,Cooper Aitken,MB/OPP,Junior,2027
Calumet College of St. Joseph,NAIA,Chicagoland Collegiate Athletic Conference,Whiting,Indiana,John Agee,S,Sophomore,2028
Calumet College of St. Joseph,NAIA,Chicagoland Collegiate Athletic Conference,Whiting,Indiana,Josh Lahti,MB,Freshman,2029
Calumet College of St. Joseph,NAIA,Chicagoland Collegiate Athletic Conference,Whiting,Indiana,David Navata,OH/OPP,Sophomore,2028
Calumet College of St. Joseph,NAIA,Chicagoland Collegiate Athletic Conference,Whiting,Indiana,TayShaun Elliot,OPP,Freshman,2029
Calumet College of St. Joseph,NAIA,Chicagoland Collegiate Athletic Conference,Whiting,Indiana,Courtney Harris,MB,Sophomore,2028
Calumet College of St. Joseph,NAIA,Chicagoland Collegiate Athletic Conference,Whiting,Indiana,Caimin Harrop-Haywood,OH/OPP,Sophomore,2028
Calumet College of St. Joseph,NAIA,Chicagoland Collegiate Athletic Conference,Whiting,Indiana,Reshawn Allen,MB/OPP,Senior,2026
Calumet College of St. Joseph,NAIA,Chicagoland Collegiate Athletic Conference,Whiting,Indiana,Lucas Sanchez Caixeta,L,Sophomore,2028
Calumet College of St. Joseph,NAIA,Chicagoland Collegiate Athletic Conference,Whiting,Indiana,Logan Krause,MB/OPP,Freshman,2029
Goshen College,NAIA,Wolverine-Hoosier Athletic Conference,Goshen,Indiana,Alessandro Olgiati,OH,Sophomore,2028
Goshen College,NAIA,Wolverine-Hoosier Athletic Conference,Goshen,Indiana,Bruno Barac,MB,Junior,2027
Goshen College,NAIA,Wolverine-Hoosier Athletic Conference,Goshen,Indiana,Adrian Candia,OH,Freshman,2029
Goshen College,NAIA,Wolverine-Hoosier Athletic Conference,Goshen,Indiana,Jonathan Arias,L,Senior,2026
Goshen College,NAIA,Wolverine-Hoosier Athletic Conference,Goshen,Indiana,Jaiden Wallace,MB,Sophomore,2028
Goshen College,NAIA,Wolverine-Hoosier Athletic Conference,Goshen,Indiana,Andrea Biffi,MB,Sophomore,2028
Goshen College,NAIA,Wolverine-Hoosier Athletic Conference,Goshen,Indiana,Ishmail Bangura,OH,Senior,2026
Goshen College,NAIA,Wolverine-Hoosier Athletic Conference,Goshen,Indiana,Igor Sapucaia,S,Junior,2027
Goshen College,NAIA,Wolverine-Hoosier Athletic Conference,Goshen,Indiana,Nash Hubick,S,Freshman,2029
Goshen College,NAIA,Wolverine-Hoosier Athletic Conference,Goshen,Indiana,Ryan Kabrich,MB,Freshman,2029
Goshen College,NAIA,Wolverine-Hoosier Athletic Conference,Goshen,Indiana,Sawyer Frystak,OPP,Junior,2027
Goshen College,NAIA,Wolverine-Hoosier Athletic Conference,Goshen,Indiana,Avery Laforce,S,Junior,2027
Goshen College,NAIA,Wolverine-Hoosier Athletic Conference,Goshen,Indiana,Ben Koop,OH,Junior,2027
Goshen College,NAIA,Wolverine-Hoosier Athletic Conference,Goshen,Indiana,Matthew Dyck,DS,Senior,2026
Goshen College,NAIA,Wolverine-Hoosier Athletic Conference,Goshen,Indiana,Kendrick Acda,DS,Senior,2026
Goshen College,NAIA,Wolverine-Hoosier Athletic Conference,Goshen,Indiana,Gavin Furgerson,S/OPP,Freshman,2029
Goshen College,NAIA,Wolverine-Hoosier Athletic Conference,Goshen,Indiana,Nash Morgan,DS,Freshman,2029
Goshen College,NAIA,Wolverine-Hoosier Athletic Conference,Goshen,Indiana,Mathis Doladille,MB,Freshman,2029
Huntington University,NAIA,Crossroads League,Huntington,Indiana,Grant Rinehart,OH,Senior,2026
Huntington University,NAIA,Crossroads League,Huntington,Indiana,Jayce Bonnell,S/OPP,Freshman,2029
Huntington University,NAIA,Crossroads League,Huntington,Indiana,Reed Myers,L/OH,Sophomore,2028
Huntington University,NAIA,Crossroads League,Huntington,Indiana,Logan Bortner,DS,Graduate Student,2026
Huntington University,NAIA,Crossroads League,Huntington,Indiana,Ari Segovia,DS,Senior,2026
Huntington University,NAIA,Crossroads League,Huntington,Indiana,Luca Buonocore,S,Senior,2026
Huntington University,NAIA,Crossroads League,Huntington,Indiana,Jacob Reece,DS,Freshman,2029
Huntington University,NAIA,Crossroads League,Huntington,Indiana,Aiden Grimble,MB,Freshman,2029
Huntington University,NAIA,Crossroads League,Huntington,Indiana,Ross Bell,MB,Senior,2026
Huntington University,NAIA,Crossroads League,Huntington,Indiana,Titus Shively,MB,Junior,2027
Huntington University,NAIA,Crossroads League,Huntington,Indiana,Colton Knefelkamp,OPP/OH,Sophomore,2028
Huntington University,NAIA,Crossroads League,Huntington,Indiana,Bryce Easton,OH,Freshman,2029
Huntington University,NAIA,Crossroads League,Huntington,Indiana,Thatcher Clementz,MB,Sophomore,2028
Indiana Institute of Technology,NAIA,Wolverine-Hoosier Athletic Conference,Fort Wayne,Indiana,Zack Karns,MB,Sophomore,2028
Indiana Institute of Technology,NAIA,Wolverine-Hoosier Athletic Conference,Fort Wayne,Indiana,Dylan Poore,OH,Senior,2026
Indiana Institute of Technology,NAIA,Wolverine-Hoosier Athletic Conference,Fort Wayne,Indiana,Nolan Bosley,S/DS,Senior,2026
Indiana Institute of Technology,NAIA,Wolverine-Hoosier Athletic Conference,Fort Wayne,Indiana,Sammy Lapinski,OH,Redshirt Freshman,2029
Indiana Institute of Technology,NAIA,Wolverine-Hoosier Athletic Conference,Fort Wayne,Indiana,Matt Dignan,OH/L,Freshman,2029
Indiana Institute of Technology,NAIA,Wolverine-Hoosier Athletic Conference,Fort Wayne,Indiana,Rylan Koser,L,Junior,2027
Indiana Institute of Technology,NAIA,Wolverine-Hoosier Athletic Conference,Fort Wayne,Indiana,Albert Garbacik,MB,Junior,2027
Indiana Institute of Technology,NAIA,Wolverine-Hoosier Athletic Conference,Fort Wayne,Indiana,Jensen Yarosh,OH,Sophomore,2028
Indiana Institute of Technology,NAIA,Wolverine-Hoosier Athletic Conference,Fort Wayne,Indiana,Jesse Biedenbach,S,Freshman,2029
Indiana Institute of Technology,NAIA,Wolverine-Hoosier Athletic Conference,Fort Wayne,Indiana,Shane Hemphill,S/OPP,Redshirt Freshman,2029
Indiana Institute of Technology,NAIA,Wolverine-Hoosier Athletic Conference,Fort Wayne,Indiana,Bo O'Leary,MB,Senior,2026
Indiana Institute of Technology,NAIA,Wolverine-Hoosier Athletic Conference,Fort Wayne,Indiana,Alex Rosenow,L,Senior,2026
Indiana Institute of Technology,NAIA,Wolverine-Hoosier Athletic Conference,Fort Wayne,Indiana,Zeke Litchfield,MB,Freshman,2029
Indiana Institute of Technology,NAIA,Wolverine-Hoosier Athletic Conference,Fort Wayne,Indiana,Owen Elliott,OH,Sophomore,2028
Indiana Institute of Technology,NAIA,Wolverine-Hoosier Athletic Conference,Fort Wayne,Indiana,Imraan Aung,OPP,Junior,2027
Indiana Institute of Technology,NAIA,Wolverine-Hoosier Athletic Conference,Fort Wayne,Indiana,Aleksa Mirkovic,S,Freshman,2029
Indiana Institute of Technology,NAIA,Wolverine-Hoosier Athletic Conference,Fort Wayne,Indiana,Logan Gieseke,OPP,Senior,2026
Indiana Institute of Technology,NAIA,Wolverine-Hoosier Athletic Conference,Fort Wayne,Indiana,Taiki Peterson,L,Freshman,2029
Indiana Institute of Technology,NAIA,Wolverine-Hoosier Athletic Conference,Fort Wayne,Indiana,Zyon Bain,MB/OPP,Freshman,2029
Indiana Institute of Technology,NAIA,Wolverine-Hoosier Athletic Conference,Fort Wayne,Indiana,Ben Rosenow,OH,Senior,2026
Indiana Institute of Technology,NAIA,Wolverine-Hoosier Athletic Conference,Fort Wayne,Indiana,Logan Gamero,MB,Fifth Year,2026
Indiana Institute of Technology,NAIA,Wolverine-Hoosier Athletic Conference,Fort Wayne,Indiana,AJ Piner,MB/OPP,Redshirt Freshman,2029
Indiana Institute of Technology,NAIA,Wolverine-Hoosier Athletic Conference,Fort Wayne,Indiana,Kristian Kold,OH,Redshirt Sophomore,2028
Indiana University - East,NAIA,River States Conference,Richmond,Indiana,Arthur Barreto,S/OH,Senior,2026
Indiana University - East,NAIA,River States Conference,Richmond,Indiana,Zach Mosher,OH,Freshman,2029
Indiana University - East,NAIA,River States Conference,Richmond,Indiana,Francis Rivera Agosto,L/OH,Senior,2026
Indiana University - East,NAIA,River States Conference,Richmond,Indiana,Brayden Richardson,S,Junior,2027
Indiana University - East,NAIA,River States Conference,Richmond,Indiana,Wyatt King,OPP,Sophomore,2028
Indiana University - East,NAIA,River States Conference,Richmond,Indiana,Jael De La Cruz,MB,Freshman,2029
Indiana University - East,NAIA,River States Conference,Richmond,Indiana,Vinicius Lopes,OH,Senior,2026
Indiana University - East,NAIA,River States Conference,Richmond,Indiana,Gideon Nelson,MB,Freshman,2029
Indiana University - East,NAIA,River States Conference,Richmond,Indiana,Esiah Philistin-Lynch,OPP,N/A,N/A
Indiana University - East,NAIA,River States Conference,Richmond,Indiana,Judah Davis,OH,Sophomore,2028
Indiana University - East,NAIA,River States Conference,Richmond,Indiana,Olwin Corrales,S,Sophomore,2028
Indiana Wesleyan University,NAIA,Crossroads League,Marion,Indiana,[FLAG] 2026-27 Inaugural Season; Currently Recruiting,N/A,N/A,N/A
Oakland City University,NAIA,River States Conference,Oakland City,Indiana,Mert Asma,L,Senior,2026
Oakland City University,NAIA,River States Conference,Oakland City,Indiana,Thomas Canavan,OH,Junior,2027
Oakland City University,NAIA,River States Conference,Oakland City,Indiana,Jahaziel Rivera,S/L,Sophomore,2028
Oakland City University,NAIA,River States Conference,Oakland City,Indiana,Deonte Brewer,N/A,Sophomore,2028
Oakland City University,NAIA,River States Conference,Oakland City,Indiana,Jayden Loring,OH,Sophomore,2028
Oakland City University,NAIA,River States Conference,Oakland City,Indiana,Till Wiesenthal,N/A,Freshman,2029
Oakland City University,NAIA,River States Conference,Oakland City,Indiana,Gastón Barrionuevo,OH,Junior,2027
Oakland City University,NAIA,River States Conference,Oakland City,Indiana,Jannis Pfeifer,N/A,Freshman,2029
Oakland City University,NAIA,River States Conference,Oakland City,Indiana,Bryan Turbides Pepen,OH,Sophomore,2028
Oakland City University,NAIA,River States Conference,Oakland City,Indiana,Robin Ruhe,MB,Sophomore,2028
Oakland City University,NAIA,River States Conference,Oakland City,Indiana,Lucca Peña,OH,Sophomore,2028
Oakland City University,NAIA,River States Conference,Oakland City,Indiana,Leonardo Cirquiera,L,Senior,2026
Oakland City University,NAIA,River States Conference,Oakland City,Indiana,Tomasz Swiderski,OH/OPP,Junior,2027
Oakland City University,NAIA,River States Conference,Oakland City,Indiana,Alvaro Gonzalez,OPP,Sophomore,2028
Oakland City University,NAIA,River States Conference,Oakland City,Indiana,Pawel Kulinski,MB,Sophomore,2028
Oakland City University,NAIA,River States Conference,Oakland City,Indiana,Danilo Negrao,S,Senior,2026
Oakland City University,NAIA,River States Conference,Oakland City,Indiana,Kevin Pavione,MB,Sophomore,2028
Oakland City University,NAIA,River States Conference,Oakland City,Indiana,Jaime Dominguez,N/A,Freshman,2029
Oakland City University,NAIA,River States Conference,Oakland City,Indiana,Krzysztof Nowak,S,Sophomore,2028
Oakland City University,NAIA,River States Conference,Oakland City,Indiana,Omar Gomez,OH,Sophomore,2028
Oakland City University,NAIA,River States Conference,Oakland City,Indiana,Paul Mueller,N/A,Freshman,2029
Oakland City University,NAIA,River States Conference,Oakland City,Indiana,Elijah Foster,N/A,Junior,2027
Oakland City University,NAIA,River States Conference,Oakland City,Indiana,Kendrick Marquez,S,Junior,2027
Oakland City University,NAIA,River States Conference,Oakland City,Indiana,Ariel Fokoua,OPP,Senior,2026
Oakland City University,NAIA,River States Conference,Oakland City,Indiana,Michael Fenley,OH,Senior,2026
Oakland City University,NAIA,River States Conference,Oakland City,Indiana,Landon Scroggins,N/A,Freshman,2029
Oakland City University,NAIA,River States Conference,Oakland City,Indiana,Andres Lopez Campos,N/A,Sophomore,2028
Oakland City University,NAIA,River States Conference,Oakland City,Indiana,Tinevimbo Goto,MB/OH,Sophomore,2028
Oakland City University,NAIA,River States Conference,Oakland City,Indiana,Thiago Bassani do Carmo,N/A,Freshman,2029
Saint Mary-of-the-Woods College,NAIA,River States Conference,Saint Mary-of-the-Woods,Indiana,Daniel Musa,OH,Freshman,2029
Saint Mary-of-the-Woods College,NAIA,River States Conference,Saint Mary-of-the-Woods,Indiana,Bentley Meyer,OH,Junior,2027
Saint Mary-of-the-Woods College,NAIA,River States Conference,Saint Mary-of-the-Woods,Indiana,Sutton Reed,OH/OPP,Freshman,2029
Saint Mary-of-the-Woods College,NAIA,River States Conference,Saint Mary-of-the-Woods,Indiana,Charlie Harr,MB,Junior,2027
Saint Mary-of-the-Woods College,NAIA,River States Conference,Saint Mary-of-the-Woods,Indiana,Jacob Wisniewski,S,Senior,2026
Saint Mary-of-the-Woods College,NAIA,River States Conference,Saint Mary-of-the-Woods,Indiana,Ryan Banister,OH/OPP,Sophomore,2028
Saint Mary-of-the-Woods College,NAIA,River States Conference,Saint Mary-of-the-Woods,Indiana,Scott Ledbetter,L/DS,Freshman,2029
Saint Mary-of-the-Woods College,NAIA,River States Conference,Saint Mary-of-the-Woods,Indiana,Josh Stembridge,OPP,Senior,2026
Saint Mary-of-the-Woods College,NAIA,River States Conference,Saint Mary-of-the-Woods,Indiana,Ethan Ricketts,S,Sophomore,2028
Saint Mary-of-the-Woods College,NAIA,River States Conference,Saint Mary-of-the-Woods,Indiana,Jeremy Lapeze,L/DS,Senior,2026
Saint Mary-of-the-Woods College,NAIA,River States Conference,Saint Mary-of-the-Woods,Indiana,Michael Olak,S,Senior,2026
Saint Mary-of-the-Woods College,NAIA,River States Conference,Saint Mary-of-the-Woods,Indiana,Colton Boldt,MB,Freshman,2029
Saint Mary-of-the-Woods College,NAIA,River States Conference,Saint Mary-of-the-Woods,Indiana,Trevin Matsuba,L/DS,Sophomore,2028
Saint Mary-of-the-Woods College,NAIA,River States Conference,Saint Mary-of-the-Woods,Indiana,Jashawn Sykes,L/DS,Sophomore,2028
Saint Mary-of-the-Woods College,NAIA,River States Conference,Saint Mary-of-the-Woods,Indiana,Jenu Ngialah,OH,Freshman,2029
Saint Mary-of-the-Woods College,NAIA,River States Conference,Saint Mary-of-the-Woods,Indiana,Dom Smith,OPP/S,Sophomore,2028
Saint Mary-of-the-Woods College,NAIA,River States Conference,Saint Mary-of-the-Woods,Indiana,Noah Boyett,MB/OPP,Sophomore,2028
Saint Mary-of-the-Woods College,NAIA,River States Conference,Saint Mary-of-the-Woods,Indiana,Yammiel Martinez,MB,Senior,2026
Saint Mary-of-the-Woods College,NAIA,River States Conference,Saint Mary-of-the-Woods,Indiana,Ethan Martins,S,Senior,2026
Saint Mary-of-the-Woods College,NAIA,River States Conference,Saint Mary-of-the-Woods,Indiana,Christian Green,OPP,Senior,2026
Saint Mary-of-the-Woods College,NAIA,River States Conference,Saint Mary-of-the-Woods,Indiana,Lauvai Pine,MB,Sophomore,2028
Saint Mary-of-the-Woods College,NAIA,River States Conference,Saint Mary-of-the-Woods,Indiana,Jalen Noveda,L/DS,Senior,2026
Saint Mary-of-the-Woods College,NAIA,River States Conference,Saint Mary-of-the-Woods,Indiana,Marco Palomares,OPP,Freshman,2029
Saint Mary-of-the-Woods College,NAIA,River States Conference,Saint Mary-of-the-Woods,Indiana,Joseph Szadorski,OH/OPP,Senior,2026
Saint Mary-of-the-Woods College,NAIA,River States Conference,Saint Mary-of-the-Woods,Indiana,Gabe Swihart,OPP,Freshman,2029
Saint Mary-of-the-Woods College,NAIA,River States Conference,Saint Mary-of-the-Woods,Indiana,Tyler Duranceau,OH/OPP,Sophomore,2028
Clarke University,NAIA,Heart of America Athletic Conference,Dubuque,Iowa,Eduardo Hernandez,OH/OPP,Senior,2026
Clarke University,NAIA,Heart of America Athletic Conference,Dubuque,Iowa,DJ Wilson,OPP/MB,Freshman,2029
Clarke University,NAIA,Heart of America Athletic Conference,Dubuque,Iowa,Lachlan Donnelly,OH,Freshman,2029
Clarke University,NAIA,Heart of America Athletic Conference,Dubuque,Iowa,Kevin Suarez,L/DS,Freshman,2029
Clarke University,NAIA,Heart of America Athletic Conference,Dubuque,Iowa,Malik Hosain,OPP,Sophomore,2028
Clarke University,NAIA,Heart of America Athletic Conference,Dubuque,Iowa,Benjamin Reiser,S,Junior,2027
Clarke University,NAIA,Heart of America Athletic Conference,Dubuque,Iowa,Jason Romero,L/DS,Sophomore,2028
Clarke University,NAIA,Heart of America Athletic Conference,Dubuque,Iowa,Micah Dancy,MB/OH,Freshman,2029
Clarke University,NAIA,Heart of America Athletic Conference,Dubuque,Iowa,Nolan Amdur,OPP/OH,Freshman,2029
Clarke University,NAIA,Heart of America Athletic Conference,Dubuque,Iowa,Noah Whalen,OH,Sophomore,2028
Clarke University,NAIA,Heart of America Athletic Conference,Dubuque,Iowa,Trey Vescoso,OH/DS,Sophomore,2028
Clarke University,NAIA,Heart of America Athletic Conference,Dubuque,Iowa,Dustin Kuner,MB,Freshman,2029
Clarke University,NAIA,Heart of America Athletic Conference,Dubuque,Iowa,Michael Pettke,MB,Senior,2026
Clarke University,NAIA,Heart of America Athletic Conference,Dubuque,Iowa,Tanner May,MB,Senior,2026
Clarke University,NAIA,Heart of America Athletic Conference,Dubuque,Iowa,Xavier Quinones,S,Freshman,2029
Clarke University,NAIA,Heart of America Athletic Conference,Dubuque,Iowa,Kyle Scott,MB,Sophomore,2028
Dordt University,NAIA,Great Plains Athletic Conference,Sioux Center,Iowa,McCullough Unruh,S,Freshman,2029
Dordt University,NAIA,Great Plains Athletic Conference,Sioux Center,Iowa,Ethan Pauls,DS,Freshman,2029
Dordt University,NAIA,Great Plains Athletic Conference,Sioux Center,Iowa,Colt Schmidt,DS,Freshman,2029
Dordt University,NAIA,Great Plains Athletic Conference,Sioux Center,Iowa,Nicodemus Elliott,OPP,Senior,2026
Dordt University,NAIA,Great Plains Athletic Conference,Sioux Center,Iowa,Ale Murdoch,OPP,Senior,2026
Dordt University,NAIA,Great Plains Athletic Conference,Sioux Center,Iowa,Daniel Garcia,OPP,Sophomore,2028
Dordt University,NAIA,Great Plains Athletic Conference,Sioux Center,Iowa,Bradley Neff,DS,Sophomore,2028
Dordt University,NAIA,Great Plains Athletic Conference,Sioux Center,Iowa,Travis Hoogstra,MB/OPP,Junior,2027
Dordt University,NAIA,Great Plains Athletic Conference,Sioux Center,Iowa,Kai Chapman,OPP/OH,Sophomore,2028
Dordt University,NAIA,Great Plains Athletic Conference,Sioux Center,Iowa,Joseph Jang,S,Junior,2027
Dordt University,NAIA,Great Plains Athletic Conference,Sioux Center,Iowa,Joel Van Groningen,OH,Junior,2027
Dordt University,NAIA,Great Plains Athletic Conference,Sioux Center,Iowa,Spencer Franken,MB,Junior,2027
Dordt University,NAIA,Great Plains Athletic Conference,Sioux Center,Iowa,Cory Kuperus,MB,Junior,2027
Dordt University,NAIA,Great Plains Athletic Conference,Sioux Center,Iowa,Lance Vermeer,MB,Junior,2027
Dordt University,NAIA,Great Plains Athletic Conference,Sioux Center,Iowa,Cade Schmidt,OH,Junior,2027
Dordt University,NAIA,Great Plains Athletic Conference,Sioux Center,Iowa,Justin Hofman,S/OPP,Junior,2027
Dordt University,NAIA,Great Plains Athletic Conference,Sioux Center,Iowa,Jackson Smith,OH,Freshman,2029
Dordt University,NAIA,Great Plains Athletic Conference,Sioux Center,Iowa,Michael Gross,OH,Junior,2027
Dordt University,NAIA,Great Plains Athletic Conference,Sioux Center,Iowa,Kaiel Johnson,MB,Freshman,2029
Dordt University,NAIA,Great Plains Athletic Conference,Sioux Center,Iowa,Grant Hartke,OH/OPP,Freshman,2029
Graceland University,NAIA,Heart of America Athletic Conference,Lamoni,Iowa,Davian Jorge,DS,Sophomore,2028
Graceland University,NAIA,Heart of America Athletic Conference,Lamoni,Iowa,Andrew Cziep,OH/OPP,Senior,2026
Graceland University,NAIA,Heart of America Athletic Conference,Lamoni,Iowa,Andrew Youssef,OH/OPP,Sophomore,2028
Graceland University,NAIA,Heart of America Athletic Conference,Lamoni,Iowa,Christopher Sawyer,S/OH,Sophomore,2028
Graceland University,NAIA,Heart of America Athletic Conference,Lamoni,Iowa,Elijah Kline,MB/OPP,Sophomore,2028
Graceland University,NAIA,Heart of America Athletic Conference,Lamoni,Iowa,Luis Garcia,DS/L,Senior,2026
Graceland University,NAIA,Heart of America Athletic Conference,Lamoni,Iowa,Nairod Fonseca,S/OPP,Freshman,2029
Graceland University,NAIA,Heart of America Athletic Conference,Lamoni,Iowa,Garrin Hanby,OH/OPP,Freshman,2029
Graceland University,NAIA,Heart of America Athletic Conference,Lamoni,Iowa,Ilija Colakovic,DS/L,Junior,2027
Graceland University,NAIA,Heart of America Athletic Conference,Lamoni,Iowa,Blake Hauschild,MB,Junior,2027
Graceland University,NAIA,Heart of America Athletic Conference,Lamoni,Iowa,Chase VanDellen,MB,Sophomore,2028
Graceland University,NAIA,Heart of America Athletic Conference,Lamoni,Iowa,Jerze Simonson,MB,Freshman,2029
Graceland University,NAIA,Heart of America Athletic Conference,Lamoni,Iowa,Kaden Joseph,OH/OPP,Freshman,2029
Graceland University,NAIA,Heart of America Athletic Conference,Lamoni,Iowa,Nam Taluong,OH/DS,Freshman,2029
Graceland University,NAIA,Heart of America Athletic Conference,Lamoni,Iowa,Talix Williams,MB,Freshman,2029
Graceland University,NAIA,Heart of America Athletic Conference,Lamoni,Iowa,Jackson House,OH,Freshman,2029
Graceland University,NAIA,Heart of America Athletic Conference,Lamoni,Iowa,Jayion Grice,OH/OPP,Sophomore,2028
Graceland University,NAIA,Heart of America Athletic Conference,Lamoni,Iowa,Nick English,OH/OPP,Freshman,2029
Graceland University,NAIA,Heart of America Athletic Conference,Lamoni,Iowa,Hawk Richard,OH,Freshman,2029
Graceland University,NAIA,Heart of America Athletic Conference,Lamoni,Iowa,Kalanikapu Aona,OH/OPP,Junior,2027
Graceland University,NAIA,Heart of America Athletic Conference,Lamoni,Iowa,Benjamin Gorton-Hülgerth,L/DS,Sophomore,2028
Grand View University,NAIA,Heart of America Athletic Conference,Des Moines,Iowa,Braden Booth,MB,Freshman,2029
Grand View University,NAIA,Heart of America Athletic Conference,Des Moines,Iowa,Chris Davis,OH/OPP,Freshman,2029
Grand View University,NAIA,Heart of America Athletic Conference,Des Moines,Iowa,Guilherme Domdei Goedert,S,Junior,2027
Grand View University,NAIA,Heart of America Athletic Conference,Des Moines,Iowa,Pietro Fadanelli,OH,Freshman,2029
Grand View University,NAIA,Heart of America Athletic Conference,Des Moines,Iowa,Jackson Fehring-Terrell,OPP,Senior,2026
Grand View University,NAIA,Heart of America Athletic Conference,Des Moines,Iowa,Jamison Johnson,OPP/OH,Senior,2026
Grand View University,NAIA,Heart of America Athletic Conference,Des Moines,Iowa,André Lucas Alves Leandro,MB,Senior,2026
Grand View University,NAIA,Heart of America Athletic Conference,Des Moines,Iowa,Bernardo Marostica,S,Freshman,2029
Grand View University,NAIA,Heart of America Athletic Conference,Des Moines,Iowa,Stoyota Nguyen,DS/L,Freshman,2029
Grand View University,NAIA,Heart of America Athletic Conference,Des Moines,Iowa,Moses Nix,OH,Sophomore,2028
Grand View University,NAIA,Heart of America Athletic Conference,Des Moines,Iowa,Taylor Phipps,OH/OPP,Junior,2027
Grand View University,NAIA,Heart of America Athletic Conference,Des Moines,Iowa,Jonathan Rzepa,MB,Graduate Student,2026
Grand View University,NAIA,Heart of America Athletic Conference,Des Moines,Iowa,Sam Sheets,L/OH,Junior,2027
Grand View University,NAIA,Heart of America Athletic Conference,Des Moines,Iowa,Cheikh Sow,MB,Junior,2027
Grand View University,NAIA,Heart of America Athletic Conference,Des Moines,Iowa,Marcus Taylor,S,Senior,2026
Grand View University,NAIA,Heart of America Athletic Conference,Des Moines,Iowa,Vinicius Tonezer,MB,Freshman,2029
Grand View University,NAIA,Heart of America Athletic Conference,Des Moines,Iowa,Joshua Valencia,L,Senior,2026
Grand View University,NAIA,Heart of America Athletic Conference,Des Moines,Iowa,Jake Winters,OH/OPP,Freshman,2029
Morningside College,NAIA,Great Plains Athletic Conference,Sioux City,Iowa,Liam Lutz,OH,Senior,2026
Morningside College,NAIA,Great Plains Athletic Conference,Sioux City,Iowa,Gabe Schreck,S,Sophomore,2028
Morningside College,NAIA,Great Plains Athletic Conference,Sioux City,Iowa,Braden Maneja,L,Freshman,2029
Morningside College,NAIA,Great Plains Athletic Conference,Sioux City,Iowa,Jarrick Bagaoisan,S,Freshman,2029
Morningside College,NAIA,Great Plains Athletic Conference,Sioux City,Iowa,Jederick Brito Diaz,L,Freshman,2029
Morningside College,NAIA,Great Plains Athletic Conference,Sioux City,Iowa,Palikapu Wilson,MB/OPP,Freshman,2029
Morningside College,NAIA,Great Plains Athletic Conference,Sioux City,Iowa,Natan Alves,OH,Senior,2026
Morningside College,NAIA,Great Plains Athletic Conference,Sioux City,Iowa,Michael Padilla,OH/OPP,Junior,2027
Morningside College,NAIA,Great Plains Athletic Conference,Sioux City,Iowa,Edoardo Pirazzo,MB,Freshman,2029
Morningside College,NAIA,Great Plains Athletic Conference,Sioux City,Iowa,Shane Kelly,OH/DS,Freshman,2029
Morningside College,NAIA,Great Plains Athletic Conference,Sioux City,Iowa,Francisco Colichon,MB,Freshman,2029
Morningside College,NAIA,Great Plains Athletic Conference,Sioux City,Iowa,Lucca Stoelinga,S,Freshman,2029
Morningside College,NAIA,Great Plains Athletic Conference,Sioux City,Iowa,Jaime Alvarez,OH,Senior,2026
Morningside College,NAIA,Great Plains Athletic Conference,Sioux City,Iowa,Malu Wilcox,S,Freshman,2029
Morningside College,NAIA,Great Plains Athletic Conference,Sioux City,Iowa,Tucker Juhnke,L,Junior,2027
Morningside College,NAIA,Great Plains Athletic Conference,Sioux City,Iowa,Mauro Verstraeten,OH/OPP,Freshman,2029
Morningside College,NAIA,Great Plains Athletic Conference,Sioux City,Iowa,Mosiah Walker,DS/S,Sophomore,2028
Morningside College,NAIA,Great Plains Athletic Conference,Sioux City,Iowa,Mohamed Benkrid,OH,Junior,2027
Morningside College,NAIA,Great Plains Athletic Conference,Sioux City,Iowa,Ferdinando Vinti,OH,Senior,2026
Mount Mercy University,NAIA,Heart of America Athletic Conference,Rapids,Iowa,Richard Struska,L,Sophomore,2028
Mount Mercy University,NAIA,Heart of America Athletic Conference,Rapids,Iowa,Douglas Fofano,L,Senior,2026
Mount Mercy University,NAIA,Heart of America Athletic Conference,Rapids,Iowa,Sven Krieg,OH,Senior,2026
Mount Mercy University,NAIA,Heart of America Athletic Conference,Rapids,Iowa,Gabor Toth,OH,Sophomore,2028
Mount Mercy University,NAIA,Heart of America Athletic Conference,Rapids,Iowa,Matthew Krzos,MB,Senior,2026
Mount Mercy University,NAIA,Heart of America Athletic Conference,Rapids,Iowa,Raphael Massara,MB,Senior,2026
Mount Mercy University,NAIA,Heart of America Athletic Conference,Rapids,Iowa,Curdin Acklin,OH,Freshman,2029
Mount Mercy University,NAIA,Heart of America Athletic Conference,Rapids,Iowa,Guglielmo Illotti,OPP,Sophomore,2028
Mount Mercy University,NAIA,Heart of America Athletic Conference,Rapids,Iowa,Nikola Kovacevic,MB,Freshman,2029
Mount Mercy University,NAIA,Heart of America Athletic Conference,Rapids,Iowa,Pere Font Torres,OH,Sophomore,2028
Mount Mercy University,NAIA,Heart of America Athletic Conference,Rapids,Iowa,Matthew Swiatkowski,MB,Freshman,2029
Mount Mercy University,NAIA,Heart of America Athletic Conference,Rapids,Iowa,Gustavo Kehl Bauer,S,Sophomore,2028
Mount Mercy University,NAIA,Heart of America Athletic Conference,Rapids,Iowa,Brian Lynch,OPP,Senior,2026
Mount Mercy University,NAIA,Heart of America Athletic Conference,Rapids,Iowa,Alexandre Jette,S,Freshman,2029
St. Ambrose University,NAIA,Chicagoland Collegiate Athletic Conference,Davenport,Iowa,Jon Guch,OPP,Senior,2026
St. Ambrose University,NAIA,Chicagoland Collegiate Athletic Conference,Davenport,Iowa,Kainalu Ka'ahanui,OH,Sophomore,2028
St. Ambrose University,NAIA,Chicagoland Collegiate Athletic Conference,Davenport,Iowa,Charlie Flynn,MB,Senior,2026
St. Ambrose University,NAIA,Chicagoland Collegiate Athletic Conference,Davenport,Iowa,Cael Anderson,OH/OPP,Senior,2026
St. Ambrose University,NAIA,Chicagoland Collegiate Athletic Conference,Davenport,Iowa,Michael Bos,MB,Junior,2027
St. Ambrose University,NAIA,Chicagoland Collegiate Athletic Conference,Davenport,Iowa,Ian Cordes,OPP,Freshman,2029
St. Ambrose University,NAIA,Chicagoland Collegiate Athletic Conference,Davenport,Iowa,Chase Cline,MB,Sophomore,2028
St. Ambrose University,NAIA,Chicagoland Collegiate Athletic Conference,Davenport,Iowa,Matt Cannon,S,Sophomore,2028
St. Ambrose University,NAIA,Chicagoland Collegiate Athletic Conference,Davenport,Iowa,Pedro Zang,OPP,Sophomore,2028
St. Ambrose University,NAIA,Chicagoland Collegiate Athletic Conference,Davenport,Iowa,Evan Rozhon,OH,Freshman,2029
St. Ambrose University,NAIA,Chicagoland Collegiate Athletic Conference,Davenport,Iowa,Anthony Anderson,S,Senior,2026
St. Ambrose University,NAIA,Chicagoland Collegiate Athletic Conference,Davenport,Iowa,Ethan Karban,L,Junior,2027
St. Ambrose University,NAIA,Chicagoland Collegiate Athletic Conference,Davenport,Iowa,Cole Rubio,OH,Freshman,2029
St. Ambrose University,NAIA,Chicagoland Collegiate Athletic Conference,Davenport,Iowa,Conner Rogalski,OPP,Sophomore,2028
St. Ambrose University,NAIA,Chicagoland Collegiate Athletic Conference,Davenport,Iowa,Chayce Stouffer,OH,Sophomore,2028
St. Ambrose University,NAIA,Chicagoland Collegiate Athletic Conference,Davenport,Iowa,Ryan Rehacek,OH/DS,Freshman,2029
St. Ambrose University,NAIA,Chicagoland Collegiate Athletic Conference,Davenport,Iowa,Kam Dixon,OH,Sophomore,2028
St. Ambrose University,NAIA,Chicagoland Collegiate Athletic Conference,Davenport,Iowa,Collen Mauga,MB,Freshman,2029
St. Ambrose University,NAIA,Chicagoland Collegiate Athletic Conference,Davenport,Iowa,Zander Larson,OH,Senior,2026
St. Ambrose University,NAIA,Chicagoland Collegiate Athletic Conference,Davenport,Iowa,Felipe Prieto,S,Sophomore,2028
St. Ambrose University,NAIA,Chicagoland Collegiate Athletic Conference,Davenport,Iowa,Carter Zelnis,MB,Freshman,2029
St. Ambrose University,NAIA,Chicagoland Collegiate Athletic Conference,Davenport,Iowa,Abraham Parsons,L,Freshman,2029
St. Ambrose University,NAIA,Chicagoland Collegiate Athletic Conference,Davenport,Iowa,Jaxon Mitchell,MB,Sophomore,2028
St. Ambrose University,NAIA,Chicagoland Collegiate Athletic Conference,Davenport,Iowa,Dillon Markley,L,Senior,2026
William Penn University,NAIA,Heart of America Athletic Conference,Oskaloosa,Iowa,Joao Gabriel Filippelli,L,Junior,2027
William Penn University,NAIA,Heart of America Athletic Conference,Oskaloosa,Iowa,Taylor Brummond,L,Sophomore,2028
William Penn University,NAIA,Heart of America Athletic Conference,Oskaloosa,Iowa,Luka DeJong,MB,Junior,2027
William Penn University,NAIA,Heart of America Athletic Conference,Oskaloosa,Iowa,Kaeden Knoblauch,OPP,Junior,2027
William Penn University,NAIA,Heart of America Athletic Conference,Oskaloosa,Iowa,Darius Stanley,L,Senior,2026
William Penn University,NAIA,Heart of America Athletic Conference,Oskaloosa,Iowa,Cezar Pedroso,S,Senior,2026
William Penn University,NAIA,Heart of America Athletic Conference,Oskaloosa,Iowa,Will Tyler,OH,Sophomore,2028
William Penn University,NAIA,Heart of America Athletic Conference,Oskaloosa,Iowa,Ben Cemeno-Castillo,OH,Senior,2026
William Penn University,NAIA,Heart of America Athletic Conference,Oskaloosa,Iowa,Brayden Van Hook,OPP,Freshman,2029
William Penn University,NAIA,Heart of America Athletic Conference,Oskaloosa,Iowa,Sam Spaude,OH,Graduate Student,2026
William Penn University,NAIA,Heart of America Athletic Conference,Oskaloosa,Iowa,Travis Keller,OH,Senior,2026
William Penn University,NAIA,Heart of America Athletic Conference,Oskaloosa,Iowa,Noah Harmon,MB,Freshman,2029
William Penn University,NAIA,Heart of America Athletic Conference,Oskaloosa,Iowa,Ben Brinkman,MB,Sophomore,2028
William Penn University,NAIA,Heart of America Athletic Conference,Oskaloosa,Iowa,Emilio Spanner,OH,Junior,2027
William Penn University,NAIA,Heart of America Athletic Conference,Oskaloosa,Iowa,Marton Sebestyen,OPP,Freshman,2029
William Penn University,NAIA,Heart of America Athletic Conference,Oskaloosa,Iowa,Fischer Paulson,OH,Sophomore,2028
William Penn University,NAIA,Heart of America Athletic Conference,Oskaloosa,Iowa,Brady Zell,S,Sophomore,2028
William Penn University,NAIA,Heart of America Athletic Conference,Oskaloosa,Iowa,OJ Payne,OH,Senior,2026
William Penn University,NAIA,Heart of America Athletic Conference,Oskaloosa,Iowa,Tommy Fellows,OH,Sophomore,2028
William Penn University,NAIA,Heart of America Athletic Conference,Oskaloosa,Iowa,Britten Beallis,MB,Senior,2026
William Penn University,NAIA,Heart of America Athletic Conference,Oskaloosa,Iowa,Ryan Guzman,S,Sophomore,2028
William Penn University,NAIA,Heart of America Athletic Conference,Oskaloosa,Iowa,Chase Alguire,OPP,Sophomore,2028
William Penn University,NAIA,Heart of America Athletic Conference,Oskaloosa,Iowa,Bryson Zerr,MB,Sophomore,2028
William Penn University,NAIA,Heart of America Athletic Conference,Oskaloosa,Iowa,Vann Bohling,OH,Sophomore,2028
William Penn University,NAIA,Heart of America Athletic Conference,Oskaloosa,Iowa,Kolton DeJong,OH,Sophomore,2028
William Penn University,NAIA,Heart of America Athletic Conference,Oskaloosa,Iowa,Toby Thammasine,S,Freshman,2029
William Penn University,NAIA,Heart of America Athletic Conference,Oskaloosa,Iowa,Nolan Fellows,S,Freshman,2029
William Penn University,NAIA,Heart of America Athletic Conference,Oskaloosa,Iowa,Remi Xiong,S,Freshman,2029
William Penn University,NAIA,Heart of America Athletic Conference,Oskaloosa,Iowa,Josh Bluhm,OPP,Sophomore,2028
William Penn University,NAIA,Heart of America Athletic Conference,Oskaloosa,Iowa,Eh Nay Ter,OH,Freshman,2029
William Penn University,NAIA,Heart of America Athletic Conference,Oskaloosa,Iowa,Jayden Izeta,L,Freshman,2029
Central Christian College of Kansas,NAIA,Sooner Athletic Conference,McPherson,Kansas,Jose Amancio-Ramos,N/A,Freshman,2029
Central Christian College of Kansas,NAIA,Sooner Athletic Conference,McPherson,Kansas,Erick Yang,S/OPP,Junior,2027
Central Christian College of Kansas,NAIA,Sooner Athletic Conference,McPherson,Kansas,Makhi Abraham,L,Freshman,2029
Central Christian College of Kansas,NAIA,Sooner Athletic Conference,McPherson,Kansas,Christian Sullivan,S,Sophomore,2028
Central Christian College of Kansas,NAIA,Sooner Athletic Conference,McPherson,Kansas,Willian Canario,N/A,Sophomore,2028
Central Christian College of Kansas,NAIA,Sooner Athletic Conference,McPherson,Kansas,Stephen Barnes,OH,Freshman,2029
Central Christian College of Kansas,NAIA,Sooner Athletic Conference,McPherson,Kansas,Joel Creary,MB,Senior,2026
Central Christian College of Kansas,NAIA,Sooner Athletic Conference,McPherson,Kansas,Komarri Fraites,N/A,Freshman,2029
Central Christian College of Kansas,NAIA,Sooner Athletic Conference,McPherson,Kansas,Vincent Johnson,OPP,Freshman,2029
Central Christian College of Kansas,NAIA,Sooner Athletic Conference,McPherson,Kansas,Elijah Kephart,OH,Senior,2026
Central Christian College of Kansas,NAIA,Sooner Athletic Conference,McPherson,Kansas,Kevin Jones,OH,Junior,2027
Central Christian College of Kansas,NAIA,Sooner Athletic Conference,McPherson,Kansas,Jayson Gudiel,MB,Freshman,2029
Central Christian College of Kansas,NAIA,Sooner Athletic Conference,McPherson,Kansas,Manuel Noriega,OH,Junior,2027
Central Christian College of Kansas,NAIA,Sooner Athletic Conference,McPherson,Kansas,Austin Troxler,OPP,Freshman,2029
Central Christian College of Kansas,NAIA,Sooner Athletic Conference,McPherson,Kansas,Devereaux Lopez,OH,Freshman,2029
Central Christian College of Kansas,NAIA,Sooner Athletic Conference,McPherson,Kansas,Orion Tally,N/A,Freshman,2029
Central Christian College of Kansas,NAIA,Sooner Athletic Conference,McPherson,Kansas,Isaac Cruz,S,Freshman,2029
Central Christian College of Kansas,NAIA,Sooner Athletic Conference,McPherson,Kansas,Elijah Urena-Valenzuela,S,Freshman,2029
Central Christian College of Kansas,NAIA,Sooner Athletic Conference,McPherson,Kansas,Jesse Espinoza,DS,Freshman,2029
Central Christian College of Kansas,NAIA,Sooner Athletic Conference,McPherson,Kansas,Kaleb Kelly,L,Sophomore,2028
Central Christian College of Kansas,NAIA,Sooner Athletic Conference,McPherson,Kansas,Carter Richardson,OH,Freshman,2029
Central Christian College of Kansas,NAIA,Sooner Athletic Conference,McPherson,Kansas,Preston LeValley,MB,Freshman,2029
Central Christian College of Kansas,NAIA,Sooner Athletic Conference,McPherson,Kansas,Caiovictor Mendonca,L,Freshman,2029
Central Christian College of Kansas,NAIA,Sooner Athletic Conference,McPherson,Kansas,Christopher Mitchell,MB,Freshman,2029
Central Christian College of Kansas,NAIA,Sooner Athletic Conference,McPherson,Kansas,George Cambra,OPP,Freshman,2029
Central Christian College of Kansas,NAIA,Sooner Athletic Conference,McPherson,Kansas,Payton Collins,N/A,Junior,2027
Kansas Wesleyan University,NAIA,Kansas Collegiate Athletic Conference,Salina,Kansas,Dominic Morrison,DS,Freshman,2029
Kansas Wesleyan University,NAIA,Kansas Collegiate Athletic Conference,Salina,Kansas,Dallas Manaku,S,Freshman,2029
Kansas Wesleyan University,NAIA,Kansas Collegiate Athletic Conference,Salina,Kansas,Josh Kiely,DS,Sophomore,2028
Kansas Wesleyan University,NAIA,Kansas Collegiate Athletic Conference,Salina,Kansas,Anthony Mule,DS,Freshman,2029
Kansas Wesleyan University,NAIA,Kansas Collegiate Athletic Conference,Salina,Kansas,Joshua Condon,S,Sophomore,2028
Kansas Wesleyan University,NAIA,Kansas Collegiate Athletic Conference,Salina,Kansas,Kaleb Cui,OPP,Sophomore,2028
Kansas Wesleyan University,NAIA,Kansas Collegiate Athletic Conference,Salina,Kansas,Conor Williams,OH/OPP,Freshman,2029
Kansas Wesleyan University,NAIA,Kansas Collegiate Athletic Conference,Salina,Kansas,Am Aritos,DS,Freshman,2029
Kansas Wesleyan University,NAIA,Kansas Collegiate Athletic Conference,Salina,Kansas,Brysen Newville,OH/OPP,Freshman,2029
Kansas Wesleyan University,NAIA,Kansas Collegiate Athletic Conference,Salina,Kansas,Alexander Rivera,OH/OPP,Freshman,2029
Ottawa University,NAIA,Kansas Collegiate Athletic Conference,Ottawa,Kansas,Mozaic Mulipola,OH,Freshman,2029
Ottawa University,NAIA,Kansas Collegiate Athletic Conference,Ottawa,Kansas,Leo Betin,OH,Graduate Student,2026
Ottawa University,NAIA,Kansas Collegiate Athletic Conference,Ottawa,Kansas,Joao Rocha,MB,Sophomore,2028
Ottawa University,NAIA,Kansas Collegiate Athletic Conference,Ottawa,Kansas,Damitrae Ellis,MB,Sophomore,2028
Ottawa University,NAIA,Kansas Collegiate Athletic Conference,Ottawa,Kansas,Quentin Le Dortz,S,Graduate Student,2026
Ottawa University,NAIA,Kansas Collegiate Athletic Conference,Ottawa,Kansas,Kadeem Morris,MB,Senior,2026
Ottawa University,NAIA,Kansas Collegiate Athletic Conference,Ottawa,Kansas,Maxime Cornu,S,Sophomore,2028
Ottawa University,NAIA,Kansas Collegiate Athletic Conference,Ottawa,Kansas,Jaedon Hodge,S,Freshman,2029
Ottawa University,NAIA,Kansas Collegiate Athletic Conference,Ottawa,Kansas,Gael Velazco,DS,Freshman,2029
Ottawa University,NAIA,Kansas Collegiate Athletic Conference,Ottawa,Kansas,Alex Galvan,L,Senior,2026
Ottawa University,NAIA,Kansas Collegiate Athletic Conference,Ottawa,Kansas,Kalena Launiu,S,Sophomore,2028
Ottawa University,NAIA,Kansas Collegiate Athletic Conference,Ottawa,Kansas,Andrew Ely,MB,Freshman,2029
Ottawa University,NAIA,Kansas Collegiate Athletic Conference,Ottawa,Kansas,Norberto Dominquez,DS,Redshirt Sophomore,2028
Ottawa University,NAIA,Kansas Collegiate Athletic Conference,Ottawa,Kansas,Marko Zolnjan,OH,Junior,2027
Ottawa University,NAIA,Kansas Collegiate Athletic Conference,Ottawa,Kansas,Madison Castillo,OPP,Redshirt Freshman,2029
Ottawa University,NAIA,Kansas Collegiate Athletic Conference,Ottawa,Kansas,Gkerman Antamian,S,Freshman,2029
Ottawa University,NAIA,Kansas Collegiate Athletic Conference,Ottawa,Kansas,Isaac Rollenhagen,OH,Junior,2027
Ottawa University,NAIA,Kansas Collegiate Athletic Conference,Ottawa,Kansas,Derrick Hajka,OH,Senior,2026
Ottawa University,NAIA,Kansas Collegiate Athletic Conference,Ottawa,Kansas,Kaya Harris,OH,Freshman,2029
Ottawa University,NAIA,Kansas Collegiate Athletic Conference,Ottawa,Kansas,Petar Lazic,OPP,Sophomore,2028
Ottawa University,NAIA,Kansas Collegiate Athletic Conference,Ottawa,Kansas,Darrin Tanoura,OH/OPP,Freshman,2029
Ottawa University,NAIA,Kansas Collegiate Athletic Conference,Ottawa,Kansas,Markos Lanitis,OH,Freshman,2029
Ottawa University,NAIA,Kansas Collegiate Athletic Conference,Ottawa,Kansas,Horia Filpisan,S/OPP,Sophomore,2028
Ottawa University,NAIA,Kansas Collegiate Athletic Conference,Ottawa,Kansas,Macort Pickup,OH,Junior,2027
Ottawa University,NAIA,Kansas Collegiate Athletic Conference,Ottawa,Kansas,Nicholas Durant,OH,Redshirt,N/A
Ottawa University,NAIA,Kansas Collegiate Athletic Conference,Ottawa,Kansas,Tashimo Scatcliffe,MB,Redshirt,N/A
Brescia University,NAIA,River States Conference,Owensboro,Kentucky,Mauricio Perez Olvera,S,Freshman,2029
Brescia University,NAIA,River States Conference,Owensboro,Kentucky,Connor Lilly,OPP,Junior,2027
Brescia University,NAIA,River States Conference,Owensboro,Kentucky,Luke Shelby,DS,Freshman,2029
Brescia University,NAIA,River States Conference,Owensboro,Kentucky,Tuna Konukcu,OH,Senior,2026
Brescia University,NAIA,River States Conference,Owensboro,Kentucky,Miguel Veloso,DS,Sophomore,2028
Brescia University,NAIA,River States Conference,Owensboro,Kentucky,Finn Berger,S,Junior,2027
Brescia University,NAIA,River States Conference,Owensboro,Kentucky,Tomas Oliveira,MB,Freshman,2029
Brescia University,NAIA,River States Conference,Owensboro,Kentucky,Miguel Pereira,MB,Sophomore,2028
Brescia University,NAIA,River States Conference,Owensboro,Kentucky,Can Acis,MB,Sophomore,2028
Brescia University,NAIA,River States Conference,Owensboro,Kentucky,Haris Hasicevic,OH,Freshman,2029
Brescia University,NAIA,River States Conference,Owensboro,Kentucky,Abdulkadir Yildiz,OPP,Freshman,2029
Brescia University,NAIA,River States Conference,Owensboro,Kentucky,Remi Pit,OH,Freshman,2029
Brescia University,NAIA,River States Conference,Owensboro,Kentucky,Joaquin Palacios,MB,Sophomore,2028
Brescia University,NAIA,River States Conference,Owensboro,Kentucky,Luke Staehely,OH,Freshman,2029
Brescia University,NAIA,River States Conference,Owensboro,Kentucky,Ben Zerwes,MB,Freshman,2029
Brescia University,NAIA,River States Conference,Owensboro,Kentucky,Malo Vandewalle,OH,Freshman,2029
Brescia University,NAIA,River States Conference,Owensboro,Kentucky,Siejohn Ouattara,OH,Sophomore,2028
Brescia University,NAIA,River States Conference,Owensboro,Kentucky,Caleb Jones,OPP,Junior,2027
Brescia University,NAIA,River States Conference,Owensboro,Kentucky,William Hernandez,S,Freshman,2029
Brescia University,NAIA,River States Conference,Owensboro,Kentucky,Lucas Wright,DS,Junior,2027
Brescia University,NAIA,River States Conference,Owensboro,Kentucky,Mustafa Yildiz,OPP,Senior,2026
Brescia University,NAIA,River States Conference,Owensboro,Kentucky,Stephen Schmidt,DS,Junior,2027
Campbellsville University,NAIA,Mid-South Conference,Campbellsville,Kentucky,Lukas Hlavac,S,Freshman,2029
Campbellsville University,NAIA,Mid-South Conference,Campbellsville,Kentucky,Derek Ocasio,MB,Freshman,2029
Campbellsville University,NAIA,Mid-South Conference,Campbellsville,Kentucky,Alonzo Vega,S,Junior,2027
Campbellsville University,NAIA,Mid-South Conference,Campbellsville,Kentucky,Eduardo Viera,S,Freshman,2029
Campbellsville University,NAIA,Mid-South Conference,Campbellsville,Kentucky,Emory Baldwin,DS,Freshman,2029
Campbellsville University,NAIA,Mid-South Conference,Campbellsville,Kentucky,Luke Stracener,OPP,Sophomore,2028
Campbellsville University,NAIA,Mid-South Conference,Campbellsville,Kentucky,Andrew Ovalle,DS,Sophomore,2028
Campbellsville University,NAIA,Mid-South Conference,Campbellsville,Kentucky,Eduardo Polli,OH,Freshman,2029
Campbellsville University,NAIA,Mid-South Conference,Campbellsville,Kentucky,Pedro Zavatini,MB,Junior,2027
Campbellsville University,NAIA,Mid-South Conference,Campbellsville,Kentucky,Denzel Madrigal,OH,Senior,2026
Campbellsville University,NAIA,Mid-South Conference,Campbellsville,Kentucky,Nikola Spasovski,OH,Freshman,2029
Campbellsville University,NAIA,Mid-South Conference,Campbellsville,Kentucky,Savvas Christou,OH,Freshman,2029
Campbellsville University,NAIA,Mid-South Conference,Campbellsville,Kentucky,Camilo Fernandez,OH,Freshman,2029
Campbellsville University,NAIA,Mid-South Conference,Campbellsville,Kentucky,Ayoub Hamadache,OH,Sophomore,2028
Campbellsville University,NAIA,Mid-South Conference,Campbellsville,Kentucky,Yusdel Martinez,OH,Sophomore,2028
Campbellsville University,NAIA,Mid-South Conference,Campbellsville,Kentucky,Sebastian Cardona,DS,Sophomore,2028
Campbellsville University,NAIA,Mid-South Conference,Campbellsville,Kentucky,Aiden Grace,OPP,Freshman,2029
Campbellsville University,NAIA,Mid-South Conference,Campbellsville,Kentucky,Lazar Spasovski,OH,Freshman,2029
Campbellsville University,NAIA,Mid-South Conference,Campbellsville,Kentucky,David Barcan,OH,Senior,2026
Campbellsville University,NAIA,Mid-South Conference,Campbellsville,Kentucky,Corbin Hale,OH,Freshman,2029
Georgetown College,NAIA,Mid-South Conference,Georgetown,Kentucky,KP Sandhu,OH/OPP,Junior,2027
Georgetown College,NAIA,Mid-South Conference,Georgetown,Kentucky,Grayson Schill,L,Freshman,2029
Georgetown College,NAIA,Mid-South Conference,Georgetown,Kentucky,Grant Hapner,OH/DS,Sophomore,2028
Georgetown College,NAIA,Mid-South Conference,Georgetown,Kentucky,Ilan Weinberger,S,Freshman,2029
Georgetown College,NAIA,Mid-South Conference,Georgetown,Kentucky,Michal Bak,OH,Senior,2026
Georgetown College,NAIA,Mid-South Conference,Georgetown,Kentucky,Brandon Gitschier,L,Senior,2026
Georgetown College,NAIA,Mid-South Conference,Georgetown,Kentucky,Ben Meyers,L,Sophomore,2028
Georgetown College,NAIA,Mid-South Conference,Georgetown,Kentucky,Santino Zucchiatti,OPP,Sophomore,2028
Georgetown College,NAIA,Mid-South Conference,Georgetown,Kentucky,Ben Milam,OPP/S,Freshman,2029
Georgetown College,NAIA,Mid-South Conference,Georgetown,Kentucky,Jose Acuna Yepes,OH,Senior,2026
Georgetown College,NAIA,Mid-South Conference,Georgetown,Kentucky,Kristjan Unt,OH,Sophomore,2028
Georgetown College,NAIA,Mid-South Conference,Georgetown,Kentucky,Charlie Nelson,MB,Junior,2027
Georgetown College,NAIA,Mid-South Conference,Georgetown,Kentucky,Zane Hinkle,S,Freshman,2029
Georgetown College,NAIA,Mid-South Conference,Georgetown,Kentucky,Andrew Mayhew,S,Sophomore,2028
Georgetown College,NAIA,Mid-South Conference,Georgetown,Kentucky,Luis Vivius,MB,Freshman,2029
Georgetown College,NAIA,Mid-South Conference,Georgetown,Kentucky,Caden Smith,OH,Freshman,2029
Georgetown College,NAIA,Mid-South Conference,Georgetown,Kentucky,Robin Puss,MB/OPP,Sophomore,2028
Georgetown College,NAIA,Mid-South Conference,Georgetown,Kentucky,Alessandro Bux,MB,Freshman,2029
Georgetown College,NAIA,Mid-South Conference,Georgetown,Kentucky,Adam Szewinski,MB,Junior,2027
Midway University,NAIA,River States Conference,Midway,Kentucky,Gabriel Plata,L/DS,Senior,2026
Midway University,NAIA,River States Conference,Midway,Kentucky,Jordan Daily,S/OPP,Sophomore,2028
Midway University,NAIA,River States Conference,Midway,Kentucky,Braden Cacek,OH,Sophomore,2028
Midway University,NAIA,River States Conference,Midway,Kentucky,Lincoln Anderson,L,Sophomore,2028
Midway University,NAIA,River States Conference,Midway,Kentucky,JT Kimball,MB,Sophomore,2028
Midway University,NAIA,River States Conference,Midway,Kentucky,Hunter Leigh,DS,Senior,2026
Midway University,NAIA,River States Conference,Midway,Kentucky,Noah Turner,OPP/OH,Senior,2026
Midway University,NAIA,River States Conference,Midway,Kentucky,Noah Fichter,S,Sophomore,2028
Midway University,NAIA,River States Conference,Midway,Kentucky,Luke Wallace,OH,Sophomore,2028
Midway University,NAIA,River States Conference,Midway,Kentucky,Jaden Alston,OPP,Graduate Student,2026
Midway University,NAIA,River States Conference,Midway,Kentucky,Justin Comer,DS,Freshman,2029
Midway University,NAIA,River States Conference,Midway,Kentucky,Aiden Huerta,MB,Freshman,2029
Midway University,NAIA,River States Conference,Midway,Kentucky,Tyler Goldfine,OH/OPP,Junior,2027
Midway University,NAIA,River States Conference,Midway,Kentucky,Lars Ketelaars,MB,Freshman,2029
Fisher College,NAIA,Continental Athletic Conference,Boston,Massachusetts,Roberto Brizuela,L/DS,Junior,2027
Fisher College,NAIA,Continental Athletic Conference,Boston,Massachusetts,Taha Sarwar,OH,Junior,2027
Fisher College,NAIA,Continental Athletic Conference,Boston,Massachusetts,Carlos Diaz,S/OH,Senior,2026
Fisher College,NAIA,Continental Athletic Conference,Boston,Massachusetts,Yassine Sbay,S,Junior,2027
Fisher College,NAIA,Continental Athletic Conference,Boston,Massachusetts,Josue Frias,OH,Freshman,2029
Fisher College,NAIA,Continental Athletic Conference,Boston,Massachusetts,Jefferson Umana,OH,Freshman,2029
Fisher College,NAIA,Continental Athletic Conference,Boston,Massachusetts,Thomas Bollentin,OPP,Junior,2027
Fisher College,NAIA,Continental Athletic Conference,Boston,Massachusetts,Leonardo Garcia,L/DS,Junior,2027
Fisher College,NAIA,Continental Athletic Conference,Boston,Massachusetts,Juan Manuel Mercado,L/DS,Junior,2027
Fisher College,NAIA,Continental Athletic Conference,Boston,Massachusetts,Carlos Posado,OH,Freshman,2029
Fisher College,NAIA,Continental Athletic Conference,Boston,Massachusetts,Farley Jean Pierre,OH/MB,Junior,2027
Fisher College,NAIA,Continental Athletic Conference,Boston,Massachusetts,Jose Marte,OPP,Senior,2026
Fisher College,NAIA,Continental Athletic Conference,Boston,Massachusetts,Mark Pierre,S,Sophomore,2028
Fisher College,NAIA,Continental Athletic Conference,Boston,Massachusetts,Owen Novelli,OH,Senior,2026
Fisher College,NAIA,Continental Athletic Conference,Boston,Massachusetts,Joon Young Chang,MB,Freshman,2029
Aquinas College - Michigan,NAIA,Wolverine-Hoosier Athletic Conference,Grand Rapids,Michigan,Gage Dinges,L/DS,Senior,2026
Aquinas College - Michigan,NAIA,Wolverine-Hoosier Athletic Conference,Grand Rapids,Michigan,Ryden Luedtke,S,Sophomore,2028
Aquinas College - Michigan,NAIA,Wolverine-Hoosier Athletic Conference,Grand Rapids,Michigan,Connor Staats,OH,Junior,2027
Aquinas College - Michigan,NAIA,Wolverine-Hoosier Athletic Conference,Grand Rapids,Michigan,Joseph Hodgson,MB,Freshman,2029
Aquinas College - Michigan,NAIA,Wolverine-Hoosier Athletic Conference,Grand Rapids,Michigan,Jayden Sturdevant,OH,Junior,2027
Aquinas College - Michigan,NAIA,Wolverine-Hoosier Athletic Conference,Grand Rapids,Michigan,Zachary Nosky,OPP/MB,Junior,2027
Aquinas College - Michigan,NAIA,Wolverine-Hoosier Athletic Conference,Grand Rapids,Michigan,Garrett Anderson,MB/OPP,Sophomore,2028
Aquinas College - Michigan,NAIA,Wolverine-Hoosier Athletic Conference,Grand Rapids,Michigan,Jonathan Collins,OH,Junior,2027
Aquinas College - Michigan,NAIA,Wolverine-Hoosier Athletic Conference,Grand Rapids,Michigan,Brock Hoffman,MB,Freshman,2029
Aquinas College - Michigan,NAIA,Wolverine-Hoosier Athletic Conference,Grand Rapids,Michigan,Andrew Sliwinski,MB,Senior,2026
Aquinas College - Michigan,NAIA,Wolverine-Hoosier Athletic Conference,Grand Rapids,Michigan,Julian Fira,S,Sophomore,2028
Aquinas College - Michigan,NAIA,Wolverine-Hoosier Athletic Conference,Grand Rapids,Michigan,Dominic Nelson,OH,Junior,2027
Aquinas College - Michigan,NAIA,Wolverine-Hoosier Athletic Conference,Grand Rapids,Michigan,Demetrius Baxter,S/DS,Freshman,2029
Aquinas College - Michigan,NAIA,Wolverine-Hoosier Athletic Conference,Grand Rapids,Michigan,Everett Bleyenberg,S,Senior,2026
Aquinas College - Michigan,NAIA,Wolverine-Hoosier Athletic Conference,Grand Rapids,Michigan,Langston Korte,OH,Freshman,2029
Aquinas College - Michigan,NAIA,Wolverine-Hoosier Athletic Conference,Grand Rapids,Michigan,Alexander Rodriguez,MB,Senior,2026
Aquinas College - Michigan,NAIA,Wolverine-Hoosier Athletic Conference,Grand Rapids,Michigan,Andrew Jones,OH,Junior,2027
Aquinas College - Michigan,NAIA,Wolverine-Hoosier Athletic Conference,Grand Rapids,Michigan,Branden Hubbard,MB,Freshman,2029
Aquinas College - Michigan,NAIA,Wolverine-Hoosier Athletic Conference,Grand Rapids,Michigan,Braylon Amos,OPP/DS,Sophomore,2028
Aquinas College - Michigan,NAIA,Wolverine-Hoosier Athletic Conference,Grand Rapids,Michigan,Tristan DePooter,OPP,Junior,2027
Aquinas College - Michigan,NAIA,Wolverine-Hoosier Athletic Conference,Grand Rapids,Michigan,Colin Ilagan,L/DS,Senior,2026
Cornerstone University,NAIA,Wolverine-Hoosier Athletic Conference,Grand Rapids,Michigan,Carson Kuebler,OH,Freshman,2029
Cornerstone University,NAIA,Wolverine-Hoosier Athletic Conference,Grand Rapids,Michigan,Ryder Roberts,OH,Freshman,2029
Cornerstone University,NAIA,Wolverine-Hoosier Athletic Conference,Grand Rapids,Michigan,Kyle Hortness,S,Sophomore,2028
Cornerstone University,NAIA,Wolverine-Hoosier Athletic Conference,Grand Rapids,Michigan,Jakob Nebo,OH/OPP,Freshman,2029
Cornerstone University,NAIA,Wolverine-Hoosier Athletic Conference,Grand Rapids,Michigan,William Nix,MB,Freshman,2029
Cornerstone University,NAIA,Wolverine-Hoosier Athletic Conference,Grand Rapids,Michigan,Ethan Walker,MB,Graduate Student,2026
Cornerstone University,NAIA,Wolverine-Hoosier Athletic Conference,Grand Rapids,Michigan,Kyle Kuebler,OH/OPP,Junior,2027
Cornerstone University,NAIA,Wolverine-Hoosier Athletic Conference,Grand Rapids,Michigan,Mitchell Carrera,L,Sophomore,2028
Cornerstone University,NAIA,Wolverine-Hoosier Athletic Conference,Grand Rapids,Michigan,JeQuarri Shannon,MB,Freshman,2029
Cornerstone University,NAIA,Wolverine-Hoosier Athletic Conference,Grand Rapids,Michigan,Aidan Bigelow,S,Freshman,2029
Cornerstone University,NAIA,Wolverine-Hoosier Athletic Conference,Grand Rapids,Michigan,Matthew True,OH,Sophomore,2028
Cornerstone University,NAIA,Wolverine-Hoosier Athletic Conference,Grand Rapids,Michigan,Hunter DeYoung,OH,Sophomore,2028
Cornerstone University,NAIA,Wolverine-Hoosier Athletic Conference,Grand Rapids,Michigan,Andrew Galanes,S/OPP,Senior,2026
Cornerstone University,NAIA,Wolverine-Hoosier Athletic Conference,Grand Rapids,Michigan,Patrick Burke,L/DS,Freshman,2029
Cornerstone University,NAIA,Wolverine-Hoosier Athletic Conference,Grand Rapids,Michigan,Braeden Schripsema,MB,Freshman,2029
Cornerstone University,NAIA,Wolverine-Hoosier Athletic Conference,Grand Rapids,Michigan,Elijah Pleune,L/DS,Junior,2027
Cornerstone University,NAIA,Wolverine-Hoosier Athletic Conference,Grand Rapids,Michigan,Josiah Reif,OPP,Junior,2027
Cornerstone University,NAIA,Wolverine-Hoosier Athletic Conference,Grand Rapids,Michigan,Connor Burke,S/DS,Freshman,2029
Lawrence Technological University,NAIA,Wolverine-Hoosier Athletic Conference,Southfield,Michigan,Thomas Tanedo,S,Freshman,2029
Lawrence Technological University,NAIA,Wolverine-Hoosier Athletic Conference,Southfield,Michigan,Max Li,L/OH,Freshman,2029
Lawrence Technological University,NAIA,Wolverine-Hoosier Athletic Conference,Southfield,Michigan,Pol Cupons,L,Senior,2026
Lawrence Technological University,NAIA,Wolverine-Hoosier Athletic Conference,Southfield,Michigan,Yegor Volkov,MB,Freshman,2029
Lawrence Technological University,NAIA,Wolverine-Hoosier Athletic Conference,Southfield,Michigan,Gustavo Machado,OH,Junior,2027
Lawrence Technological University,NAIA,Wolverine-Hoosier Athletic Conference,Southfield,Michigan,Noah Lippman,OPP/OH,Freshman,2029
Lawrence Technological University,NAIA,Wolverine-Hoosier Athletic Conference,Southfield,Michigan,Gabriel Alves,OH,Freshman,2029
Lawrence Technological University,NAIA,Wolverine-Hoosier Athletic Conference,Southfield,Michigan,Elvis Qafarena,OPP,Junior,2027
Lawrence Technological University,NAIA,Wolverine-Hoosier Athletic Conference,Southfield,Michigan,Pedro Aguiar,S,Sophomore,2028
Lawrence Technological University,NAIA,Wolverine-Hoosier Athletic Conference,Southfield,Michigan,Akram Askoul,MB,Senior,2026
Lawrence Technological University,NAIA,Wolverine-Hoosier Athletic Conference,Southfield,Michigan,Andres Vega,OH,Senior,2026
Lawrence Technological University,NAIA,Wolverine-Hoosier Athletic Conference,Southfield,Michigan,Troy Horvath,S,Sophomore,2028
Lawrence Technological University,NAIA,Wolverine-Hoosier Athletic Conference,Southfield,Michigan,Nolan Meyer,MB,Freshman,2029
Lawrence Technological University,NAIA,Wolverine-Hoosier Athletic Conference,Southfield,Michigan,Bru Lamarca,OPP,Freshman,2029
Lawrence Technological University,NAIA,Wolverine-Hoosier Athletic Conference,Southfield,Michigan,Mario Cid,OH,Senior,2026
Lawrence Technological University,NAIA,Wolverine-Hoosier Athletic Conference,Southfield,Michigan,Dyson Twitchell,OPP,Freshman,2029
Lawrence Technological University,NAIA,Wolverine-Hoosier Athletic Conference,Southfield,Michigan,Elijah Cannon,OPP,Freshman,2029
Lawrence Technological University,NAIA,Wolverine-Hoosier Athletic Conference,Southfield,Michigan,Zach Mead,L,Senior,2026
Rochester Christian University,NAIA,Wolverine-Hoosier Athletic Conference,Rochester Hills,Michigan,Jonathan Chow,S,Freshman,2029
Rochester Christian University,NAIA,Wolverine-Hoosier Athletic Conference,Rochester Hills,Michigan,Nehemiah Rosillo,S/DS,Freshman,2029
Rochester Christian University,NAIA,Wolverine-Hoosier Athletic Conference,Rochester Hills,Michigan,Ethan Dinanath,DS,Freshman,2029
Rochester Christian University,NAIA,Wolverine-Hoosier Athletic Conference,Rochester Hills,Michigan,Claudio Arato,OH/DS,Freshman,2029
Rochester Christian University,NAIA,Wolverine-Hoosier Athletic Conference,Rochester Hills,Michigan,Jeremy Lee,DS,Freshman,2029
Rochester Christian University,NAIA,Wolverine-Hoosier Athletic Conference,Rochester Hills,Michigan,Josh Eaton,OH,Freshman,2029
Rochester Christian University,NAIA,Wolverine-Hoosier Athletic Conference,Rochester Hills,Michigan,Bao Nguyen,S,Freshman,2029
Rochester Christian University,NAIA,Wolverine-Hoosier Athletic Conference,Rochester Hills,Michigan,Xander Slate,OPP,Freshman,2029
Rochester Christian University,NAIA,Wolverine-Hoosier Athletic Conference,Rochester Hills,Michigan,Emarian Buchanan,MB,Freshman,2029
Rochester Christian University,NAIA,Wolverine-Hoosier Athletic Conference,Rochester Hills,Michigan,Jailen Tatum,OH,Senior,2026
Rochester Christian University,NAIA,Wolverine-Hoosier Athletic Conference,Rochester Hills,Michigan,Cooper Dutton,OH,Freshman,2029
Siena Heights University,NAIA,Wolverine-Hoosier Athletic Conference,Adrian,Michigan,[FLAG] Program Discontinued - School Closure (May 2026),N/A,N/A,N/A
Avila University,NAIA,Heart of America Athletic Conference,Kansas City,Missouri,Darren Zheng,L/DS,Freshman,2029
Avila University,NAIA,Heart of America Athletic Conference,Kansas City,Missouri,Chase Kreitzer,OPP/S,Freshman,2029
Avila University,NAIA,Heart of America Athletic Conference,Kansas City,Missouri,Trystan Edwards,OH/MB,Freshman,2029
Avila University,NAIA,Heart of America Athletic Conference,Kansas City,Missouri,Kenneth Reyes,OPP/DS,Freshman,2029
Avila University,NAIA,Heart of America Athletic Conference,Kansas City,Missouri,Sebastian Rodriguez,OH/DS,Freshman,2029
Avila University,NAIA,Heart of America Athletic Conference,Kansas City,Missouri,Brady Darr,MB,Junior,2027
Avila University,NAIA,Heart of America Athletic Conference,Kansas City,Missouri,Tristen Hood,MB,Senior,2026
Avila University,NAIA,Heart of America Athletic Conference,Kansas City,Missouri,Sebastian Williams,OH,Freshman,2029
Avila University,NAIA,Heart of America Athletic Conference,Kansas City,Missouri,Matt Cook,OH,Freshman,2029
Avila University,NAIA,Heart of America Athletic Conference,Kansas City,Missouri,Santiago Gonzalez,OPP/S,Freshman,2029
Avila University,NAIA,Heart of America Athletic Conference,Kansas City,Missouri,Rylan Murphy,OH/OPP,Freshman,2029
Avila University,NAIA,Heart of America Athletic Conference,Kansas City,Missouri,Alan Uncal-Ramirez,S,Freshman,2029
Avila University,NAIA,Heart of America Athletic Conference,Kansas City,Missouri,Lucas Strezo,OH/DS,Freshman,2029
Culver-Stockton College,NAIA,Heart of America Athletic Conference,Canton,Missouri,Wyatt McCulloch,L/DS,Junior,2027
Culver-Stockton College,NAIA,Heart of America Athletic Conference,Canton,Missouri,Zach Kowalewicz,OPP,Junior,2027
Culver-Stockton College,NAIA,Heart of America Athletic Conference,Canton,Missouri,Kirvan Hughes,OH/S,Freshman,2029
Culver-Stockton College,NAIA,Heart of America Athletic Conference,Canton,Missouri,Cikeng Lee,L/DS,Senior,2026
Culver-Stockton College,NAIA,Heart of America Athletic Conference,Canton,Missouri,Yadier Alvarez,OH,Junior,2027
Culver-Stockton College,NAIA,Heart of America Athletic Conference,Canton,Missouri,Brooklyn Hollander,L/DS,Sophomore,2028
Culver-Stockton College,NAIA,Heart of America Athletic Conference,Canton,Missouri,Matt Reese,S,Senior,2026
Culver-Stockton College,NAIA,Heart of America Athletic Conference,Canton,Missouri,Kelly Baccay,L/DS,Senior,2026
Culver-Stockton College,NAIA,Heart of America Athletic Conference,Canton,Missouri,Sebastian Schultz,MB,Sophomore,2028
Culver-Stockton College,NAIA,Heart of America Athletic Conference,Canton,Missouri,Jack Laney,OPP,Junior,2027
Culver-Stockton College,NAIA,Heart of America Athletic Conference,Canton,Missouri,Ethan Husk,MB,Freshman,2029
Culver-Stockton College,NAIA,Heart of America Athletic Conference,Canton,Missouri,Malachi Gnade,OH,Senior,2026
Culver-Stockton College,NAIA,Heart of America Athletic Conference,Canton,Missouri,Logan Chase,OH,Sophomore,2028
Culver-Stockton College,NAIA,Heart of America Athletic Conference,Canton,Missouri,Sam Weinman,OH,Freshman,2029
Culver-Stockton College,NAIA,Heart of America Athletic Conference,Canton,Missouri,Aaron Jurenka,OH,Junior,2027
Culver-Stockton College,NAIA,Heart of America Athletic Conference,Canton,Missouri,Cooper Varner,OH,Freshman,2029
Culver-Stockton College,NAIA,Heart of America Athletic Conference,Canton,Missouri,Sebastian Vidro,OH,Freshman,2029
Culver-Stockton College,NAIA,Heart of America Athletic Conference,Canton,Missouri,Rio Victor,OH,Sophomore,2028
Culver-Stockton College,NAIA,Heart of America Athletic Conference,Canton,Missouri,Jacob Pochop,OPP,Freshman,2029
Culver-Stockton College,NAIA,Heart of America Athletic Conference,Canton,Missouri,Henry Reeves,OH,Sophomore,2028
Culver-Stockton College,NAIA,Heart of America Athletic Conference,Canton,Missouri,Riko Davis,OPP,Sophomore,2028
Culver-Stockton College,NAIA,Heart of America Athletic Conference,Canton,Missouri,Drew VonFeldt,MB,Senior,2026
Culver-Stockton College,NAIA,Heart of America Athletic Conference,Canton,Missouri,Clyde Harold,OH,Sophomore,2028
Culver-Stockton College,NAIA,Heart of America Athletic Conference,Canton,Missouri,Will Theismann,MB,Freshman,2029
Culver-Stockton College,NAIA,Heart of America Athletic Conference,Canton,Missouri,Riley Quistorff,OH,Freshman,2029
Culver-Stockton College,NAIA,Heart of America Athletic Conference,Canton,Missouri,Bill Clarke Frederick,MB,Freshman,2029
Culver-Stockton College,NAIA,Heart of America Athletic Conference,Canton,Missouri,Ellis McGrath,OH,Freshman,2029
Culver-Stockton College,NAIA,Heart of America Athletic Conference,Canton,Missouri,Kalon Snyder,DS,Freshman,2029
Culver-Stockton College,NAIA,Heart of America Athletic Conference,Canton,Missouri,Silas Flores,MB,Freshman,2029
Mission University,NAIA,American Midwest Conference,Springfield,Missouri,[FLAG] 2026-27 Inaugural Season; Currently Recruiting,N/A,N/A,N/A
Missouri Baptist University,NAIA,Heart of America Athletic Conference,St. Louis,Missouri,Luka Stepanovic,OPP/OH,Sophomore,2028
Missouri Baptist University,NAIA,Heart of America Athletic Conference,St. Louis,Missouri,AJ Tufuga,MB,Senior,2026
Missouri Baptist University,NAIA,Heart of America Athletic Conference,St. Louis,Missouri,Alex Seyer,L,Senior,2026
Missouri Baptist University,NAIA,Heart of America Athletic Conference,St. Louis,Missouri,Gabe Counts,MB,Senior,2026
Missouri Baptist University,NAIA,Heart of America Athletic Conference,St. Louis,Missouri,Reagan Froemsdorf,L,Senior,2026
Missouri Baptist University,NAIA,Heart of America Athletic Conference,St. Louis,Missouri,Justin McGary,OH,Sophomore,2028
Missouri Baptist University,NAIA,Heart of America Athletic Conference,St. Louis,Missouri,Cruse Aea,L,Graduate Student,2026
Missouri Baptist University,NAIA,Heart of America Athletic Conference,St. Louis,Missouri,Nikos Faoutas,OH,Freshman,2029
Missouri Baptist University,NAIA,Heart of America Athletic Conference,St. Louis,Missouri,Veljko Culibrk,MB/OPP,Senior,2026
Missouri Baptist University,NAIA,Heart of America Athletic Conference,St. Louis,Missouri,Luke Smalley,S,Freshman,2029
Missouri Baptist University,NAIA,Heart of America Athletic Conference,St. Louis,Missouri,Filip Ulic,S,Freshman,2029
Missouri Baptist University,NAIA,Heart of America Athletic Conference,St. Louis,Missouri,Isaac Allgeyer,OH,Sophomore,2028
Missouri Baptist University,NAIA,Heart of America Athletic Conference,St. Louis,Missouri,Josh Kaemmerer,S,Senior,2026
Missouri Baptist University,NAIA,Heart of America Athletic Conference,St. Louis,Missouri,Ethyn Durham,MB,Freshman,2029
Missouri Baptist University,NAIA,Heart of America Athletic Conference,St. Louis,Missouri,Matthew Johnson,L,Freshman,2029
Missouri Baptist University,NAIA,Heart of America Athletic Conference,St. Louis,Missouri,Cooper Worley,OPP,Freshman,2029
Missouri Baptist University,NAIA,Heart of America Athletic Conference,St. Louis,Missouri,Johnathan Kreke,MB,Senior,2026
Missouri Baptist University,NAIA,Heart of America Athletic Conference,St. Louis,Missouri,Axel Griguer,S,Freshman,2029
Missouri Baptist University,NAIA,Heart of America Athletic Conference,St. Louis,Missouri,Marko Jovanovic,OH/L,Senior,2026
Missouri Baptist University,NAIA,Heart of America Athletic Conference,St. Louis,Missouri,Kory Kretzer,OPP/OH,Senior,2026
Missouri Valley College,NAIA,Heart of America Athletic Conference,Marshall,Missouri,Bernardo Wolf Roese,L,Sophomore,2028
Missouri Valley College,NAIA,Heart of America Athletic Conference,Marshall,Missouri,Thales Thomas,L,Junior,2027
Missouri Valley College,NAIA,Heart of America Athletic Conference,Marshall,Missouri,Pietro Polidoro,L,Sophomore,2028
Missouri Valley College,NAIA,Heart of America Athletic Conference,Marshall,Missouri,Eduardo Vieira,L,Freshman,2029
Missouri Valley College,NAIA,Heart of America Athletic Conference,Marshall,Missouri,Jaxson Gonzales,MB,Junior,2027
Missouri Valley College,NAIA,Heart of America Athletic Conference,Marshall,Missouri,Martin Tseyera,MB,Sophomore,2028
Missouri Valley College,NAIA,Heart of America Athletic Conference,Marshall,Missouri,Arthur Martineli,MB,Senior,2026
Missouri Valley College,NAIA,Heart of America Athletic Conference,Marshall,Missouri,Joao Tavares,MB,Junior,2027
Missouri Valley College,NAIA,Heart of America Athletic Conference,Marshall,Missouri,Pedro Berti,MB,Senior,2026
Missouri Valley College,NAIA,Heart of America Athletic Conference,Marshall,Missouri,Loan Fargier,OH,Freshman,2029
Missouri Valley College,NAIA,Heart of America Athletic Conference,Marshall,Missouri,Pierro Porras,OH,Junior,2027
Missouri Valley College,NAIA,Heart of America Athletic Conference,Marshall,Missouri,Timothee Carpentier,OH,Freshman,2029
Missouri Valley College,NAIA,Heart of America Athletic Conference,Marshall,Missouri,Frederico Baptista,OH,Junior,2027
Missouri Valley College,NAIA,Heart of America Athletic Conference,Marshall,Missouri,Stefan Randovanovic,OH,Freshman,2029
Missouri Valley College,NAIA,Heart of America Athletic Conference,Marshall,Missouri,Davi Azevedo,OH,Junior,2027
Missouri Valley College,NAIA,Heart of America Athletic Conference,Marshall,Missouri,Andrey Bastos,OH,Junior,2027
Missouri Valley College,NAIA,Heart of America Athletic Conference,Marshall,Missouri,Bart Mulder,OH,Freshman,2029
Missouri Valley College,NAIA,Heart of America Athletic Conference,Marshall,Missouri,Vasil Stoimenov,OPP,Senior,2026
Missouri Valley College,NAIA,Heart of America Athletic Conference,Marshall,Missouri,Guilherme Lorenzini,OPP,Sophomore,2028
Missouri Valley College,NAIA,Heart of America Athletic Conference,Marshall,Missouri,Luca Hasse,OPP,Senior,2026
Missouri Valley College,NAIA,Heart of America Athletic Conference,Marshall,Missouri,Leonardo Poiatti,S,Freshman,2029
Missouri Valley College,NAIA,Heart of America Athletic Conference,Marshall,Missouri,Alberto Fontanabona,S,Freshman,2029
Missouri Valley College,NAIA,Heart of America Athletic Conference,Marshall,Missouri,Leonardo Goncalves,S,Sophomore,2028
Park University,NAIA,Heart of America Athletic Conference,Parkville,Missouri,Leonardo Maldonado,OH/OPP,Junior,2027
Park University,NAIA,Heart of America Athletic Conference,Parkville,Missouri,Josiah Johnson,MB,Sophomore,2028
Park University,NAIA,Heart of America Athletic Conference,Parkville,Missouri,Umberto Caleca,S,Senior,2026
Park University,NAIA,Heart of America Athletic Conference,Parkville,Missouri,Adrian Figueroa,OPP,Sophomore,2028
Park University,NAIA,Heart of America Athletic Conference,Parkville,Missouri,Alessandro Gozzi,L,Sophomore,2028
Park University,NAIA,Heart of America Athletic Conference,Parkville,Missouri,Haris Delic,MB,Junior,2027
Park University,NAIA,Heart of America Athletic Conference,Parkville,Missouri,Avram Bozovic,S,Sophomore,2028
Park University,NAIA,Heart of America Athletic Conference,Parkville,Missouri,Alessandro Tolin,MB/OPP,Junior,2027
Park University,NAIA,Heart of America Athletic Conference,Parkville,Missouri,Murillo Silva,MB,Freshman,2029
Park University,NAIA,Heart of America Athletic Conference,Parkville,Missouri,Rodrigo Macedo,L/OH,Sophomore,2028
Park University,NAIA,Heart of America Athletic Conference,Parkville,Missouri,Ljubisa Novakovic,OH,Senior,2026
Park University,NAIA,Heart of America Athletic Conference,Parkville,Missouri,Mihailo Ivanovic,MB,Senior,2026
Park University,NAIA,Heart of America Athletic Conference,Parkville,Missouri,Giovanni Gomes,OH,Freshman,2029
Park University,NAIA,Heart of America Athletic Conference,Parkville,Missouri,Moises Ortiz,MB,Sophomore,2028
Park University,NAIA,Heart of America Athletic Conference,Parkville,Missouri,Kaabeche Abdelmouaiz,OH,Freshman,2029
Park University,NAIA,Heart of America Athletic Conference,Parkville,Missouri,Ignacio Pedemonte,OH,Junior,2027
Park University,NAIA,Heart of America Athletic Conference,Parkville,Missouri,Jovan Nikolic,S,Junior,2027
Park University,NAIA,Heart of America Athletic Conference,Parkville,Missouri,Vernon Castillo,S,Freshman,2029
Park University,NAIA,Heart of America Athletic Conference,Parkville,Missouri,Sam Morgan,L,Freshman,2029
Park University,NAIA,Heart of America Athletic Conference,Parkville,Missouri,Felipe Machado,L,Freshman,2029
Park University,NAIA,Heart of America Athletic Conference,Parkville,Missouri,Veljko Stojic,OH,Senior,2026
University of Health Sciences and Pharmacy in St. Louis,NAIA,American Midwest Conference,St. Louis,Missouri,Zachary Gavrick,OH,Sophomore,2028
University of Health Sciences and Pharmacy in St. Louis,NAIA,American Midwest Conference,St. Louis,Missouri,Sylvan Block,L,Freshman,2029
University of Health Sciences and Pharmacy in St. Louis,NAIA,American Midwest Conference,St. Louis,Missouri,Dickson Colado,OH,Junior,2027
University of Health Sciences and Pharmacy in St. Louis,NAIA,American Midwest Conference,St. Louis,Missouri,Nolan Rausch,S,Freshman,2029
University of Health Sciences and Pharmacy in St. Louis,NAIA,American Midwest Conference,St. Louis,Missouri,Austin Ewens,OH,Freshman,2029
University of Health Sciences and Pharmacy in St. Louis,NAIA,American Midwest Conference,St. Louis,Missouri,Blake Sheinin,MB,Freshman,2029
University of Health Sciences and Pharmacy in St. Louis,NAIA,American Midwest Conference,St. Louis,Missouri,Aidan VanCleef,OH,Sophomore,2028
University of Health Sciences and Pharmacy in St. Louis,NAIA,American Midwest Conference,St. Louis,Missouri,David Quiñones,OH,Sophomore,2028
University of Health Sciences and Pharmacy in St. Louis,NAIA,American Midwest Conference,St. Louis,Missouri,Cooper Hansen,OH,Junior,2027
University of Health Sciences and Pharmacy in St. Louis,NAIA,American Midwest Conference,St. Louis,Missouri,Jackson Brincks,OH,Junior,2027
University of Health Sciences and Pharmacy in St. Louis,NAIA,American Midwest Conference,St. Louis,Missouri,Cameron Werner,MB,Junior,2027
University of Health Sciences and Pharmacy in St. Louis,NAIA,American Midwest Conference,St. Louis,Missouri,Yeriel Rios,OH,Freshman,2029
University of Health Sciences and Pharmacy in St. Louis,NAIA,American Midwest Conference,St. Louis,Missouri,Preston Coburn,MB,Sophomore,2028
University of Health Sciences and Pharmacy in St. Louis,NAIA,American Midwest Conference,St. Louis,Missouri,Maxwell McVickers,MB,Freshman,2029
University of Health Sciences and Pharmacy in St. Louis,NAIA,American Midwest Conference,St. Louis,Missouri,RJ Dilks,S,Junior,2027
University of Health Sciences and Pharmacy in St. Louis,NAIA,American Midwest Conference,St. Louis,Missouri,Zacchery Zrebiec,L,Sophomore,2028
University of Health Sciences and Pharmacy in St. Louis,NAIA,American Midwest Conference,St. Louis,Missouri,Ashton VanCura,OH,Freshman,2029
University of Health Sciences and Pharmacy in St. Louis,NAIA,American Midwest Conference,St. Louis,Missouri,Grant Hoover,OH,Junior,2027
University of Health Sciences and Pharmacy in St. Louis,NAIA,American Midwest Conference,St. Louis,Missouri,Gabriel Schneekloth,S,Freshman,2029
University of Health Sciences and Pharmacy in St. Louis,NAIA,American Midwest Conference,St. Louis,Missouri,Xander Quenzer,MB,Sophomore,2028
University of Health Sciences and Pharmacy in St. Louis,NAIA,American Midwest Conference,St. Louis,Missouri,Xavier Gamayo,L,Junior,2027
University of Health Sciences and Pharmacy in St. Louis,NAIA,American Midwest Conference,St. Louis,Missouri,Gavin Schlatter,OH,Freshman,2029
Hastings College,NAIA,Great Plains Athletic Conference,Hastings,Nebraska,Diego Cobena,OH,Freshman,2029
Hastings College,NAIA,Great Plains Athletic Conference,Hastings,Nebraska,Nicolas Pardo,L,Sophomore,2028
Hastings College,NAIA,Great Plains Athletic Conference,Hastings,Nebraska,Taven Johnson,MB,Freshman,2029
Hastings College,NAIA,Great Plains Athletic Conference,Hastings,Nebraska,Jeremy Fernandez,OH/DS,Freshman,2029
Hastings College,NAIA,Great Plains Athletic Conference,Hastings,Nebraska,Christian Lafferty,OPP,Freshman,2029
Hastings College,NAIA,Great Plains Athletic Conference,Hastings,Nebraska,Lopaki Laban,L,Freshman,2029
Hastings College,NAIA,Great Plains Athletic Conference,Hastings,Nebraska,Wyat Lambertson,MB,Senior,2026
Hastings College,NAIA,Great Plains Athletic Conference,Hastings,Nebraska,Aleksa Pljevaljcic,S,Junior,2027
Hastings College,NAIA,Great Plains Athletic Conference,Hastings,Nebraska,Cooper Turner,MB,Freshman,2029
Hastings College,NAIA,Great Plains Athletic Conference,Hastings,Nebraska,Seth Hill,OH,Freshman,2029
Hastings College,NAIA,Great Plains Athletic Conference,Hastings,Nebraska,Austin McLeroy,MB,Junior,2027
Carolina University,NAIA,Continental Athletic Conference,Winston-Salem,North Carolina,Josh Moss,DS/L,Sophomore,2028
Carolina University,NAIA,Continental Athletic Conference,Winston-Salem,North Carolina,Makoa Nichols,OH/L,Freshman,2029
Carolina University,NAIA,Continental Athletic Conference,Winston-Salem,North Carolina,Isaiah Miclisse,OH,Freshman,2029
Carolina University,NAIA,Continental Athletic Conference,Winston-Salem,North Carolina,Sam Gruver,OH,Freshman,2029
Carolina University,NAIA,Continental Athletic Conference,Winston-Salem,North Carolina,Kai Jamerson,S,Sophomore,2028
Carolina University,NAIA,Continental Athletic Conference,Winston-Salem,North Carolina,Keona Puchalski,MB/OPP,Freshman,2029
Carolina University,NAIA,Continental Athletic Conference,Winston-Salem,North Carolina,Ruben Ordonez,DS/L,Sophomore,2028
Carolina University,NAIA,Continental Athletic Conference,Winston-Salem,North Carolina,Fritz Hall,MB/OH,Senior,2026
Carolina University,NAIA,Continental Athletic Conference,Winston-Salem,North Carolina,Logan Hall,OH,Freshman,2029
Carolina University,NAIA,Continental Athletic Conference,Winston-Salem,North Carolina,Jayonie Pace,OH,Freshman,2029
Carolina University,NAIA,Continental Athletic Conference,Winston-Salem,North Carolina,Carlos Ferrera,OPP,Freshman,2029
Carolina University,NAIA,Continental Athletic Conference,Winston-Salem,North Carolina,Jacob Grenier-Richie,S,Freshman,2029
Defiance College,NAIA,Heart of America Athletic Conference,Defiance,Ohio,Braydan Ingram,OH,Freshman,2029
Defiance College,NAIA,Heart of America Athletic Conference,Defiance,Ohio,Kaden Burgeson,MB,Freshman,2029
Defiance College,NAIA,Heart of America Athletic Conference,Defiance,Ohio,Te'Shaun Brown,OH,Freshman,2029
Defiance College,NAIA,Heart of America Athletic Conference,Defiance,Ohio,Thaddeus Setla,OH,Freshman,2029
Defiance College,NAIA,Heart of America Athletic Conference,Defiance,Ohio,Philippe Meny,OH,Sophomore,2028
Defiance College,NAIA,Heart of America Athletic Conference,Defiance,Ohio,Vladimir Solovey,S,Freshman,2029
Defiance College,NAIA,Heart of America Athletic Conference,Defiance,Ohio,Oniel Alvarez,DS/L,Graduate Student,2026
Defiance College,NAIA,Heart of America Athletic Conference,Defiance,Ohio,Zack Baker,OH,Freshman,2029
Defiance College,NAIA,Heart of America Athletic Conference,Defiance,Ohio,Jack Rodriguez,OH,Freshman,2029
Defiance College,NAIA,Heart of America Athletic Conference,Defiance,Ohio,Matthew Schulte,OH/OPP,Freshman,2029
Defiance College,NAIA,Heart of America Athletic Conference,Defiance,Ohio,Channing Williams,OPP,Junior,2027
Defiance College,NAIA,Heart of America Athletic Conference,Defiance,Ohio,Kameron Engle,S,Freshman,2029
Defiance College,NAIA,Heart of America Athletic Conference,Defiance,Ohio,Tristan Lazor,MB,Freshman,2029
Defiance College,NAIA,Heart of America Athletic Conference,Defiance,Ohio,Adam Sutton,S/DS,Freshman,2029
Defiance College,NAIA,Heart of America Athletic Conference,Defiance,Ohio,Trent Glass,DS/L,Freshman,2029
Defiance College,NAIA,Heart of America Athletic Conference,Defiance,Ohio,Joshua Blair,MB,Freshman,2029
Defiance College,NAIA,Heart of America Athletic Conference,Defiance,Ohio,Lucas Hummel,S,Freshman,2029
Defiance College,NAIA,Heart of America Athletic Conference,Defiance,Ohio,Zander Culbertson,OPP,Freshman,2029
Defiance College,NAIA,Heart of America Athletic Conference,Defiance,Ohio,Quinn Silverman,MB/OPP,Junior,2027
Defiance College,NAIA,Heart of America Athletic Conference,Defiance,Ohio,Zion Estores,DS/L,Freshman,2029
Defiance College,NAIA,Heart of America Athletic Conference,Defiance,Ohio,Isaac Brosch,MB,Freshman,2029
Defiance College,NAIA,Heart of America Athletic Conference,Defiance,Ohio,Billy Bottcher,MB,Junior,2027
Defiance College,NAIA,Heart of America Athletic Conference,Defiance,Ohio,Trent Cottrell,DS/L,Freshman,2029
Defiance College,NAIA,Heart of America Athletic Conference,Defiance,Ohio,Maguire Gross,DS/L,Freshman,2029
Defiance College,NAIA,Heart of America Athletic Conference,Defiance,Ohio,Jose Moreno De Los Santos,OH,Graduate Student,2026
Lourdes University,NAIA,Wolverine-Hoosier Athletic Conference,Sylvania,Ohio,Brayden Moyars,DS,Junior,2027
Lourdes University,NAIA,Wolverine-Hoosier Athletic Conference,Sylvania,Ohio,Nahya Scott,DS,Freshman,2029
Lourdes University,NAIA,Wolverine-Hoosier Athletic Conference,Sylvania,Ohio,Juan Diego Vargas Mendoza,OH,Sophomore,2028
Lourdes University,NAIA,Wolverine-Hoosier Athletic Conference,Sylvania,Ohio,Joey Bianco,S,Senior,2026
Lourdes University,NAIA,Wolverine-Hoosier Athletic Conference,Sylvania,Ohio,Felipe Tramontin,OH,Sophomore,2028
Lourdes University,NAIA,Wolverine-Hoosier Athletic Conference,Sylvania,Ohio,Trace Bauersfeld,MB,Senior,2026
Lourdes University,NAIA,Wolverine-Hoosier Athletic Conference,Sylvania,Ohio,Daniel Nascimento,S,Sophomore,2028
Lourdes University,NAIA,Wolverine-Hoosier Athletic Conference,Sylvania,Ohio,Jack McMurray,OH,Junior,2027
Lourdes University,NAIA,Wolverine-Hoosier Athletic Conference,Sylvania,Ohio,Tsimafei Lesko,OH,Freshman,2029
Lourdes University,NAIA,Wolverine-Hoosier Athletic Conference,Sylvania,Ohio,Ben Palma,MB,Senior,2026
Lourdes University,NAIA,Wolverine-Hoosier Athletic Conference,Sylvania,Ohio,Evaristo Lopez Valeros,S,Sophomore,2028
Lourdes University,NAIA,Wolverine-Hoosier Athletic Conference,Sylvania,Ohio,Cheick Oumar Diakite,OH,Senior,2026
Lourdes University,NAIA,Wolverine-Hoosier Athletic Conference,Sylvania,Ohio,Daniel De La Rosa,MB,Senior,2026
Lourdes University,NAIA,Wolverine-Hoosier Athletic Conference,Sylvania,Ohio,Jaber Badarne,OH,Senior,2026
Mount Vernon Nazarene University,NAIA,Crossroads League,Mount Vernon,Ohio,Tyler Monnin,DS,Junior,2027
Mount Vernon Nazarene University,NAIA,Crossroads League,Mount Vernon,Ohio,Ethan Cline,OH,Junior,2027
Mount Vernon Nazarene University,NAIA,Crossroads League,Mount Vernon,Ohio,Jackson Bush,OH,Senior,2026
Mount Vernon Nazarene University,NAIA,Crossroads League,Mount Vernon,Ohio,Hayvin Larison,MB,Junior,2027
Mount Vernon Nazarene University,NAIA,Crossroads League,Mount Vernon,Ohio,Austin Kolaczkowski,OH,Junior,2027
Mount Vernon Nazarene University,NAIA,Crossroads League,Mount Vernon,Ohio,Jaxson Snell,S,Freshman,2029
Mount Vernon Nazarene University,NAIA,Crossroads League,Mount Vernon,Ohio,Tommy Tierney,OH,Freshman,2029
Mount Vernon Nazarene University,NAIA,Crossroads League,Mount Vernon,Ohio,Josiah Pletcher,OH,Sophomore,2028
Mount Vernon Nazarene University,NAIA,Crossroads League,Mount Vernon,Ohio,Xander Devault,OH,Junior,2027
Mount Vernon Nazarene University,NAIA,Crossroads League,Mount Vernon,Ohio,Noah Wineberg,OPP,Senior,2026
Mount Vernon Nazarene University,NAIA,Crossroads League,Mount Vernon,Ohio,Christian Kyer,OH,Sophomore,2028
Mount Vernon Nazarene University,NAIA,Crossroads League,Mount Vernon,Ohio,Elisha Thao,L,Freshman,2029
Mount Vernon Nazarene University,NAIA,Crossroads League,Mount Vernon,Ohio,Tyler Shields,S,Sophomore,2028
University of Rio Grande,NAIA,River States Conference,Rio Grande,Ohio,Camilo Murillo,S,Sophomore,2028
University of Rio Grande,NAIA,River States Conference,Rio Grande,Ohio,Cam Griffith,MB,Senior,2026
University of Rio Grande,NAIA,River States Conference,Rio Grande,Ohio,Michael Vargo,S,Sophomore,2028
University of Rio Grande,NAIA,River States Conference,Rio Grande,Ohio,An Nguyen,OH,Junior,2027
University of Rio Grande,NAIA,River States Conference,Rio Grande,Ohio,Jasprit Singh,OPP,Freshman,2029
University of Rio Grande,NAIA,River States Conference,Rio Grande,Ohio,Mitch Bartecki,S,Senior,2026
University of Rio Grande,NAIA,River States Conference,Rio Grande,Ohio,Anjal Gurung,MB,Freshman,2029
University of Rio Grande,NAIA,River States Conference,Rio Grande,Ohio,Josef Iten,MB,Senior,2026
University of Rio Grande,NAIA,River States Conference,Rio Grande,Ohio,Sterling Jackson,OPP,Junior,2027
University of Rio Grande,NAIA,River States Conference,Rio Grande,Ohio,Daniel Rivas,OH,Sophomore,2028
University of Rio Grande,NAIA,River States Conference,Rio Grande,Ohio,Otavio Tonoli,OH,Junior,2027
University of Rio Grande,NAIA,River States Conference,Rio Grande,Ohio,Camilo Andres Cortes,OH,Freshman,2029
University of Rio Grande,NAIA,River States Conference,Rio Grande,Ohio,Logan Nevels,OH,Freshman,2029
University of Rio Grande,NAIA,River States Conference,Rio Grande,Ohio,Samael Beltran,MB,Freshman,2029
University of Rio Grande,NAIA,River States Conference,Rio Grande,Ohio,Saymon Saavedra,OH,Freshman,2029
University of Rio Grande,NAIA,River States Conference,Rio Grande,Ohio,Thomas Lhoste,OH,Sophomore,2028
University of Rio Grande,NAIA,River States Conference,Rio Grande,Ohio,Juan Pabon,MB,Sophomore,2028
University of Rio Grande,NAIA,River States Conference,Rio Grande,Ohio,Aevin Dotter,OH,Sophomore,2028
University of Rio Grande,NAIA,River States Conference,Rio Grande,Ohio,Zach Moore,S,Sophomore,2028
University of Rio Grande,NAIA,River States Conference,Rio Grande,Ohio,Rodrigo Goursand,L,Freshman,2029
Oklahoma Wesleyan University,NAIA,Kansas Collegiate Athletic Conference,Bartlesville,Oklahoma,[FLAG] 2026-27 Inaugural Season; Currently Recruiting,N/A,N/A,N/A
Penn State Schuylkill,NAIA,Penn State University Athletic Conference,Schuylkill Haven,Pennsylvania,Ashton Owens,OH,Junior,2027
Penn State Schuylkill,NAIA,Penn State University Athletic Conference,Schuylkill Haven,Pennsylvania,Reno Plesnarski,OH,Sophomore,2028
Penn State Schuylkill,NAIA,Penn State University Athletic Conference,Schuylkill Haven,Pennsylvania,Kadre Williams,S,Freshman,2029
Penn State Schuylkill,NAIA,Penn State University Athletic Conference,Schuylkill Haven,Pennsylvania,Jeremiah Miller,OH,Sophomore,2028
Penn State Schuylkill,NAIA,Penn State University Athletic Conference,Schuylkill Haven,Pennsylvania,David Hauer III,N/A,Freshman,2029
Penn State Schuylkill,NAIA,Penn State University Athletic Conference,Schuylkill Haven,Pennsylvania,Bryce Hensley,MB,Senior,2026
Penn State Schuylkill,NAIA,Penn State University Athletic Conference,Schuylkill Haven,Pennsylvania,Michael Merianos,OH,Sophomore,2028
Penn State Schuylkill,NAIA,Penn State University Athletic Conference,Schuylkill Haven,Pennsylvania,Austin Fries,MB,Freshman,2029
Penn State Schuylkill,NAIA,Penn State University Athletic Conference,Schuylkill Haven,Pennsylvania,David Imeogu,L,Sophomore,2028
Penn State Schuylkill,NAIA,Penn State University Athletic Conference,Schuylkill Haven,Pennsylvania,Zach Fisher,MB,Junior,2027
Spartanburg Methodist College,NAIA,Appalachian Athletic Conference,Spartanburg,South Carolina,[FLAG] 2026-27 Inaugural Season; Currently Recruiting,N/A,N/A,N/A
Cumberland University,NAIA,Mid-South Conference,Lebanon,Tennessee,Alexander Heuer,DS/S/L,Junior,2027
Cumberland University,NAIA,Mid-South Conference,Lebanon,Tennessee,Zendai Richards,OH,Junior,2027
Cumberland University,NAIA,Mid-South Conference,Lebanon,Tennessee,Jakob Mersch,S,Freshman,2029
Cumberland University,NAIA,Mid-South Conference,Lebanon,Tennessee,JP Silva,MB,Sophomore,2028
Cumberland University,NAIA,Mid-South Conference,Lebanon,Tennessee,Austin Kuehler,S,Freshman,2029
Cumberland University,NAIA,Mid-South Conference,Lebanon,Tennessee,Audi Sethman,OPP,Sophomore,2028
Cumberland University,NAIA,Mid-South Conference,Lebanon,Tennessee,Joao Infante,OH,Senior,2026
Cumberland University,NAIA,Mid-South Conference,Lebanon,Tennessee,Frederick Amegbletor,MB,Sophomore,2028
Cumberland University,NAIA,Mid-South Conference,Lebanon,Tennessee,Mason Bryan,MB,Freshman,2029
Cumberland University,NAIA,Mid-South Conference,Lebanon,Tennessee,Richard Mejias,DS/OH,Freshman,2029
Cumberland University,NAIA,Mid-South Conference,Lebanon,Tennessee,Preston Harris,S/OPP,Freshman,2029
Cumberland University,NAIA,Mid-South Conference,Lebanon,Tennessee,Carlos Ramos,OH/DS,Junior,2027
Cumberland University,NAIA,Mid-South Conference,Lebanon,Tennessee,Pedro Fabricio,OPP,Freshman,2029
Cumberland University,NAIA,Mid-South Conference,Lebanon,Tennessee,Nage Hendrickson,OH,Senior,2026
Cumberland University,NAIA,Mid-South Conference,Lebanon,Tennessee,Francesco Corradini,MB,Graduate Student,2026
Cumberland University,NAIA,Mid-South Conference,Lebanon,Tennessee,Abdallah Roshdy,S,Sophomore,2028
Cumberland University,NAIA,Mid-South Conference,Lebanon,Tennessee,Grant Douglas,N/A,Senior,2026
Milligan University,NAIA,Appalachian Athletic Conference,Milligan,Tennessee,Caeden Limiero,MB,Freshman,2029
Milligan University,NAIA,Appalachian Athletic Conference,Milligan,Tennessee,Chandler McCready,DS,Senior,2026
Milligan University,NAIA,Appalachian Athletic Conference,Milligan,Tennessee,Carlos Rios,S,Freshman,2029
Milligan University,NAIA,Appalachian Athletic Conference,Milligan,Tennessee,Andy Achey,OH/OPP,Freshman,2029
Milligan University,NAIA,Appalachian Athletic Conference,Milligan,Tennessee,Jack Emmert,OH/DS,Senior,2026
Milligan University,NAIA,Appalachian Athletic Conference,Milligan,Tennessee,Connor Mullins,MB/OH,Freshman,2029
Milligan University,NAIA,Appalachian Athletic Conference,Milligan,Tennessee,Nickolas Cymeck,OH/OPP,Sophomore,2028
Bluefield University,NAIA,Appalachian Athletic Conference,Bluefield,Virginia,Jadyn McCrory,OH,Freshman,2029
Bluefield University,NAIA,Appalachian Athletic Conference,Bluefield,Virginia,Benedict Somes,DS,Junior,2027
Bluefield University,NAIA,Appalachian Athletic Conference,Bluefield,Virginia,Cesar Bitanga,DS,Junior,2027
Bluefield University,NAIA,Appalachian Athletic Conference,Bluefield,Virginia,Kemani Riley,MB,Senior,2026
Bluefield University,NAIA,Appalachian Athletic Conference,Bluefield,Virginia,Kaden Porter,OPP,Freshman,2029
Bluefield University,NAIA,Appalachian Athletic Conference,Bluefield,Virginia,Zach Malavite,S/DS,Freshman,2029
Bluefield University,NAIA,Appalachian Athletic Conference,Bluefield,Virginia,Imanol Catalan,DS,Sophomore,2028
Bluefield University,NAIA,Appalachian Athletic Conference,Bluefield,Virginia,Nate Gooden,S/DS,Junior,2027
Bluefield University,NAIA,Appalachian Athletic Conference,Bluefield,Virginia,Owen Karcher,OH,Freshman,2029
Bluefield University,NAIA,Appalachian Athletic Conference,Bluefield,Virginia,Mason Lloyd,OH/OPP,Junior,2027
Bluefield University,NAIA,Appalachian Athletic Conference,Bluefield,Virginia,Mamadou Dieng,MB,Junior,2027
Bluefield University,NAIA,Appalachian Athletic Conference,Bluefield,Virginia,Kari Williams,OH/OPP,Sophomore,2028
Bluefield University,NAIA,Appalachian Athletic Conference,Bluefield,Virginia,Jamareous Ryan,MB,Freshman,2029
Bluefield University,NAIA,Appalachian Athletic Conference,Bluefield,Virginia,Zaire Davis,OH/OPP/DS,Sophomore,2028
Bluefield University,NAIA,Appalachian Athletic Conference,Bluefield,Virginia,Jonathon Rudder,OH/OPP/DS,Sophomore,2028
Bluefield University,NAIA,Appalachian Athletic Conference,Bluefield,Virginia,Richard Cisneros,MB,Sophomore,2028
Bluefield University,NAIA,Appalachian Athletic Conference,Bluefield,Virginia,Waynne Palma,N/A,Sophomore,2028
Viterbo University,NAIA,Chicagoland Collegiate Athletic Conference,La Crosse,Wisconsin,Ethan Davis,OH/OPP,Junior,2027
Viterbo University,NAIA,Chicagoland Collegiate Athletic Conference,La Crosse,Wisconsin,Noah Diedrich,OH/OPP,Junior,2027
Viterbo University,NAIA,Chicagoland Collegiate Athletic Conference,La Crosse,Wisconsin,Riley Connors,OH/OPP,Junior,2027
Viterbo University,NAIA,Chicagoland Collegiate Athletic Conference,La Crosse,Wisconsin,Logan Amdur,S,Senior,2026
Viterbo University,NAIA,Chicagoland Collegiate Athletic Conference,La Crosse,Wisconsin,Owen Collitt,MB,Junior,2027
Viterbo University,NAIA,Chicagoland Collegiate Athletic Conference,La Crosse,Wisconsin,Malachi Krestel,S,Freshman,2029
Viterbo University,NAIA,Chicagoland Collegiate Athletic Conference,La Crosse,Wisconsin,Daxton Marschall,DS/S,Senior,2026
Viterbo University,NAIA,Chicagoland Collegiate Athletic Conference,La Crosse,Wisconsin,Ben Sendelbach,DS,Freshman,2029
Viterbo University,NAIA,Chicagoland Collegiate Athletic Conference,La Crosse,Wisconsin,Max Dugan,DS,Junior,2027
Viterbo University,NAIA,Chicagoland Collegiate Athletic Conference,La Crosse,Wisconsin,Caleb Koza,OH/OPP,Senior,2026
Viterbo University,NAIA,Chicagoland Collegiate Athletic Conference,La Crosse,Wisconsin,Leo Kangas,DS,Freshman,2029
Viterbo University,NAIA,Chicagoland Collegiate Athletic Conference,La Crosse,Wisconsin,Styrk Myhre,MB,Sophomore,2028
Viterbo University,NAIA,Chicagoland Collegiate Athletic Conference,La Crosse,Wisconsin,Roman Rzeszutko,S,Sophomore,2028
Viterbo University,NAIA,Chicagoland Collegiate Athletic Conference,La Crosse,Wisconsin,Brody Dunlap,OH/OPP,Freshman,2029
Viterbo University,NAIA,Chicagoland Collegiate Athletic Conference,La Crosse,Wisconsin,Justin Kratzenstein,MB,Senior,2026